District,KDG_District,Original Groundnut Production Value,Perturbation,Factor,New Groundnut Production Values,Percentage Change,Change,Initial Stress,Initial Stability,Stress,Stability
BENGALURU,Bengaluru Urban,71.0,10,TotalNPK,75,5.633802816901409,4.0,0.03568355814801312,0.9643164418519868,0.035378880206466415,0.9646211197935336
BENGALURU(R),Bengaluru Rural,206.0,10,TotalNPK,212,2.912621359223301,6.0,0.16460517681370762,0.8353948231862924,0.16543981647429923,0.8345601835257008
RAMANAGARA,Ramanagara,4830.0,10,TotalNPK,4873,0.8902691511387164,43.0,0.07478235508567264,0.9252176449143273,0.0755495017563983,0.9244504982436017
CHITRADURGA,Chitradurga,68575.0,10,TotalNPK,69745,1.7061611374407581,1170.0,0.6908377688662048,0.30916223113379515,0.6880091762850383,0.3119908237149617
DAVANAGERE,Davanagere,16592.0,10,TotalNPK,16897,1.8382352941176472,305.0,0.09081540891967432,0.9091845910803257,0.09299830334313094,0.907001696656869
KOLAR,Kolar,5810.0,10,TotalNPK,6120,5.335628227194492,310.0,0.031221290557783443,0.9687787094422166,0.033414581690443756,0.9665854183095562
CHIKKABALLAPURA,Chikkaballapura,7132.0,10,TotalNPK,7367,3.295008412787437,235.0,0.11785636164783082,0.8821436383521691,0.11732740698257937,0.8826725930174206
SHIVAMOGGA,Shivamogga,248.0,10,TotalNPK,252,1.6129032258064515,4.0,0.13129566168428727,0.8687043383157127,0.1320065954548713,0.8679934045451287
TUMAKURU,Tumakuru,39626.0,10,TotalNPK,40318,1.7463281683742997,692.0,0.39828758918806306,0.6017124108119369,0.3980090738711428,0.6019909261288572
CHIKKAMAGALURU,Chikkamagaluru,3909.0,10,TotalNPK,4130,5.653619851624456,221.0,0.21211811884797666,0.7878818811520234,0.20992595475354098,0.790074045246459
DAKSHINA KANNADA,Dakshina Kannada,0.0,10,TotalNPK,0,,0.0,0.02952242070725483,0.9704775792927451,0.029984228260090326,0.9700157717399097
UDUPI,Udupi,3623.0,10,TotalNPK,3655,0.883245928788297,32.0,0.023733138899015675,0.9762668611009844,0.022739981360671013,0.977260018639329
HASSAN,Hassan,521.0,10,TotalNPK,532,2.111324376199616,11.0,0.10607607242678335,0.8939239275732167,0.10651420651420651,0.8934857934857935
KODAGU,Kodagu,45.0,10,TotalNPK,48,6.666666666666667,3.0,0.012424352898286549,0.9875756471017134,0.012445336583267618,0.9875546634167324
MANDYA,Mandya,1021.0,10,TotalNPK,1053,3.1341821743388834,32.0,0.14847685016405396,0.851523149835946,0.148331780055918,0.851668219944082
MYSURU,Mysuru,2170.0,10,TotalNPK,2216,2.1198156682027647,46.0,0.006467371491068172,0.9935326285089319,0.006530934117141014,0.993469065882859
CHAMARAJANAGAR,Chamarajanagara,8867.0,10,TotalNPK,9053,2.0976655012969436,186.0,0.09031474055170738,0.9096852594482926,0.09088823571582193,0.9091117642841781
BELAGAVI,Belagavi,39530.0,10,TotalNPK,40938,3.561851758158361,1408.0,0.2576536638716733,0.7423463361283267,0.2655645565990393,0.7344354434009607
VIJAYAPURA,Vijayapura,27528.0,10,TotalNPK,28067,1.9580063934902643,539.0,0.032545388261028096,0.967454611738972,0.024586708724639805,0.9754132912753601
BAGALKOT,Bagalkote,25444.0,10,TotalNPK,26431,3.879107058638579,987.0,0.0819832300401021,0.9180167699598979,0.078494515735895,0.9215054842641051
DHARAWAD,Dharwad,21178.0,10,TotalNPK,21819,3.026725847577675,641.0,0.030200510390083868,0.9697994896099161,0.029192056778263642,0.9708079432217364
GADAG,Gadag,31332.0,10,TotalNPK,31870,1.7170943444401887,538.0,0.08125410134888805,0.9187458986511119,0.07580881373984816,0.9241911862601518
HAVERI,Haveri,18309.0,10,TotalNPK,18718,2.233874051013163,409.0,0.0189802614447164,0.9810197385552836,0.01810677672746641,0.9818932232725336
UTTARA KANNADA,Uttara Kannada,3825.0,10,TotalNPK,3894,1.803921568627451,69.0,0.18596573095151295,0.8140342690484871,0.1890085310774966,0.8109914689225034
BALLARI,Ballari,22938.5,10,TotalNPK,23727,3.4374523181550667,788.5,0.11273787823550857,0.8872621217644914,0.10962588203967516,0.8903741179603248
BIDAR,Bidar,261.0,10,TotalNPK,270,3.4482758620689653,9.0,0.04160408312067079,0.9583959168793292,0.04169474514302101,0.958305254856979
KALABURAGI,Kalaburagi,3114.0,10,TotalNPK,3178,2.0552344251766215,64.0,0.24246931583424478,0.7575306841657552,0.2489210696107248,0.7510789303892752
YADGIRI,Yadgir,31435.0,10,TotalNPK,33280,5.869254016223954,1845.0,0.17841779074006564,0.8215822092599343,0.19433173226276673,0.8056682677372333
RAICHUR,Raichur,26958.0,10,TotalNPK,27934,3.620446620669189,976.0,0.007400656215822088,0.9925993437841779,0.00732382249623631,0.9926761775037637
KOPPAL,Koppal,29982.0,10,TotalNPK,30719,2.4581415515976253,737.0,0.0592023332118119,0.9407976667881881,0.057082228116710876,0.9429177718832891
VIJAYANAGARA,Vijayanagara,22938.5,10,TotalNPK,23727,3.4374523181550667,788.5,0.12175841536031112,0.8782415846396889,0.1178435730159868,0.8821564269840132
BENGALURU,Bengaluru Urban,71.0,10,AreaUnderOilSeeds_GroundNut,73,2.8169014084507045,2.0,0.03568355814801312,0.9643164418519868,0.03497425681457892,0.9650257431854211
BENGALURU(R),Bengaluru Rural,206.0,10,AreaUnderOilSeeds_GroundNut,210,1.9417475728155338,4.0,0.16460517681370762,0.8353948231862924,0.16585345323438225,0.8341465467656177
RAMANAGARA,Ramanagara,4830.0,10,AreaUnderOilSeeds_GroundNut,4922,1.9047619047619049,92.0,0.07478235508567264,0.9252176449143273,0.07681429834037122,0.9231857016596288
CHITRADURGA,Chitradurga,68575.0,10,AreaUnderOilSeeds_GroundNut,71281,3.9460444768501644,2706.0,0.6908377688662048,0.30916223113379515,0.6880206506642723,0.3119793493357277
DAVANAGERE,Davanagere,16592.0,10,AreaUnderOilSeeds_GroundNut,17019,2.5735294117647056,427.0,0.09081540891967432,0.9091845910803257,0.09578756377342257,0.9042124362265774
KOLAR,Kolar,5810.0,10,AreaUnderOilSeeds_GroundNut,6050,4.130808950086059,240.0,0.031221290557783443,0.9687787094422166,0.02954504005274898,0.9704549599472511
CHIKKABALLAPURA,Chikkaballapura,7132.0,10,AreaUnderOilSeeds_GroundNut,7678,7.655636567582726,546.0,0.11785636164783082,0.8821436383521691,0.11533695281117458,0.8846630471888254
SHIVAMOGGA,Shivamogga,248.0,10,AreaUnderOilSeeds_GroundNut,260,4.838709677419355,12.0,0.13129566168428727,0.8687043383157127,0.12948471542206197,0.870515284577938
TUMAKURU,Tumakuru,39626.0,10,AreaUnderOilSeeds_GroundNut,41438,4.572755261696866,1812.0,0.39828758918806306,0.6017124108119369,0.40142734890283327,0.5985726510971667
CHIKKAMAGALURU,Chikkamagaluru,3909.0,10,AreaUnderOilSeeds_GroundNut,4072,4.169864415451522,163.0,0.21211811884797666,0.7878818811520234,0.21186170628518522,0.7881382937148148
DAKSHINA KANNADA,Dakshina Kannada,0.0,10,AreaUnderOilSeeds_GroundNut,0,,0.0,0.02952242070725483,0.9704775792927451,0.029236402407373633,0.9707635975926263
UDUPI,Udupi,3623.0,10,AreaUnderOilSeeds_GroundNut,3673,1.3800717637317141,50.0,0.023733138899015675,0.9762668611009844,0.02273046113270016,0.9772695388672998
HASSAN,Hassan,521.0,10,AreaUnderOilSeeds_GroundNut,545,4.606525911708253,24.0,0.10607607242678335,0.8939239275732167,0.10657585237767896,0.893424147622321
KODAGU,Kodagu,45.0,10,AreaUnderOilSeeds_GroundNut,46,2.2222222222222223,1.0,0.012424352898286549,0.9875756471017134,0.012359534798894515,0.9876404652011055
MANDYA,Mandya,1021.0,10,AreaUnderOilSeeds_GroundNut,1059,3.721841332027424,38.0,0.14847685016405396,0.851523149835946,0.1488559363645291,0.8511440636354709
MYSURU,Mysuru,2170.0,10,AreaUnderOilSeeds_GroundNut,2236,3.0414746543778803,66.0,0.006467371491068172,0.9935326285089319,0.0067093615409435925,0.9932906384590564
CHAMARAJANAGAR,Chamarajanagara,8867.0,10,AreaUnderOilSeeds_GroundNut,9207,3.8344423141987147,340.0,0.09031474055170738,0.9096852594482926,0.09073946774035158,0.9092605322596484
BELAGAVI,Belagavi,39530.0,10,AreaUnderOilSeeds_GroundNut,40577,2.6486213002782697,1047.0,0.2576536638716733,0.7423463361283267,0.25233091567177796,0.7476690843282221
VIJAYAPURA,Vijayapura,27528.0,10,AreaUnderOilSeeds_GroundNut,28221,2.51743679163034,693.0,0.032545388261028096,0.967454611738972,0.029862095088452723,0.9701379049115473
BAGALKOT,Bagalkote,25444.0,10,AreaUnderOilSeeds_GroundNut,26180,2.892626945448829,736.0,0.0819832300401021,0.9180167699598979,0.08123062246601476,0.9187693775339852
DHARAWAD,Dharwad,21178.0,10,AreaUnderOilSeeds_GroundNut,22189,4.773821890641231,1011.0,0.030200510390083868,0.9697994896099161,0.02451564933151895,0.975484350668481
GADAG,Gadag,31332.0,10,AreaUnderOilSeeds_GroundNut,32484,3.6767522022213712,1152.0,0.08125410134888805,0.9187458986511119,0.08090515003998261,0.9190948499600173
HAVERI,Haveri,18309.0,10,AreaUnderOilSeeds_GroundNut,18806,2.7145119886394666,497.0,0.0189802614447164,0.9810197385552836,0.014327600823300951,0.985672399176699
UTTARA KANNADA,Uttara Kannada,3825.0,10,AreaUnderOilSeeds_GroundNut,3879,1.411764705882353,54.0,0.18596573095151295,0.8140342690484871,0.18549122487058262,0.8145087751294173
BALLARI,Ballari,22938.5,10,AreaUnderOilSeeds_GroundNut,24331,6.070580029208536,1392.5,0.11273787823550857,0.8872621217644914,0.10456202514394736,0.8954379748560526
BIDAR,Bidar,261.0,10,AreaUnderOilSeeds_GroundNut,269,3.065134099616858,8.0,0.04160408312067079,0.9583959168793292,0.041399531431938384,0.9586004685680616
KALABURAGI,Kalaburagi,3114.0,10,AreaUnderOilSeeds_GroundNut,3220,3.4039820166987798,106.0,0.24246931583424478,0.7575306841657552,0.2401341170858995,0.7598658829141005
YADGIRI,Yadgir,31435.0,10,AreaUnderOilSeeds_GroundNut,32521,3.4547478924765387,1086.0,0.17841779074006564,0.8215822092599343,0.17843932230655196,0.8215606776934481
RAICHUR,Raichur,26958.0,10,AreaUnderOilSeeds_GroundNut,27964,3.7317308405668075,1006.0,0.007400656215822088,0.9925993437841779,0.005718213829772334,0.9942817861702277
KOPPAL,Koppal,29982.0,10,AreaUnderOilSeeds_GroundNut,30605,2.077913414715496,623.0,0.0592023332118119,0.9407976667881881,0.049760805824834164,0.9502391941751658
VIJAYANAGARA,Vijayanagara,22938.5,10,AreaUnderOilSeeds_GroundNut,24331,6.070580029208536,1392.5,0.12175841536031112,0.8782415846396889,0.11349447959484288,0.8865055204051571
BENGALURU,Bengaluru Urban,71.0,10,LivestockCensus_2012_Sheep,71,0.0,0.0,0.03568355814801312,0.9643164418519868,0.035378646357235234,0.9646213536427648
BENGALURU(R),Bengaluru Rural,206.0,10,LivestockCensus_2012_Sheep,207,0.48543689320388345,1.0,0.16460517681370762,0.8353948231862924,0.16504095416008047,0.8349590458399195
RAMANAGARA,Ramanagara,4830.0,10,LivestockCensus_2012_Sheep,4859,0.6004140786749482,29.0,0.07478235508567264,0.9252176449143273,0.07522345164535135,0.9247765483546486
CHITRADURGA,Chitradurga,68575.0,10,LivestockCensus_2012_Sheep,69590,1.4801312431644185,1015.0,0.6908377688662048,0.30916223113379515,0.6915533841069119,0.3084466158930881
DAVANAGERE,Davanagere,16592.0,10,LivestockCensus_2012_Sheep,16626,0.20491803278688525,34.0,0.09081540891967432,0.9091845910803257,0.0931120371700915,0.9068879628299085
KOLAR,Kolar,5810.0,10,LivestockCensus_2012_Sheep,6016,3.545611015490534,206.0,0.031221290557783443,0.9687787094422166,0.03286391722948699,0.967136082770513
CHIKKABALLAPURA,Chikkaballapura,7132.0,10,LivestockCensus_2012_Sheep,7251,1.6685361749859788,119.0,0.11785636164783082,0.8821436383521691,0.11847487665852376,0.8815251233414763
SHIVAMOGGA,Shivamogga,248.0,10,LivestockCensus_2012_Sheep,248,0.0,0.0,0.13129566168428727,0.8687043383157127,0.12965655985055324,0.8703434401494468
TUMAKURU,Tumakuru,39626.0,10,LivestockCensus_2012_Sheep,40264,1.6100540049462475,638.0,0.39828758918806306,0.6017124108119369,0.3992260792806849,0.6007739207193151
CHIKKAMAGALURU,Chikkamagaluru,3909.0,10,LivestockCensus_2012_Sheep,3918,0.23023791250959325,9.0,0.21211811884797666,0.7878818811520234,0.21235809742779133,0.7876419025722087
DAKSHINA KANNADA,Dakshina Kannada,0.0,10,LivestockCensus_2012_Sheep,0,,0.0,0.02952242070725483,0.9704775792927451,0.029124155769507117,0.9708758442304929
UDUPI,Udupi,3623.0,10,LivestockCensus_2012_Sheep,3623,0.0,0.0,0.023733138899015675,0.9762668611009844,0.02335464865641615,0.9766453513435839
HASSAN,Hassan,521.0,10,LivestockCensus_2012_Sheep,521,0.0,0.0,0.10607607242678335,0.8939239275732167,0.10610480433012406,0.893895195669876
KODAGU,Kodagu,45.0,10,LivestockCensus_2012_Sheep,45,0.0,0.0,0.012424352898286549,0.9875756471017134,0.012267088183168079,0.9877329118168319
MANDYA,Mandya,1021.0,10,LivestockCensus_2012_Sheep,1027,0.5876591576885406,6.0,0.14847685016405396,0.851523149835946,0.14825118551516023,0.8517488144848397
MYSURU,Mysuru,2170.0,10,LivestockCensus_2012_Sheep,2175,0.2304147465437788,5.0,0.006467371491068172,0.9935326285089319,0.00644129903721799,0.993558700962782
CHAMARAJANAGAR,Chamarajanagara,8867.0,10,LivestockCensus_2012_Sheep,8900,0.37216645990752223,33.0,0.09031474055170738,0.9096852594482926,0.0892800689754275,0.9107199310245725
BELAGAVI,Belagavi,39530.0,10,LivestockCensus_2012_Sheep,39734,0.5160637490513534,204.0,0.2576536638716733,0.7423463361283267,0.2550366431958615,0.7449633568041385
VIJAYAPURA,Vijayapura,27528.0,10,LivestockCensus_2012_Sheep,27629,0.3668991572217379,101.0,0.032545388261028096,0.967454611738972,0.030717057048426533,0.9692829429515735
BAGALKOT,Bagalkote,25444.0,10,LivestockCensus_2012_Sheep,25726,1.1083163024681655,282.0,0.0819832300401021,0.9180167699598979,0.07921253053599653,0.9207874694640035
DHARAWAD,Dharwad,21178.0,10,LivestockCensus_2012_Sheep,21220,0.19831901029370103,42.0,0.030200510390083868,0.9697994896099161,0.030791061934186015,0.969208938065814
GADAG,Gadag,31332.0,10,LivestockCensus_2012_Sheep,31530,0.6319417847567982,198.0,0.08125410134888805,0.9187458986511119,0.08003818282593966,0.9199618171740603
HAVERI,Haveri,18309.0,10,LivestockCensus_2012_Sheep,18362,0.2894751215249331,53.0,0.0189802614447164,0.9810197385552836,0.017590786853611956,0.9824092131463881
UTTARA KANNADA,Uttara Kannada,3825.0,10,LivestockCensus_2012_Sheep,3825,0.0,0.0,0.18596573095151295,0.8140342690484871,0.18411265986492312,0.8158873401350769
BALLARI,Ballari,22938.5,10,LivestockCensus_2012_Sheep,23258,1.39285480741984,319.5,0.11273787823550857,0.8872621217644914,0.11056391517664688,0.8894360848233531
BIDAR,Bidar,261.0,10,LivestockCensus_2012_Sheep,262,0.38314176245210724,1.0,0.04160408312067079,0.9583959168793292,0.04102600948412128,0.9589739905158787
KALABURAGI,Kalaburagi,3114.0,10,LivestockCensus_2012_Sheep,3117,0.09633911368015415,3.0,0.24246931583424478,0.7575306841657552,0.24085836087560472,0.7591416391243953
YADGIRI,Yadgir,31435.0,10,LivestockCensus_2012_Sheep,31744,0.9829807539366948,309.0,0.17841779074006564,0.8215822092599343,0.1789050150883748,0.8210949849116251
RAICHUR,Raichur,26958.0,10,LivestockCensus_2012_Sheep,27136,0.6602863713925365,178.0,0.007400656215822088,0.9925993437841779,0.008162092254634268,0.9918379077453657
KOPPAL,Koppal,29982.0,10,LivestockCensus_2012_Sheep,30163,0.6036955506637316,181.0,0.0592023332118119,0.9407976667881881,0.05721224313838197,0.9427877568616181
VIJAYANAGARA,Vijayanagara,22938.5,10,LivestockCensus_2012_Sheep,23258,1.39285480741984,319.5,0.12175841536031112,0.8782415846396889,0.11970350146093783,0.8802964985390622
BENGALURU,Bengaluru Urban,71.0,10,MotorVehicles_Tractors,76,7.042253521126761,5.0,0.03568355814801312,0.9643164418519868,0.03593646971130415,0.9640635302886958
BENGALURU(R),Bengaluru Rural,206.0,10,MotorVehicles_Tractors,206,0.0,0.0,0.16460517681370762,0.8353948231862924,0.1667469395946217,0.8332530604053783
RAMANAGARA,Ramanagara,4830.0,10,MotorVehicles_Tractors,4960,2.691511387163561,130.0,0.07478235508567264,0.9252176449143273,0.07455921561881827,0.9254407843811817
CHITRADURGA,Chitradurga,68575.0,10,MotorVehicles_Tractors,69762,1.7309515129420343,1187.0,0.6908377688662048,0.30916223113379515,0.6891058169203864,0.3108941830796136
DAVANAGERE,Davanagere,16592.0,10,MotorVehicles_Tractors,16786,1.16923818707811,194.0,0.09081540891967432,0.9091845910803257,0.09290396873178325,0.9070960312682168
KOLAR,Kolar,5810.0,10,MotorVehicles_Tractors,6271,7.934595524956971,461.0,0.031221290557783443,0.9687787094422166,0.03597230583985551,0.9640276941601444
CHIKKABALLAPURA,Chikkaballapura,7132.0,10,MotorVehicles_Tractors,7317,2.593942793045429,185.0,0.11785636164783082,0.8821436383521691,0.1199076861328517,0.8800923138671483
SHIVAMOGGA,Shivamogga,248.0,10,MotorVehicles_Tractors,251,1.2096774193548387,3.0,0.13129566168428727,0.8687043383157127,0.13066139158854392,0.869338608411456
TUMAKURU,Tumakuru,39626.0,10,MotorVehicles_Tractors,40569,2.3797506687528394,943.0,0.39828758918806306,0.6017124108119369,0.40170661883055453,0.5982933811694455
CHIKKAMAGALURU,Chikkamagaluru,3909.0,10,MotorVehicles_Tractors,4010,2.5837810181632133,101.0,0.21211811884797666,0.7878818811520234,0.21193076869519636,0.7880692313048037
DAKSHINA KANNADA,Dakshina Kannada,0.0,10,MotorVehicles_Tractors,0,,0.0,0.02952242070725483,0.9704775792927451,0.02956838966772742,0.9704316103322725
UDUPI,Udupi,3623.0,10,MotorVehicles_Tractors,3667,1.2144631520839084,44.0,0.023733138899015675,0.9762668611009844,0.0234404116854448,0.9765595883145552
HASSAN,Hassan,521.0,10,MotorVehicles_Tractors,528,1.3435700575815739,7.0,0.10607607242678335,0.8939239275732167,0.10676538325544949,0.8932346167445505
KODAGU,Kodagu,45.0,10,MotorVehicles_Tractors,46,2.2222222222222223,1.0,0.012424352898286549,0.9875756471017134,0.012370631575929589,0.9876293684240705
MANDYA,Mandya,1021.0,10,MotorVehicles_Tractors,1033,1.1753183153770812,12.0,0.14847685016405396,0.851523149835946,0.14911843123763655,0.8508815687623634
MYSURU,Mysuru,2170.0,10,MotorVehicles_Tractors,2199,1.336405529953917,29.0,0.006467371491068172,0.9935326285089319,0.0062139846908058835,0.9937860153091941
CHAMARAJANAGAR,Chamarajanagara,8867.0,10,MotorVehicles_Tractors,8923,0.6315552046915529,56.0,0.09031474055170738,0.9096852594482926,0.08876370134648282,0.9112362986535172
BELAGAVI,Belagavi,39530.0,10,MotorVehicles_Tractors,40241,1.79863394889957,711.0,0.2576536638716733,0.7423463361283267,0.2553825865084143,0.7446174134915857
VIJAYAPURA,Vijayapura,27528.0,10,MotorVehicles_Tractors,28011,1.7545771578029643,483.0,0.032545388261028096,0.967454611738972,0.03287749777816007,0.9671225022218399
BAGALKOT,Bagalkote,25444.0,10,MotorVehicles_Tractors,25993,2.1576796101241946,549.0,0.0819832300401021,0.9180167699598979,0.08188125340443225,0.9181187465955678
DHARAWAD,Dharwad,21178.0,10,MotorVehicles_Tractors,21658,2.2665029747851544,480.0,0.030200510390083868,0.9697994896099161,0.0307258966199363,0.9692741033800637
GADAG,Gadag,31332.0,10,MotorVehicles_Tractors,32597,4.037405847057322,1265.0,0.08125410134888805,0.9187458986511119,0.09093161647560893,0.9090683835243911
HAVERI,Haveri,18309.0,10,MotorVehicles_Tractors,18502,1.0541263859304169,193.0,0.0189802614447164,0.9810197385552836,0.014903733919817197,0.9850962660801827
UTTARA KANNADA,Uttara Kannada,3825.0,10,MotorVehicles_Tractors,3866,1.0718954248366013,41.0,0.18596573095151295,0.8140342690484871,0.18631633267394854,0.8136836673260515
BALLARI,Ballari,22938.5,10,MotorVehicles_Tractors,23539,2.617869520674848,600.5,0.11273787823550857,0.8872621217644914,0.11076435390531886,0.8892356460946811
BIDAR,Bidar,261.0,10,MotorVehicles_Tractors,265,1.532567049808429,4.0,0.04160408312067079,0.9583959168793292,0.04138356125111092,0.9586164387488891
KALABURAGI,Kalaburagi,3114.0,10,MotorVehicles_Tractors,3152,1.220295439948619,38.0,0.24246931583424478,0.7575306841657552,0.24199420888162607,0.758005791118374
YADGIRI,Yadgir,31435.0,10,MotorVehicles_Tractors,31826,1.2438364879910928,391.0,0.17841779074006564,0.8215822092599343,0.17650487849163343,0.8234951215083666
RAICHUR,Raichur,26958.0,10,MotorVehicles_Tractors,27375,1.5468506565768974,417.0,0.007400656215822088,0.9925993437841779,0.008015825234368279,0.9919841747656317
KOPPAL,Koppal,29982.0,10,MotorVehicles_Tractors,30302,1.067307050897205,320.0,0.0592023332118119,0.9407976667881881,0.05294286287663774,0.9470571371233623
VIJAYANAGARA,Vijayanagara,22938.5,10,MotorVehicles_Tractors,23539,2.617869520674848,600.5,0.12175841536031112,0.8782415846396889,0.12006058694800414,0.8799394130519959
BENGALURU,Bengaluru Urban,71.0,-10,TotalNPK,66,-7.042253521126761,-5.0,0.03568355814801312,0.9643164418519868,0.03599934721974957,0.9640006527802505
BENGALURU(R),Bengaluru Rural,206.0,-10,TotalNPK,199,-3.3980582524271843,-7.0,0.16460517681370762,0.8353948231862924,0.16374399145451307,0.8362560085454869
RAMANAGARA,Ramanagara,4830.0,-10,TotalNPK,4786,-0.9109730848861284,-44.0,0.07478235508567264,0.9252176449143273,0.0739896742033114,0.9260103257966886
CHITRADURGA,Chitradurga,68575.0,-10,TotalNPK,67404,-1.7076193948231864,-1171.0,0.6908377688662048,0.30916223113379515,0.6937748501572607,0.3062251498427393
DAVANAGERE,Davanagere,16592.0,-10,TotalNPK,16286,-1.8442622950819672,-306.0,0.09081540891967432,0.9091845910803257,0.08855804798923902,0.911441952010761
KOLAR,Kolar,5810.0,-10,TotalNPK,5499,-5.352839931153184,-311.0,0.031221290557783443,0.9687787094422166,0.028952287698059465,0.9710477123019405
CHIKKABALLAPURA,Chikkaballapura,7132.0,-10,TotalNPK,6896,-3.3090297251822767,-236.0,0.11785636164783082,0.8821436383521691,0.11840543587917629,0.8815945641208237
SHIVAMOGGA,Shivamogga,248.0,-10,TotalNPK,243,-2.0161290322580645,-5.0,0.13129566168428727,0.8687043383157127,0.1305619844519613,0.8694380155480387
TUMAKURU,Tumakuru,39626.0,-10,TotalNPK,38933,-1.7488517639933376,-693.0,0.39828758918806306,0.6017124108119369,0.39858168654679244,0.6014183134532076
CHIKKAMAGALURU,Chikkamagaluru,3909.0,-10,TotalNPK,3687,-5.6792018419033,-222.0,0.21211811884797666,0.7878818811520234,0.2143916851055893,0.7856083148944106
DAKSHINA KANNADA,Dakshina Kannada,0.0,-10,TotalNPK,0,,0.0,0.02952242070725483,0.9704775792927451,0.029030176250667616,0.9709698237493324
UDUPI,Udupi,3623.0,-10,TotalNPK,3590,-0.9108473640629312,-33.0,0.023733138899015675,0.9762668611009844,0.02475743279330604,0.975242567206694
HASSAN,Hassan,521.0,-10,TotalNPK,509,-2.3032629558541267,-12.0,0.10607607242678335,0.8939239275732167,0.10562676794651159,0.8943732320534884
KODAGU,Kodagu,45.0,-10,TotalNPK,41,-8.88888888888889,-4.0,0.012424352898286549,0.9875756471017134,0.012407770063102092,0.9875922299368979
MANDYA,Mandya,1021.0,-10,TotalNPK,988,-3.232125367286973,-33.0,0.14847685016405396,0.851523149835946,0.1486291614740965,0.8513708385259036
MYSURU,Mysuru,2170.0,-10,TotalNPK,2123,-2.165898617511521,-47.0,0.006467371491068172,0.9935326285089319,0.006401697228651117,0.9935983027713489
CHAMARAJANAGAR,Chamarajanagara,8867.0,-10,TotalNPK,8680,-2.108943272809293,-187.0,0.09031474055170738,0.9096852594482926,0.08972266729966569,0.9102773327003343
BELAGAVI,Belagavi,39530.0,-10,TotalNPK,38121,-3.5643814824184163,-1409.0,0.2576536638716733,0.7423463361283267,0.2494718414337428,0.7505281585662572
VIJAYAPURA,Vijayapura,27528.0,-10,TotalNPK,26988,-1.9616390584132521,-540.0,0.032545388261028096,0.967454611738972,0.04078096255415109,0.9592190374458489
BAGALKOT,Bagalkote,25444.0,-10,TotalNPK,24456,-3.8830372582927217,-988.0,0.0819832300401021,0.9180167699598979,0.08559432674618722,0.9144056732538128
DHARAWAD,Dharwad,21178.0,-10,TotalNPK,20536,-3.0314477287751442,-642.0,0.030200510390083868,0.9697994896099161,0.031244436531956632,0.9687555634680434
GADAG,Gadag,31332.0,-10,TotalNPK,30793,-1.7202859696157282,-539.0,0.08125410134888805,0.9187458986511119,0.08688971404833962,0.9131102859516604
HAVERI,Haveri,18309.0,-10,TotalNPK,17899,-2.2393358457589163,-410.0,0.0189802614447164,0.9810197385552836,0.019884364641352376,0.9801156353586477
UTTARA KANNADA,Uttara Kannada,3825.0,-10,TotalNPK,3755,-1.8300653594771243,-70.0,0.18596573095151295,0.8140342690484871,0.18282001068185866,0.8171799893181413
BALLARI,Ballari,22938.5,-10,TotalNPK,22149,-3.441811801120387,-789.5,0.11273787823550857,0.8872621217644914,0.11595962935646043,0.8840403706435396
BIDAR,Bidar,261.0,-10,TotalNPK,251,-3.8314176245210727,-10.0,0.04160408312067079,0.9583959168793292,0.04151088956145036,0.9584891104385497
KALABURAGI,Kalaburagi,3114.0,-10,TotalNPK,3049,-2.0873474630700066,-65.0,0.24246931583424478,0.7575306841657552,0.23579708424821474,0.7642029157517852
YADGIRI,Yadgir,31435.0,-10,TotalNPK,29589,-5.8724351837124225,-1846.0,0.17841779074006564,0.8215822092599343,0.16195379107075747,0.8380462089292425
RAICHUR,Raichur,26958.0,-10,TotalNPK,25981,-3.6241560946657767,-977.0,0.007400656215822088,0.9925993437841779,0.0074802682333393045,0.9925197317666608
KOPPAL,Koppal,29982.0,-10,TotalNPK,29244,-2.461476886131679,-738.0,0.0592023332118119,0.9407976667881881,0.06139694973592075,0.9386030502640792
VIJAYANAGARA,Vijayanagara,22938.5,-10,TotalNPK,22149,-3.441811801120387,-789.5,0.12175841536031112,0.8782415846396889,0.12581103000811034,0.8741889699918897
BENGALURU,Bengaluru Urban,71.0,-10,AreaUnderOilSeeds_GroundNut,68,-4.225352112676056,-3.0,0.03568355814801312,0.9643164418519868,0.036451691261310495,0.9635483087386895
BENGALURU(R),Bengaluru Rural,206.0,-10,AreaUnderOilSeeds_GroundNut,201,-2.4271844660194173,-5.0,0.16460517681370762,0.8353948231862924,0.1632568166636303,0.8367431833363697
RAMANAGARA,Ramanagara,4830.0,-10,AreaUnderOilSeeds_GroundNut,4737,-1.9254658385093166,-93.0,0.07478235508567264,0.9252176449143273,0.07258456306552502,0.9274154369344749
CHITRADURGA,Chitradurga,68575.0,-10,AreaUnderOilSeeds_GroundNut,65868,-3.947502734232592,-2707.0,0.6908377688662048,0.30916223113379515,0.6938968846784478,0.3061031153215522
DAVANAGERE,Davanagere,16592.0,-10,AreaUnderOilSeeds_GroundNut,16164,-2.5795564127290262,-428.0,0.09081540891967432,0.9091845910803257,0.08543602356227609,0.9145639764377239
KOLAR,Kolar,5810.0,-10,AreaUnderOilSeeds_GroundNut,5569,-4.148020654044751,-241.0,0.031221290557783443,0.9687787094422166,0.033035768506710396,0.9669642314932896
CHIKKABALLAPURA,Chikkaballapura,7132.0,-10,AreaUnderOilSeeds_GroundNut,6585,-7.669657879977566,-547.0,0.11785636164783082,0.8821436383521691,0.12058460355053544,0.8794153964494645
SHIVAMOGGA,Shivamogga,248.0,-10,AreaUnderOilSeeds_GroundNut,235,-5.241935483870968,-13.0,0.13129566168428727,0.8687043383157127,0.13325742393878667,0.8667425760612133
TUMAKURU,Tumakuru,39626.0,-10,AreaUnderOilSeeds_GroundNut,37813,-4.575278857315904,-1813.0,0.39828758918806306,0.6017124108119369,0.394895852310682,0.605104147689318
CHIKKAMAGALURU,Chikkamagaluru,3909.0,-10,AreaUnderOilSeeds_GroundNut,3745,-4.195446405730366,-164.0,0.21211811884797666,0.7878818811520234,0.2124009924611127,0.7875990075388873
DAKSHINA KANNADA,Dakshina Kannada,0.0,-10,AreaUnderOilSeeds_GroundNut,0,,0.0,0.02952242070725483,0.9704775792927451,0.02981721017793162,0.9701827898220684
UDUPI,Udupi,3623.0,-10,AreaUnderOilSeeds_GroundNut,3572,-1.4076731990063482,-51.0,0.023733138899015675,0.9762668611009844,0.024814781077306124,0.9751852189226938
HASSAN,Hassan,521.0,-10,AreaUnderOilSeeds_GroundNut,496,-4.798464491362764,-25.0,0.10607607242678335,0.8939239275732167,0.10553936155138562,0.8944606384486143
KODAGU,Kodagu,45.0,-10,AreaUnderOilSeeds_GroundNut,43,-4.444444444444445,-2.0,0.012424352898286549,0.9875756471017134,0.012499746968684845,0.9875002530313152
MANDYA,Mandya,1021.0,-10,AreaUnderOilSeeds_GroundNut,982,-3.819784524975514,-39.0,0.14847685016405396,0.851523149835946,0.14806886500273275,0.8519311349972672
MYSURU,Mysuru,2170.0,-10,AreaUnderOilSeeds_GroundNut,2103,-3.087557603686636,-67.0,0.006467371491068172,0.9935326285089319,0.006205593004190199,0.9937944069958098
CHAMARAJANAGAR,Chamarajanagara,8867.0,-10,AreaUnderOilSeeds_GroundNut,8526,-3.8457200857110636,-341.0,0.09031474055170738,0.9096852594482926,0.08985648063804377,0.9101435193619563
BELAGAVI,Belagavi,39530.0,-10,AreaUnderOilSeeds_GroundNut,38482,-2.651151024538325,-1048.0,0.2576536638716733,0.7423463361283267,0.2634177445800693,0.7365822554199307
VIJAYAPURA,Vijayapura,27528.0,-10,AreaUnderOilSeeds_GroundNut,26834,-2.5210694565533274,-694.0,0.032545388261028096,0.967454611738972,0.035449687253294504,0.9645503127467054
BAGALKOT,Bagalkote,25444.0,-10,AreaUnderOilSeeds_GroundNut,24707,-2.8965571451029715,-737.0,0.0819832300401021,0.9180167699598979,0.08279893119572479,0.9172010688042752
DHARAWAD,Dharwad,21178.0,-10,AreaUnderOilSeeds_GroundNut,20166,-4.7785437718387005,-1012.0,0.030200510390083868,0.9697994896099161,0.036353009048399776,0.9636469909516002
GADAG,Gadag,31332.0,-10,AreaUnderOilSeeds_GroundNut,30179,-3.6799438273969107,-1153.0,0.08125410134888805,0.9187458986511119,0.08163296289548794,0.9183670371045121
HAVERI,Haveri,18309.0,-10,AreaUnderOilSeeds_GroundNut,17811,-2.7199737833852202,-498.0,0.0189802614447164,0.9810197385552836,0.024015563594721928,0.9759844364052781
UTTARA KANNADA,Uttara Kannada,3825.0,-10,AreaUnderOilSeeds_GroundNut,3770,-1.4379084967320261,-55.0,0.18596573095151295,0.8140342690484871,0.18648205501912912,0.8135179449808709
BALLARI,Ballari,22938.5,-10,AreaUnderOilSeeds_GroundNut,21545,-6.074939512173856,-1393.5,0.11273787823550857,0.8872621217644914,0.12158733050516618,0.8784126694948338
BIDAR,Bidar,261.0,-10,AreaUnderOilSeeds_GroundNut,252,-3.4482758620689653,-9.0,0.04160408312067079,0.9583959168793292,0.04182607639521467,0.9581739236047854
KALABURAGI,Kalaburagi,3114.0,-10,AreaUnderOilSeeds_GroundNut,3007,-3.4360950545921645,-107.0,0.24246931583424478,0.7575306841657552,0.24500010121252605,0.754999898787474
YADGIRI,Yadgir,31435.0,-10,AreaUnderOilSeeds_GroundNut,30348,-3.457929059965007,-1087.0,0.17841779074006564,0.8215822092599343,0.17839719843727858,0.8216028015627215
RAICHUR,Raichur,26958.0,-10,AreaUnderOilSeeds_GroundNut,25951,-3.735440314563395,-1007.0,0.007400656215822088,0.9925993437841779,0.009221473249529322,0.9907785267504707
KOPPAL,Koppal,29982.0,-10,AreaUnderOilSeeds_GroundNut,29358,-2.0812487492495495,-624.0,0.0592023332118119,0.9407976667881881,0.06942065950081983,0.9305793404991802
VIJAYANAGARA,Vijayanagara,22938.5,-10,AreaUnderOilSeeds_GroundNut,21545,-6.074939512173856,-1393.5,0.12175841536031112,0.8782415846396889,0.1307033258436064,0.8692966741563937
BENGALURU,Bengaluru Urban,71.0,-10,LivestockCensus_2012_Sheep,70,-1.4084507042253522,-1.0,0.03568355814801312,0.9643164418519868,0.035998164567267135,0.9640018354327329
BENGALURU(R),Bengaluru Rural,206.0,-10,LivestockCensus_2012_Sheep,204,-0.9708737864077669,-2.0,0.16460517681370762,0.8353948231862924,0.16415873532763955,0.8358412646723604
RAMANAGARA,Ramanagara,4830.0,-10,LivestockCensus_2012_Sheep,4800,-0.6211180124223602,-30.0,0.07478235508567264,0.9252176449143273,0.07432910493050518,0.9256708950694948
CHITRADURGA,Chitradurga,68575.0,-10,LivestockCensus_2012_Sheep,67559,-1.4815895005468465,-1016.0,0.6908377688662048,0.30916223113379515,0.6901108660578161,0.30988913394218387
DAVANAGERE,Davanagere,16592.0,-10,LivestockCensus_2012_Sheep,16557,-0.2109450337512054,-35.0,0.09081540891967432,0.9091845910803257,0.08845108226389778,0.9115489177361022
KOLAR,Kolar,5810.0,-10,LivestockCensus_2012_Sheep,5603,-3.5628227194492252,-207.0,0.031221290557783443,0.9687787094422166,0.02952974437158632,0.9704702556284137
CHIKKABALLAPURA,Chikkaballapura,7132.0,-10,LivestockCensus_2012_Sheep,7012,-1.682557487380819,-120.0,0.11785636164783082,0.8821436383521691,0.11722099695574732,0.8827790030442527
SHIVAMOGGA,Shivamogga,248.0,-10,LivestockCensus_2012_Sheep,247,-0.4032258064516129,-1.0,0.13129566168428727,0.8687043383157127,0.13298598262259656,0.8670140173774035
TUMAKURU,Tumakuru,39626.0,-10,LivestockCensus_2012_Sheep,38987,-1.6125776005652854,-639.0,0.39828758918806306,0.6017124108119369,0.39732678103583535,0.6026732189641646
CHIKKAMAGALURU,Chikkamagaluru,3909.0,-10,LivestockCensus_2012_Sheep,3899,-0.25581990278843697,-10.0,0.21211811884797666,0.7878818811520234,0.2118761801853618,0.7881238198146382
DAKSHINA KANNADA,Dakshina Kannada,0.0,-10,LivestockCensus_2012_Sheep,0,,0.0,0.02952242070725483,0.9704775792927451,0.029918293639633504,0.9700817063603665
UDUPI,Udupi,3623.0,-10,LivestockCensus_2012_Sheep,3622,-0.02760143527463428,-1.0,0.023733138899015675,0.9762668611009844,0.02411965837268166,0.9758803416273183
HASSAN,Hassan,521.0,-10,LivestockCensus_2012_Sheep,520,-0.19193857965451055,-1.0,0.10607607242678335,0.8939239275732167,0.10605051387182561,0.8939494861281744
KODAGU,Kodagu,45.0,-10,LivestockCensus_2012_Sheep,44,-2.2222222222222223,-1.0,0.012424352898286549,0.9875756471017134,0.012591463264208567,0.9874085367357914
MANDYA,Mandya,1021.0,-10,LivestockCensus_2012_Sheep,1014,-0.6856023506366308,-7.0,0.14847685016405396,0.851523149835946,0.14871149661777114,0.8512885033822288
MYSURU,Mysuru,2170.0,-10,LivestockCensus_2012_Sheep,2164,-0.2764976958525346,-6.0,0.006467371491068172,0.9935326285089319,0.006494323480217293,0.9935056765197827
CHAMARAJANAGAR,Chamarajanagara,8867.0,-10,LivestockCensus_2012_Sheep,8833,-0.38344423141987144,-34.0,0.09031474055170738,0.9096852594482926,0.09138185388573936,0.9086181461142606
BELAGAVI,Belagavi,39530.0,-10,LivestockCensus_2012_Sheep,39325,-0.518593473311409,-205.0,0.2576536638716733,0.7423463361283267,0.2603531727823089,0.739646827217691
VIJAYAPURA,Vijayapura,27528.0,-10,LivestockCensus_2012_Sheep,27426,-0.37053182214472535,-102.0,0.032545388261028096,0.967454611738972,0.034429165618200364,0.9655708343817997
BAGALKOT,Bagalkote,25444.0,-10,LivestockCensus_2012_Sheep,25161,-1.1122465021223078,-283.0,0.0819832300401021,0.9180167699598979,0.08483843751387671,0.9151615624861233
DHARAWAD,Dharwad,21178.0,-10,LivestockCensus_2012_Sheep,21135,-0.20304089149117008,-43.0,0.030200510390083868,0.9697994896099161,0.029592652348317816,0.9704073476516821
GADAG,Gadag,31332.0,-10,LivestockCensus_2012_Sheep,31133,-0.6351334099323375,-199.0,0.08125410134888805,0.9187458986511119,0.08250777627174549,0.9174922237282546
HAVERI,Haveri,18309.0,-10,LivestockCensus_2012_Sheep,18255,-0.2949369162706866,-54.0,0.0189802614447164,0.9810197385552836,0.020411788214745652,0.9795882117852543
UTTARA KANNADA,Uttara Kannada,3825.0,-10,LivestockCensus_2012_Sheep,3824,-0.026143790849673207,-1.0,0.18596573095151295,0.8140342690484871,0.18787726283692774,0.8121227371630723
BALLARI,Ballari,22938.5,-10,LivestockCensus_2012_Sheep,22618,-1.3972142903851603,-320.5,0.11273787823550857,0.8872621217644914,0.1149788650343721,0.8850211349656278
BIDAR,Bidar,261.0,-10,LivestockCensus_2012_Sheep,259,-0.7662835249042145,-2.0,0.04160408312067079,0.9583959168793292,0.04220015097914415,0.9577998490208558
KALABURAGI,Kalaburagi,3114.0,-10,LivestockCensus_2012_Sheep,3110,-0.12845215157353884,-4.0,0.24246931583424478,0.7575306841657552,0.24413228930761754,0.7558677106923825
YADGIRI,Yadgir,31435.0,-10,LivestockCensus_2012_Sheep,31125,-0.986161921425163,-310.0,0.17841779074006564,0.8215822092599343,0.17791856007341733,0.8220814399265827
RAICHUR,Raichur,26958.0,-10,LivestockCensus_2012_Sheep,26779,-0.6639958453891238,-179.0,0.007400656215822088,0.9925993437841779,0.00661643896446068,0.9933835610355393
KOPPAL,Koppal,29982.0,-10,LivestockCensus_2012_Sheep,29800,-0.6070308851977854,-182.0,0.0592023332118119,0.9407976667881881,0.061253126896490484,0.9387468731035096
VIJAYANAGARA,Vijayanagara,22938.5,-10,LivestockCensus_2012_Sheep,22618,-1.3972142903851603,-320.5,0.12175841536031112,0.8782415846396889,0.12387690759188263,0.8761230924081174
BENGALURU,Bengaluru Urban,71.0,-10,MotorVehicles_Tractors,65,-8.450704225352112,-6.0,0.03568355814801312,0.9643164418519868,0.035422262454182556,0.9645777375458174
BENGALURU(R),Bengaluru Rural,206.0,-10,MotorVehicles_Tractors,205,-0.48543689320388345,-1.0,0.16460517681370762,0.8353948231862924,0.16239037203021353,0.8376096279697864
RAMANAGARA,Ramanagara,4830.0,-10,MotorVehicles_Tractors,4699,-2.7122153209109734,-131.0,0.07478235508567264,0.9252176449143273,0.07501446866606316,0.9249855313339368
CHITRADURGA,Chitradurga,68575.0,-10,MotorVehicles_Tractors,67387,-1.7324097703244623,-1188.0,0.6908377688662048,0.30916223113379515,0.6926410138454004,0.30735898615459956
DAVANAGERE,Davanagere,16592.0,-10,MotorVehicles_Tractors,16397,-1.17526518804243,-195.0,0.09081540891967432,0.9091845910803257,0.0886545871854611,0.9113454128145388
KOLAR,Kolar,5810.0,-10,MotorVehicles_Tractors,5348,-7.951807228915662,-462.0,0.031221290557783443,0.9687787094422166,0.026303292919999402,0.9736967070800006
CHIKKABALLAPURA,Chikkaballapura,7132.0,-10,MotorVehicles_Tractors,6946,-2.607964105440269,-186.0,0.11785636164783082,0.8821436383521691,0.11573448884799738,0.8842655111520026
SHIVAMOGGA,Shivamogga,248.0,-10,MotorVehicles_Tractors,244,-1.6129032258064515,-4.0,0.13129566168428727,0.8687043383157127,0.1319542344962678,0.8680457655037321
TUMAKURU,Tumakuru,39626.0,-10,MotorVehicles_Tractors,38682,-2.382274264371877,-944.0,0.39828758918806306,0.6017124108119369,0.39475396907839366,0.6052460309216063
CHIKKAMAGALURU,Chikkamagaluru,3909.0,-10,MotorVehicles_Tractors,3807,-2.609363008442057,-102.0,0.21211811884797666,0.7878818811520234,0.21231733971579936,0.7876826602842006
DAKSHINA KANNADA,Dakshina Kannada,0.0,-10,MotorVehicles_Tractors,0,,0.0,0.02952242070725483,0.9704775792927451,0.029460430053274367,0.9705395699467256
UDUPI,Udupi,3623.0,-10,MotorVehicles_Tractors,3578,-1.2420645873585427,-45.0,0.023733138899015675,0.9762668611009844,0.02403282532239156,0.9759671746776084
HASSAN,Hassan,521.0,-10,MotorVehicles_Tractors,513,-1.5355086372360844,-8.0,0.10607607242678335,0.8939239275732167,0.1053665148075049,0.8946334851924951
KODAGU,Kodagu,45.0,-10,MotorVehicles_Tractors,43,-4.444444444444445,-2.0,0.012424352898286549,0.9875756471017134,0.012485098510593042,0.9875149014894069
MANDYA,Mandya,1021.0,-10,MotorVehicles_Tractors,1008,-1.2732615083251715,-13.0,0.14847685016405396,0.851523149835946,0.14781486043302122,0.8521851395669788
MYSURU,Mysuru,2170.0,-10,MotorVehicles_Tractors,2140,-1.3824884792626728,-30.0,0.006467371491068172,0.9935326285089319,0.006729784676569671,0.9932702153234303
CHAMARAJANAGAR,Chamarajanagara,8867.0,-10,MotorVehicles_Tractors,8810,-0.6428329762039021,-57.0,0.09031474055170738,0.9096852594482926,0.0919217851118663,0.9080782148881337
BELAGAVI,Belagavi,39530.0,-10,MotorVehicles_Tractors,38818,-1.8011636731596257,-712.0,0.2576536638716733,0.7423463361283267,0.2600086070013504,0.7399913929986496
VIJAYAPURA,Vijayapura,27528.0,-10,MotorVehicles_Tractors,27044,-1.7582098227259517,-484.0,0.032545388261028096,0.967454611738972,0.0322020567765296,0.9677979432234705
BAGALKOT,Bagalkote,25444.0,-10,MotorVehicles_Tractors,24894,-2.1616098097783367,-550.0,0.0819832300401021,0.9180167699598979,0.08209001736239929,0.9179099826376007
DHARAWAD,Dharwad,21178.0,-10,MotorVehicles_Tractors,20697,-2.2712248559826236,-481.0,0.030200510390083868,0.9697994896099161,0.029657055515158737,0.9703429444848413
GADAG,Gadag,31332.0,-10,MotorVehicles_Tractors,30066,-4.040597472232861,-1266.0,0.08125410134888805,0.9187458986511119,0.07123671585659802,0.9287632841434019
HAVERI,Haveri,18309.0,-10,MotorVehicles_Tractors,18115,-1.0595881806761702,-194.0,0.0189802614447164,0.9810197385552836,0.023200744526816336,0.9767992554731837
UTTARA KANNADA,Uttara Kannada,3825.0,-10,MotorVehicles_Tractors,3783,-1.0980392156862746,-42.0,0.18596573095151295,0.8140342690484871,0.18560553222431628,0.8143944677756837
BALLARI,Ballari,22938.5,-10,MotorVehicles_Tractors,22337,-2.622229003640168,-601.5,0.11273787823550857,0.8872621217644914,0.11478263081688078,0.8852173691831192
BIDAR,Bidar,261.0,-10,MotorVehicles_Tractors,256,-1.9157088122605364,-5.0,0.04160408312067079,0.9583959168793292,0.04183299449448707,0.9581670055055129
KALABURAGI,Kalaburagi,3114.0,-10,MotorVehicles_Tractors,3075,-1.2524084778420037,-39.0,0.24246931583424478,0.7575306841657552,0.2429647657065408,0.7570352342934592
YADGIRI,Yadgir,31435.0,-10,MotorVehicles_Tractors,31043,-1.247017655479561,-392.0,0.17841779074006564,0.8215822092599343,0.18040076968356905,0.819599230316431
RAICHUR,Raichur,26958.0,-10,MotorVehicles_Tractors,26540,-1.5505601305734846,-418.0,0.007400656215822088,0.9925993437841779,0.006763915888821248,0.9932360841111787
KOPPAL,Koppal,29982.0,-10,MotorVehicles_Tractors,29661,-1.0706423854312588,-321.0,0.0592023332118119,0.9407976667881881,0.06568329202961992,0.93431670797038
VIJAYANAGARA,Vijayanagara,22938.5,-10,MotorVehicles_Tractors,22337,-2.622229003640168,-601.5,0.12175841536031112,0.8782415846396889,0.1235178892071171,0.8764821107928829
BENGALURU,Bengaluru Urban,71.0,20,TotalNPK,80,12.676056338028168,9.0,0.03568355814801312,0.9643164418519868,0.035077205104702816,0.9649227948952972
BENGALURU(R),Bengaluru Rural,206.0,20,TotalNPK,218,5.825242718446602,12.0,0.16460517681370762,0.8353948231862924,0.1662581964323486,0.8337418035676514
RAMANAGARA,Ramanagara,4830.0,20,TotalNPK,4917,1.8012422360248446,87.0,0.07478235508567264,0.9252176449143273,0.07628287386307551,0.9237171261369245
CHITRADURGA,Chitradurga,68575.0,20,TotalNPK,70915,3.4123222748815163,2340.0,0.6908377688662048,0.30916223113379515,0.6852654586476767,0.31473454135232326
DAVANAGERE,Davanagere,16592.0,20,TotalNPK,17203,3.682497589199614,611.0,0.09081540891967432,0.9091845910803257,0.09510211755857953,0.9048978824414204
KOLAR,Kolar,5810.0,20,TotalNPK,6430,10.671256454388985,620.0,0.031221290557783443,0.9687787094422166,0.03552844955228089,0.9644715504477192
CHIKKABALLAPURA,Chikkaballapura,7132.0,20,TotalNPK,7603,6.604038137969715,471.0,0.11785636164783082,0.8821436383521691,0.11680650544078593,0.883193494559214
SHIVAMOGGA,Shivamogga,248.0,20,TotalNPK,257,3.6290322580645165,9.0,0.13129566168428727,0.8687043383157127,0.13268842981033632,0.8673115701896636
TUMAKURU,Tumakuru,39626.0,20,TotalNPK,41011,3.4951799323676376,1385.0,0.39828758918806306,0.6017124108119369,0.39774982121453256,0.6022501787854675
CHIKKAMAGALURU,Chikkamagaluru,3909.0,20,TotalNPK,4351,11.307239703248912,442.0,0.21211811884797666,0.7878818811520234,0.20781418398283658,0.7921858160171634
DAKSHINA KANNADA,Dakshina Kannada,0.0,20,TotalNPK,0,,0.0,0.02952242070725483,0.9704775792927451,0.030437848128040613,0.9695621518719594
UDUPI,Udupi,3623.0,20,TotalNPK,3688,1.7940932928512283,65.0,0.023733138899015675,0.9762668611009844,0.02179017133187619,0.9782098286681238
HASSAN,Hassan,521.0,20,TotalNPK,543,4.222648752399232,22.0,0.10607607242678335,0.8939239275732167,0.10694493407600647,0.8930550659239935
KODAGU,Kodagu,45.0,20,TotalNPK,52,15.555555555555555,7.0,0.012424352898286549,0.9875756471017134,0.012456226938353427,0.9875437730616465
MANDYA,Mandya,1021.0,20,TotalNPK,1085,6.268364348677767,64.0,0.14847685016405396,0.851523149835946,0.14819995769583308,0.851800042304167
MYSURU,Mysuru,2170.0,20,TotalNPK,2263,4.285714285714286,93.0,0.006467371491068172,0.9935326285089319,0.006581823309596002,0.993418176690404
CHAMARAJANAGAR,Chamarajanagara,8867.0,20,TotalNPK,9239,4.195331002593887,372.0,0.09031474055170738,0.9096852594482926,0.09143340619050977,0.9085665938094902
BELAGAVI,Belagavi,39530.0,20,TotalNPK,42347,7.126233240576778,2817.0,0.2576536638716733,0.7423463361283267,0.27322287245293664,0.7267771275470634
VIJAYAPURA,Vijayapura,27528.0,20,TotalNPK,28607,3.919645451903517,1079.0,0.032545388261028096,0.967454611738972,0.016896284284002028,0.983103715715998
BAGALKOT,Bagalkote,25444.0,20,TotalNPK,27418,7.758214117277158,1974.0,0.0819832300401021,0.9180167699598979,0.07513502079954876,0.9248649792004513
DHARAWAD,Dharwad,21178.0,20,TotalNPK,22460,6.05345169515535,1282.0,0.030200510390083868,0.9697994896099161,0.028227455404357338,0.9717725445956427
GADAG,Gadag,31332.0,20,TotalNPK,32409,3.437380314055917,1077.0,0.08125410134888805,0.9187458986511119,0.07054924910103649,0.9294507508989636
HAVERI,Haveri,18309.0,20,TotalNPK,19128,4.4732098967720795,819.0,0.0189802614447164,0.9810197385552836,0.01726815805642573,0.9827318419435742
UTTARA KANNADA,Uttara Kannada,3825.0,20,TotalNPK,3963,3.607843137254902,138.0,0.18596573095151295,0.8140342690484871,0.19196220827751534,0.8080377917224847
BALLARI,Ballari,22938.5,20,TotalNPK,24516,6.877084377792794,1577.5,0.11273787823550857,0.8872621217644914,0.10662060212930974,0.8933793978706903
BIDAR,Bidar,261.0,20,TotalNPK,280,7.2796934865900385,19.0,0.04160408312067079,0.9583959168793292,0.04176831417894663,0.9582316858210533
KALABURAGI,Kalaburagi,3114.0,20,TotalNPK,3242,4.110468850353243,128.0,0.24246931583424478,0.7575306841657552,0.2551740346424123,0.7448259653575877
YADGIRI,Yadgir,31435.0,20,TotalNPK,35126,11.741689199936376,3691.0,0.17841779074006564,0.8215822092599343,0.20972525793790686,0.7902747420620931
RAICHUR,Raichur,26958.0,20,TotalNPK,28911,7.244602715334965,1953.0,0.007400656215822088,0.9925993437841779,0.0072452936614256225,0.9927547063385744
KOPPAL,Koppal,29982.0,20,TotalNPK,31457,4.919618437729304,1475.0,0.0592023332118119,0.9407976667881881,0.05503772121553974,0.9449622787844603
VIJAYANAGARA,Vijayanagara,22938.5,20,TotalNPK,24516,6.877084377792794,1577.5,0.12175841536031112,0.8782415846396889,0.11406143505135252,0.8859385649486475
BENGALURU,Bengaluru Urban,71.0,20,AreaUnderOilSeeds_GroundNut,75,5.633802816901409,4.0,0.03568355814801312,0.9643164418519868,0.03433035533269358,0.9656696446673064
BENGALURU(R),Bengaluru Rural,206.0,20,AreaUnderOilSeeds_GroundNut,215,4.368932038834951,9.0,0.16460517681370762,0.8353948231862924,0.1670077175720059,0.8329922824279941
RAMANAGARA,Ramanagara,4830.0,20,AreaUnderOilSeeds_GroundNut,5015,3.8302277432712217,185.0,0.07478235508567264,0.9252176449143273,0.07869220268425536,0.9213077973157446
CHITRADURGA,Chitradurga,68575.0,20,AreaUnderOilSeeds_GroundNut,73987,7.892088953700329,5412.0,0.6908377688662048,0.30916223113379515,0.6854041926284347,0.31459580737156534
DAVANAGERE,Davanagere,16592.0,20,AreaUnderOilSeeds_GroundNut,17447,5.153085824493732,855.0,0.09081540891967432,0.9091845910803257,0.10038475227630078,0.8996152477236992
KOLAR,Kolar,5810.0,20,AreaUnderOilSeeds_GroundNut,6291,8.27882960413081,481.0,0.031221290557783443,0.9687787094422166,0.027991403895278905,0.9720085961047211
CHIKKABALLAPURA,Chikkaballapura,7132.0,20,AreaUnderOilSeeds_GroundNut,8225,15.325294447560292,1093.0,0.11785636164783082,0.8821436383521691,0.11300183365546199,0.886998166344538
SHIVAMOGGA,Shivamogga,248.0,20,AreaUnderOilSeeds_GroundNut,272,9.67741935483871,24.0,0.13129566168428727,0.8687043383157127,0.1278197521186154,0.8721802478813846
TUMAKURU,Tumakuru,39626.0,20,AreaUnderOilSeeds_GroundNut,43251,9.14803411901277,3625.0,0.39828758918806306,0.6017124108119369,0.4043432340430462,0.5956567659569538
CHIKKAMAGALURU,Chikkamagaluru,3909.0,20,AreaUnderOilSeeds_GroundNut,4236,8.365310821181888,327.0,0.21211811884797666,0.7878818811520234,0.2116163264202785,0.7883836735797215
DAKSHINA KANNADA,Dakshina Kannada,0.0,20,AreaUnderOilSeeds_GroundNut,0,,0.0,0.02952242070725483,0.9704775792927451,0.028981442685877247,0.9710185573141228
UDUPI,Udupi,3623.0,20,AreaUnderOilSeeds_GroundNut,3724,2.7877449627380626,101.0,0.023733138899015675,0.9762668611009844,0.021807885169016182,0.9781921148309838
HASSAN,Hassan,521.0,20,AreaUnderOilSeeds_GroundNut,569,9.213051823416507,48.0,0.10607607242678335,0.8939239275732167,0.10704808502394564,0.8929519149760543
KODAGU,Kodagu,45.0,20,AreaUnderOilSeeds_GroundNut,48,6.666666666666667,3.0,0.012424352898286549,0.9875756471017134,0.01229044742094332,0.9877095525790567
MANDYA,Mandya,1021.0,20,AreaUnderOilSeeds_GroundNut,1097,7.443682664054848,76.0,0.14847685016405396,0.851523149835946,0.14921810588346604,0.8507818941165339
MYSURU,Mysuru,2170.0,20,AreaUnderOilSeeds_GroundNut,2303,6.129032258064516,133.0,0.006467371491068172,0.9935326285089319,0.006926892562206872,0.9930731074377931
CHAMARAJANAGAR,Chamarajanagara,8867.0,20,AreaUnderOilSeeds_GroundNut,9548,7.6801623999097774,681.0,0.09031474055170738,0.9096852594482926,0.09113763228675306,0.9088623677132469
BELAGAVI,Belagavi,39530.0,20,AreaUnderOilSeeds_GroundNut,41624,5.297242600556539,2094.0,0.2576536638716733,0.7423463361283267,0.24738940624704342,0.7526105937529566
VIJAYAPURA,Vijayapura,27528.0,20,AreaUnderOilSeeds_GroundNut,28914,5.03487358326068,1386.0,0.032545388261028096,0.967454611738972,0.02736696987308579,0.9726330301269142
BAGALKOT,Bagalkote,25444.0,20,AreaUnderOilSeeds_GroundNut,26917,5.7891840905518,1473.0,0.0819832300401021,0.9180167699598979,0.08051955073188533,0.9194804492681147
DHARAWAD,Dharwad,21178.0,20,AreaUnderOilSeeds_GroundNut,23201,9.552365662479932,2023.0,0.030200510390083868,0.9697994896099161,0.019239866463027222,0.9807601335369728
GADAG,Gadag,31332.0,20,AreaUnderOilSeeds_GroundNut,33636,7.3535044044427424,2304.0,0.08125410134888805,0.9187458986511119,0.08057786213408141,0.9194221378659186
HAVERI,Haveri,18309.0,20,AreaUnderOilSeeds_GroundNut,19304,5.434485772024687,995.0,0.0189802614447164,0.9810197385552836,0.01002492715901826,0.9899750728409817
UTTARA KANNADA,Uttara Kannada,3825.0,20,AreaUnderOilSeeds_GroundNut,3934,2.849673202614379,109.0,0.18596573095151295,0.8140342690484871,0.1850460215983889,0.8149539784016111
BALLARI,Ballari,22938.5,20,AreaUnderOilSeeds_GroundNut,25723,12.138980316934411,2784.5,0.11273787823550857,0.8872621217644914,0.09699387344108723,0.9030061265589128
BIDAR,Bidar,261.0,20,AreaUnderOilSeeds_GroundNut,277,6.130268199233716,16.0,0.04160408312067079,0.9583959168793292,0.04122345817508481,0.9587765418249152
KALABURAGI,Kalaburagi,3114.0,20,AreaUnderOilSeeds_GroundNut,3327,6.840077071290944,213.0,0.24246931583424478,0.7575306841657552,0.23796072282968628,0.7620392771703137
YADGIRI,Yadgir,31435.0,20,AreaUnderOilSeeds_GroundNut,33608,6.912676952441546,2173.0,0.17841779074006564,0.8215822092599343,0.178468289474277,0.8215317105257229
RAICHUR,Raichur,26958.0,20,AreaUnderOilSeeds_GroundNut,28970,7.463461681133615,2012.0,0.007400656215822088,0.9925993437841779,0.004162893481287233,0.9958371065187128
KOPPAL,Koppal,29982.0,20,AreaUnderOilSeeds_GroundNut,31228,4.155826829430992,1246.0,0.0592023332118119,0.9407976667881881,0.041009907145849955,0.95899009285415
VIJAYANAGARA,Vijayanagara,22938.5,20,AreaUnderOilSeeds_GroundNut,25723,12.138980316934411,2784.5,0.12175841536031112,0.8782415846396889,0.10584517099850876,0.8941548290014912
BENGALURU,Bengaluru Urban,71.0,20,LivestockCensus_2012_Sheep,72,1.4084507042253522,1.0,0.03568355814801312,0.9643164418519868,0.035075419587847885,0.9649245804121521
BENGALURU(R),Bengaluru Rural,206.0,20,LivestockCensus_2012_Sheep,208,0.9708737864077669,2.0,0.16460517681370762,0.8353948231862924,0.16546986757311807,0.8345301324268819
RAMANAGARA,Ramanagara,4830.0,20,LivestockCensus_2012_Sheep,4889,1.2215320910973084,59.0,0.07478235508567264,0.9252176449143273,0.07564053537284894,0.924359464627151
CHITRADURGA,Chitradurga,68575.0,20,LivestockCensus_2012_Sheep,70605,2.960262486328837,2030.0,0.6908377688662048,0.30916223113379515,0.6922342610296721,0.3077657389703279
DAVANAGERE,Davanagere,16592.0,20,LivestockCensus_2012_Sheep,16661,0.4158630665380907,69.0,0.09081540891967432,0.9091845910803257,0.09533791280126525,0.9046620871987348
KOLAR,Kolar,5810.0,20,LivestockCensus_2012_Sheep,6222,7.091222030981068,412.0,0.031221290557783443,0.9687787094422166,0.034459315912470784,0.9655406840875292
CHIKKABALLAPURA,Chikkaballapura,7132.0,20,LivestockCensus_2012_Sheep,7370,3.3370723499719577,238.0,0.11785636164783082,0.8821436383521691,0.11907560843188633,0.8809243915681136
SHIVAMOGGA,Shivamogga,248.0,20,LivestockCensus_2012_Sheep,248,0.0,0.0,0.13129566168428727,0.8687043383157127,0.12807308264287232,0.8719269173571277
TUMAKURU,Tumakuru,39626.0,20,LivestockCensus_2012_Sheep,40902,3.220108009892495,1276.0,0.39828758918806306,0.6017124108119369,0.4001315163839064,0.5998684836160936
CHIKKAMAGALURU,Chikkamagaluru,3909.0,20,LivestockCensus_2012_Sheep,3928,0.4860578152980302,19.0,0.21211811884797666,0.7878818811520234,0.21258105961738855,0.7874189403826115
DAKSHINA KANNADA,Dakshina Kannada,0.0,20,LivestockCensus_2012_Sheep,0,,0.0,0.02952242070725483,0.9704775792927451,0.02874442319949012,0.9712555768005099
UDUPI,Udupi,3623.0,20,LivestockCensus_2012_Sheep,3623,0.0,0.0,0.023733138899015675,0.9762668611009844,0.022979958926421643,0.9770200410735783
HASSAN,Hassan,521.0,20,LivestockCensus_2012_Sheep,522,0.19193857965451055,1.0,0.10607607242678335,0.8939239275732167,0.10612090739560466,0.8938790926043954
KODAGU,Kodagu,45.0,20,LivestockCensus_2012_Sheep,45,0.0,0.0,0.012424352898286549,0.9875756471017134,0.012119066166229965,0.9878809338337701
MANDYA,Mandya,1021.0,20,LivestockCensus_2012_Sheep,1033,1.1753183153770812,12.0,0.14847685016405396,0.851523149835946,0.14803767438566673,0.8519623256143333
MYSURU,Mysuru,2170.0,20,LivestockCensus_2012_Sheep,2180,0.4608294930875576,10.0,0.006467371491068172,0.9935326285089319,0.006419517031371717,0.9935804829686283
CHAMARAJANAGAR,Chamarajanagara,8867.0,20,LivestockCensus_2012_Sheep,8933,0.7443329198150445,66.0,0.09031474055170738,0.9096852594482926,0.08827042466303142,0.9117295753369685
BELAGAVI,Belagavi,39530.0,20,LivestockCensus_2012_Sheep,39939,1.0346572223627626,409.0,0.2576536638716733,0.7423463361283267,0.2525005311238581,0.7474994688761418
VIJAYAPURA,Vijayapura,27528.0,20,LivestockCensus_2012_Sheep,27731,0.7374309793664632,203.0,0.032545388261028096,0.967454611738972,0.028941293109553068,0.9710587068904469
BAGALKOT,Bagalkote,25444.0,20,LivestockCensus_2012_Sheep,26009,2.2205628045904735,565.0,0.0819832300401021,0.9180167699598979,0.07651866015154729,0.9234813398484527
DHARAWAD,Dharwad,21178.0,20,LivestockCensus_2012_Sheep,21262,0.39663802058740205,84.0,0.030200510390083868,0.9697994896099161,0.03137171588414417,0.9686282841158558
GADAG,Gadag,31332.0,20,LivestockCensus_2012_Sheep,31728,1.2638835695135964,396.0,0.08125410134888805,0.9187458986511119,0.07884508381640315,0.9211549161835968
HAVERI,Haveri,18309.0,20,LivestockCensus_2012_Sheep,18415,0.5789502430498662,106.0,0.0189802614447164,0.9810197385552836,0.016231145103038053,0.983768854896962
UTTARA KANNADA,Uttara Kannada,3825.0,20,LivestockCensus_2012_Sheep,3826,0.026143790849673207,1.0,0.18596573095151295,0.8140342690484871,0.18230153671836274,0.8176984632816373
BALLARI,Ballari,22938.5,20,LivestockCensus_2012_Sheep,23579,2.7922488392876605,640.5,0.11273787823550857,0.8872621217644914,0.10844031685331879,0.8915596831466812
BIDAR,Bidar,261.0,20,LivestockCensus_2012_Sheep,263,0.7662835249042145,2.0,0.04160408312067079,0.9583959168793292,0.04047871963741945,0.9595212803625806
KALABURAGI,Kalaburagi,3114.0,20,LivestockCensus_2012_Sheep,3121,0.22479126525369297,7.0,0.24246931583424478,0.7575306841657552,0.23928900219531193,0.7607109978046881
YADGIRI,Yadgir,31435.0,20,LivestockCensus_2012_Sheep,32054,1.969142675361858,619.0,0.17841779074006564,0.8215822092599343,0.17937823100347006,0.8206217689965299
RAICHUR,Raichur,26958.0,20,LivestockCensus_2012_Sheep,27315,1.3242822167816604,357.0,0.007400656215822088,0.9925993437841779,0.008903052191771121,0.9910969478082289
KOPPAL,Koppal,29982.0,20,LivestockCensus_2012_Sheep,30345,1.2107264358615168,363.0,0.0592023332118119,0.9407976667881881,0.05527937114935205,0.944720628850648
VIJAYANAGARA,Vijayanagara,22938.5,20,LivestockCensus_2012_Sheep,23579,2.7922488392876605,640.5,0.12175841536031112,0.8782415846396889,0.11769468640086866,0.8823053135991313
BENGALURU,Bengaluru Urban,71.0,20,MotorVehicles_Tractors,82,15.492957746478872,11.0,0.03568355814801312,0.9643164418519868,0.03618091868807172,0.9638190813119283
BENGALURU(R),Bengaluru Rural,206.0,20,MotorVehicles_Tractors,207,0.48543689320388345,1.0,0.16460517681370762,0.8353948231862924,0.16881703759038183,0.8311829624096182
RAMANAGARA,Ramanagara,4830.0,20,MotorVehicles_Tractors,5091,5.403726708074534,261.0,0.07478235508567264,0.9252176449143273,0.07433790469210279,0.9256620953078972
CHITRADURGA,Chitradurga,68575.0,20,MotorVehicles_Tractors,70949,3.4619030258840686,2374.0,0.6908377688662048,0.30916223113379515,0.6874261793682785,0.31257382063172146
DAVANAGERE,Davanagere,16592.0,20,MotorVehicles_Tractors,16980,2.33847637415622,388.0,0.09081540891967432,0.9091845910803257,0.09492734217536541,0.9050726578246346
KOLAR,Kolar,5810.0,20,MotorVehicles_Tractors,6733,15.886402753872634,923.0,0.031221290557783443,0.9687787094422166,0.040564349039450866,0.9594356509605492
CHIKKABALLAPURA,Chikkaballapura,7132.0,20,MotorVehicles_Tractors,7503,5.201906898485698,371.0,0.11785636164783082,0.8821436383521691,0.12189037195732144,0.8781096280426786
SHIVAMOGGA,Shivamogga,248.0,20,MotorVehicles_Tractors,254,2.4193548387096775,6.0,0.13129566168428727,0.8687043383157127,0.13005398243808935,0.8699460175619107
TUMAKURU,Tumakuru,39626.0,20,MotorVehicles_Tractors,41513,4.7620249331247155,1887.0,0.39828758918806306,0.6017124108119369,0.4050192995773624,0.5949807004226376
CHIKKAMAGALURU,Chikkamagaluru,3909.0,20,MotorVehicles_Tractors,4111,5.1675620363264265,202.0,0.21211811884797666,0.7878818811520234,0.21175371443874175,0.7882462855612582
DAKSHINA KANNADA,Dakshina Kannada,0.0,20,MotorVehicles_Tractors,0,,0.0,0.02952242070725483,0.9704775792927451,0.029616344134519162,0.9703836558654808
UDUPI,Udupi,3623.0,20,MotorVehicles_Tractors,3712,2.456527739442451,89.0,0.023733138899015675,0.9762668611009844,0.023171573947483405,0.9768284260525166
HASSAN,Hassan,521.0,20,MotorVehicles_Tractors,535,2.6871401151631478,14.0,0.10607607242678335,0.8939239275732167,0.10743632750285416,0.8925636724971459
KODAGU,Kodagu,45.0,20,MotorVehicles_Tractors,47,4.444444444444445,2.0,0.012424352898286549,0.9875756471017134,0.01232340601464902,0.987676593985351
MANDYA,Mandya,1021.0,20,MotorVehicles_Tractors,1045,2.3506366307541624,24.0,0.14847685016405396,0.851523149835946,0.14974700136717922,0.8502529986328208
MYSURU,Mysuru,2170.0,20,MotorVehicles_Tractors,2229,2.71889400921659,59.0,0.006467371491068172,0.9935326285089319,0.005954981747452397,0.9940450182525477
CHAMARAJANAGAR,Chamarajanagara,8867.0,20,MotorVehicles_Tractors,8979,1.2631104093831058,112.0,0.09031474055170738,0.9096852594482926,0.08725516450783896,0.912744835492161
BELAGAVI,Belagavi,39530.0,20,MotorVehicles_Tractors,40953,3.5997976220591954,1423.0,0.2576536638716733,0.7423463361283267,0.2531931387334565,0.7468068612665435
VIJAYAPURA,Vijayapura,27528.0,20,MotorVehicles_Tractors,28495,3.512786980528916,967.0,0.032545388261028096,0.967454611738972,0.033201313619642236,0.9667986863803577
BAGALKOT,Bagalkote,25444.0,20,MotorVehicles_Tractors,26543,4.319289419902531,1099.0,0.0819832300401021,0.9180167699598979,0.08178268897376989,0.9182173110262302
DHARAWAD,Dharwad,21178.0,20,MotorVehicles_Tractors,22138,4.533005949570309,960.0,0.030200510390083868,0.9697994896099161,0.0312442740560121,0.9687557259439878
GADAG,Gadag,31332.0,20,MotorVehicles_Tractors,33863,8.078003319290183,2531.0,0.08125410134888805,0.9187458986511119,0.10028934264652878,0.8997106573534712
HAVERI,Haveri,18309.0,20,MotorVehicles_Tractors,18696,2.113714566606587,387.0,0.0189802614447164,0.9810197385552836,0.0109736772691853,0.9890263227308147
UTTARA KANNADA,Uttara Kannada,3825.0,20,MotorVehicles_Tractors,3907,2.1437908496732025,82.0,0.18596573095151295,0.8140342690484871,0.18666365981197763,0.8133363401880224
BALLARI,Ballari,22938.5,20,MotorVehicles_Tractors,24140,5.237918782832356,1201.5,0.11273787823550857,0.8872621217644914,0.10885887851031834,0.8911411214896816
BIDAR,Bidar,261.0,20,MotorVehicles_Tractors,269,3.065134099616858,8.0,0.04160408312067079,0.9583959168793292,0.0411704181877123,0.9588295818122877
KALABURAGI,Kalaburagi,3114.0,20,MotorVehicles_Tractors,3190,2.440590879897238,76.0,0.24246931583424478,0.7575306841657552,0.2415443957396628,0.7584556042603372
YADGIRI,Yadgir,31435.0,20,MotorVehicles_Tractors,32218,2.4908541434706537,783.0,0.17841779074006564,0.8215822092599343,0.1746606717501304,0.8253393282498696
RAICHUR,Raichur,26958.0,20,MotorVehicles_Tractors,27793,3.097410787150382,835.0,0.007400656215822088,0.9925993437841779,0.008609000831583169,0.9913909991684169
KOPPAL,Koppal,29982.0,20,MotorVehicles_Tractors,30623,2.137949436328464,641.0,0.0592023332118119,0.9407976667881881,0.046895657444079475,0.9531043425559205
VIJAYANAGARA,Vijayanagara,22938.5,20,MotorVehicles_Tractors,24140,5.237918782832356,1201.5,0.12175841536031112,0.8782415846396889,0.11842074353878612,0.8815792564612139
BENGALURU,Bengaluru Urban,71.0,-20,TotalNPK,61,-14.084507042253522,-10.0,0.03568355814801312,0.9643164418519868,0.036333303137361474,0.9636666968626385
BENGALURU(R),Bengaluru Rural,206.0,-20,TotalNPK,193,-6.310679611650485,-13.0,0.16460517681370762,0.8353948231862924,0.1628378174351542,0.8371621825648459
RAMANAGARA,Ramanagara,4830.0,-20,TotalNPK,4742,-1.8219461697722568,-88.0,0.07478235508567264,0.9252176449143273,0.07317691819911225,0.9268230818008878
CHITRADURGA,Chitradurga,68575.0,-20,TotalNPK,66234,-3.4137805322639445,-2341.0,0.6908377688662048,0.30916223113379515,0.6968143249690492,0.30318567503095084
DAVANAGERE,Davanagere,16592.0,-20,TotalNPK,15980,-3.6885245901639343,-612.0,0.09081540891967432,0.9091845910803257,0.08622711396966315,0.9137728860303369
KOLAR,Kolar,5810.0,-20,TotalNPK,5189,-10.688468158347677,-621.0,0.031221290557783443,0.9687787094422166,0.026610200199293416,0.9733897998007066
CHIKKABALLAPURA,Chikkaballapura,7132.0,-20,TotalNPK,6660,-6.618059450364553,-472.0,0.11785636164783082,0.8821436383521691,0.11898219444192812,0.8810178055580719
SHIVAMOGGA,Shivamogga,248.0,-20,TotalNPK,238,-4.032258064516129,-10.0,0.13129566168428727,0.8687043383157127,0.12980644382039436,0.8701935561796057
TUMAKURU,Tumakuru,39626.0,-20,TotalNPK,38240,-3.4977035279866753,-1386.0,0.39828758918806306,0.6017124108119369,0.39886937653945537,0.6011306234605447
CHIKKAMAGALURU,Chikkamagaluru,3909.0,-20,TotalNPK,3466,-11.332821693527755,-443.0,0.21211811884797666,0.7878818811520234,0.21673158800616,0.78326841199384
DAKSHINA KANNADA,Dakshina Kannada,0.0,-20,TotalNPK,0,,0.0,0.02952242070725483,0.9704775792927451,0.02852764441223541,0.9714723555877646
UDUPI,Udupi,3623.0,-20,TotalNPK,3557,-1.8216947281258624,-66.0,0.023733138899015675,0.9762668611009844,0.025810006945073523,0.9741899930549265
HASSAN,Hassan,521.0,-20,TotalNPK,498,-4.414587332053743,-23.0,0.10607607242678335,0.8939239275732167,0.10514992300027176,0.8948500769997283
KODAGU,Kodagu,45.0,-20,TotalNPK,37,-17.77777777777778,-8.0,0.012424352898286549,0.9875756471017134,0.012395446447443911,0.987604553552556
MANDYA,Mandya,1021.0,-20,TotalNPK,956,-6.366307541625857,-65.0,0.14847685016405396,0.851523149835946,0.1487755533411843,0.8512244466588157
MYSURU,Mysuru,2170.0,-20,TotalNPK,2076,-4.331797235023042,-94.0,0.006467371491068172,0.9935326285089319,0.006344928586526563,0.9936550714134734
CHAMARAJANAGAR,Chamarajanagara,8867.0,-20,TotalNPK,8494,-4.206608774106237,-373.0,0.09031474055170738,0.9096852594482926,0.0891183782750048,0.9108816217249952
BELAGAVI,Belagavi,39530.0,-20,TotalNPK,36712,-7.128762964836833,-2818.0,0.2576536638716733,0.7423463361283267,0.2409880121991726,0.7590119878008275
VIJAYAPURA,Vijayapura,27528.0,-20,TotalNPK,26448,-3.9232781168265043,-1080.0,0.032545388261028096,0.967454611738972,0.04930096325150224,0.9506990367484978
BAGALKOT,Bagalkote,25444.0,-20,TotalNPK,23469,-7.762144316931301,-1975.0,0.0819832300401021,0.9180167699598979,0.08931666515686809,0.9106833348431319
DHARAWAD,Dharwad,21178.0,-20,TotalNPK,19895,-6.058173576352819,-1283.0,0.030200510390083868,0.9697994896099161,0.03231346438385113,0.9676865356161488
GADAG,Gadag,31332.0,-20,TotalNPK,30254,-3.4405719392314564,-1078.0,0.08125410134888805,0.9187458986511119,0.09271673158800625,0.9072832684119938
HAVERI,Haveri,18309.0,-20,TotalNPK,17489,-4.478671691517833,-820.0,0.0189802614447164,0.9810197385552836,0.020813652030247737,0.9791863479697522
UTTARA KANNADA,Uttara Kannada,3825.0,-20,TotalNPK,3686,-3.633986928104575,-139.0,0.18596573095151295,0.8140342690484871,0.17954826826101394,0.8204517317389861
BALLARI,Ballari,22938.5,-20,TotalNPK,21360,-6.8814438607581145,-1578.5,0.11273787823550857,0.8872621217644914,0.11928918682247791,0.8807108131775221
BIDAR,Bidar,261.0,-20,TotalNPK,241,-7.662835249042145,-20.0,0.04160408312067079,0.9583959168793292,0.04142887338829,0.95857112661171
KALABURAGI,Kalaburagi,3114.0,-20,TotalNPK,2985,-4.142581888246628,-129.0,0.24246931583424478,0.7575306841657552,0.22887036869281635,0.7711296313071836
YADGIRI,Yadgir,31435.0,-20,TotalNPK,27743,-11.744870367424845,-3692.0,0.17841779074006564,0.8215822092599343,0.14490040361949053,0.8550995963805095
RAICHUR,Raichur,26958.0,-20,TotalNPK,25004,-7.248312189331553,-1954.0,0.007400656215822088,0.9925993437841779,0.007567110547453015,0.9924328894525469
KOPPAL,Koppal,29982.0,-20,TotalNPK,28506,-4.922953772263358,-1476.0,0.0592023332118119,0.9407976667881881,0.06366216746685988,0.9363378325331402
VIJAYANAGARA,Vijayanagara,22938.5,-20,TotalNPK,21360,-6.8814438607581145,-1578.5,0.12175841536031112,0.8782415846396889,0.13000120783887426,0.8699987921611257
BENGALURU,Bengaluru Urban,71.0,-20,AreaUnderOilSeeds_GroundNut,66,-7.042253521126761,-5.0,0.03568355814801312,0.9643164418519868,0.037269244165795884,0.9627307558342041
BENGALURU(R),Bengaluru Rural,206.0,-20,AreaUnderOilSeeds_GroundNut,196,-4.854368932038835,-10.0,0.16460517681370762,0.8353948231862924,0.16179348342357747,0.8382065165764225
RAMANAGARA,Ramanagara,4830.0,-20,AreaUnderOilSeeds_GroundNut,4644,-3.8509316770186333,-186.0,0.07478235508567264,0.9252176449143273,0.07020360343244353,0.9297963965675564
CHITRADURGA,Chitradurga,68575.0,-20,AreaUnderOilSeeds_GroundNut,63162,-7.8935472110827565,-5413.0,0.6908377688662048,0.30916223113379515,0.6972135144548938,0.30278648554510623
DAVANAGERE,Davanagere,16592.0,-20,AreaUnderOilSeeds_GroundNut,15736,-5.1591128254580525,-856.0,0.09081540891967432,0.9091845910803257,0.07960746440370264,0.9203925355962974
KOLAR,Kolar,5810.0,-20,AreaUnderOilSeeds_GroundNut,5328,-8.296041308089501,-482.0,0.031221290557783443,0.9687787094422166,0.035005224660397086,0.9649947753396029
CHIKKABALLAPURA,Chikkaballapura,7132.0,-20,AreaUnderOilSeeds_GroundNut,6038,-15.339315759955133,-1094.0,0.11785636164783082,0.8821436383521691,0.12354474736919878,0.8764552526308013
SHIVAMOGGA,Shivamogga,248.0,-20,AreaUnderOilSeeds_GroundNut,223,-10.080645161290322,-25.0,0.13129566168428727,0.8687043383157127,0.1353693676577689,0.864630632342231
TUMAKURU,Tumakuru,39626.0,-20,AreaUnderOilSeeds_GroundNut,36000,-9.150557714631807,-3626.0,0.39828758918806306,0.6017124108119369,0.3912004053069884,0.6087995946930116
CHIKKAMAGALURU,Chikkamagaluru,3909.0,-20,AreaUnderOilSeeds_GroundNut,3581,-8.390892811460732,-328.0,0.21211811884797666,0.7878818811520234,0.21271153089334904,0.787288469106651
DAKSHINA KANNADA,Dakshina Kannada,0.0,-20,AreaUnderOilSeeds_GroundNut,0,,0.0,0.02952242070725483,0.9704775792927451,0.030140749184636332,0.9698592508153636
UDUPI,Udupi,3623.0,-20,AreaUnderOilSeeds_GroundNut,3521,-2.8153463980126965,-102.0,0.023733138899015675,0.9762668611009844,0.025984769323327314,0.9740152306766727
HASSAN,Hassan,521.0,-20,AreaUnderOilSeeds_GroundNut,472,-9.404990403071018,-49.0,0.10607607242678335,0.8939239275732167,0.10494178989476795,0.895058210105232
KODAGU,Kodagu,45.0,-20,AreaUnderOilSeeds_GroundNut,41,-8.88888888888889,-4.0,0.012424352898286549,0.9875756471017134,0.01258668186567873,0.9874133181343213
MANDYA,Mandya,1021.0,-20,AreaUnderOilSeeds_GroundNut,944,-7.541625857002939,-77.0,0.14847685016405396,0.851523149835946,0.14761090529115606,0.8523890947088439
MYSURU,Mysuru,2170.0,-20,AreaUnderOilSeeds_GroundNut,2036,-6.175115207373272,-134.0,0.006467371491068172,0.9935326285089319,0.005929197935467527,0.9940708020645325
CHAMARAJANAGAR,Chamarajanagara,8867.0,-20,AreaUnderOilSeeds_GroundNut,8185,-7.691440171422127,-682.0,0.09031474055170738,0.9096852594482926,0.08935224765945768,0.9106477523405423
BELAGAVI,Belagavi,39530.0,-20,AreaUnderOilSeeds_GroundNut,37435,-5.299772324816595,-2095.0,0.2576536638716733,0.7423463361283267,0.26968113739273614,0.7303188626072639
VIJAYAPURA,Vijayapura,27528.0,-20,AreaUnderOilSeeds_GroundNut,26141,-5.038506248183667,-1387.0,0.032545388261028096,0.967454611738972,0.038611823564801584,0.9613881764351984
BAGALKOT,Bagalkote,25444.0,-20,AreaUnderOilSeeds_GroundNut,23970,-5.793114290205943,-1474.0,0.0819832300401021,0.9180167699598979,0.08369905956112861,0.9163009404388713
DHARAWAD,Dharwad,21178.0,-20,AreaUnderOilSeeds_GroundNut,19154,-9.557087543677401,-2024.0,0.030200510390083868,0.9697994896099161,0.04304011905892785,0.9569598809410722
GADAG,Gadag,31332.0,-20,AreaUnderOilSeeds_GroundNut,29027,-7.3566960296182815,-2305.0,0.08125410134888805,0.9187458986511119,0.08204752405379367,0.9179524759462063
HAVERI,Haveri,18309.0,-20,AreaUnderOilSeeds_GroundNut,17313,-5.4399475667704404,-996.0,0.0189802614447164,0.9810197385552836,0.029470703451894648,0.9705292965481054
UTTARA KANNADA,Uttara Kannada,3825.0,-20,AreaUnderOilSeeds_GroundNut,3715,-2.8758169934640523,-110.0,0.18596573095151295,0.8140342690484871,0.18704600867610272,0.8129539913238972
BALLARI,Ballari,22938.5,-20,AreaUnderOilSeeds_GroundNut,20153,-12.143339799899731,-2785.5,0.11273787823550857,0.8872621217644914,0.13118194936376748,0.8688180506362325
BIDAR,Bidar,261.0,-20,AreaUnderOilSeeds_GroundNut,244,-6.513409961685824,-17.0,0.04160408312067079,0.9583959168793292,0.04205060004433045,0.9579493999556695
KALABURAGI,Kalaburagi,3114.0,-20,AreaUnderOilSeeds_GroundNut,2900,-6.872190109184329,-214.0,0.24246931583424478,0.7575306841657552,0.247754451516207,0.752245548483793
YADGIRI,Yadgir,31435.0,-20,AreaUnderOilSeeds_GroundNut,29261,-6.915858119930014,-2174.0,0.17841779074006564,0.8215822092599343,0.17836146206052161,0.8216385379394784
RAICHUR,Raichur,26958.0,-20,AreaUnderOilSeeds_GroundNut,24945,-7.467171155130202,-2013.0,0.007400656215822088,0.9925993437841779,0.01119343909312559,0.9888065609068744
KOPPAL,Koppal,29982.0,-20,AreaUnderOilSeeds_GroundNut,28735,-4.159162163965046,-1247.0,0.0592023332118119,0.9407976667881881,0.0805135999493366,0.9194864000506634
VIJAYANAGARA,Vijayanagara,22938.5,-20,AreaUnderOilSeeds_GroundNut,20153,-12.143339799899731,-2785.5,0.12175841536031112,0.8782415846396889,0.14040087394319367,0.8595991260568063
BENGALURU,Bengaluru Urban,71.0,-20,LivestockCensus_2012_Sheep,69,-2.8169014084507045,-2.0,0.03568355814801312,0.9643164418519868,0.03632934599663381,0.9636706540033662
BENGALURU(R),Bengaluru Rural,206.0,-20,LivestockCensus_2012_Sheep,203,-1.4563106796116505,-3.0,0.16460517681370762,0.8353948231862924,0.16369018994950707,0.8363098100504929
RAMANAGARA,Ramanagara,4830.0,-20,LivestockCensus_2012_Sheep,4770,-1.2422360248447204,-60.0,0.07478235508567264,0.9252176449143273,0.07387292618417889,0.9261270738158212
CHITRADURGA,Chitradurga,68575.0,-20,LivestockCensus_2012_Sheep,66544,-2.961720743711265,-2031.0,0.6908377688662048,0.30916223113379515,0.6893664342389998,0.3106335657610002
DAVANAGERE,Davanagere,16592.0,-20,LivestockCensus_2012_Sheep,16522,-0.4218900675024108,-70.0,0.09081540891967432,0.9091845910803257,0.0860182736234672,0.9139817263765329
KOLAR,Kolar,5810.0,-20,LivestockCensus_2012_Sheep,5397,-7.1084337349397595,-413.0,0.031221290557783443,0.9687787094422166,0.027786126472709782,0.9722138735272903
CHIKKABALLAPURA,Chikkaballapura,7132.0,-20,LivestockCensus_2012_Sheep,6893,-3.3510936623667975,-239.0,0.11785636164783082,0.8821436383521691,0.11656447864069887,0.8834355213593011
SHIVAMOGGA,Shivamogga,248.0,-20,LivestockCensus_2012_Sheep,247,-0.4032258064516129,-1.0,0.13129566168428727,0.8687043383157127,0.1347168790574657,0.8652831209425342
TUMAKURU,Tumakuru,39626.0,-20,LivestockCensus_2012_Sheep,38349,-3.2226316055115327,-1277.0,0.39828758918806306,0.6017124108119369,0.39633711743894473,0.6036628825610553
CHIKKAMAGALURU,Chikkamagaluru,3909.0,-20,LivestockCensus_2012_Sheep,3889,-0.5116398055768739,-20.0,0.21211811884797666,0.7878818811520234,0.21163226050218117,0.7883677394978188
DAKSHINA KANNADA,Dakshina Kannada,0.0,-20,LivestockCensus_2012_Sheep,0,,0.0,0.02952242070725483,0.9704775792927451,0.030333313296465495,0.9696666867035345
UDUPI,Udupi,3623.0,-20,LivestockCensus_2012_Sheep,3622,-0.02760143527463428,-1.0,0.023733138899015675,0.9762668611009844,0.024528883144986774,0.9754711168550132
HASSAN,Hassan,521.0,-20,LivestockCensus_2012_Sheep,519,-0.3838771593090211,-2.0,0.10607607242678335,0.8939239275732167,0.1060325999839705,0.8939674000160295
KODAGU,Kodagu,45.0,-20,LivestockCensus_2012_Sheep,44,-2.2222222222222223,-1.0,0.012424352898286549,0.9875756471017134,0.012753466378135769,0.9872465336218642
MANDYA,Mandya,1021.0,-20,LivestockCensus_2012_Sheep,1008,-1.2732615083251715,-13.0,0.14847685016405396,0.851523149835946,0.14894505890839144,0.8510549410916086
MYSURU,Mysuru,2170.0,-20,LivestockCensus_2012_Sheep,2159,-0.5069124423963134,-11.0,0.006467371491068172,0.9935326285089319,0.006518243568165424,0.9934817564318346
CHAMARAJANAGAR,Chamarajanagara,8867.0,-20,LivestockCensus_2012_Sheep,8800,-0.7556106913273938,-67.0,0.09031474055170738,0.9096852594482926,0.09248517271780075,0.9075148272821992
BELAGAVI,Belagavi,39530.0,-20,LivestockCensus_2012_Sheep,39120,-1.037186946622818,-410.0,0.2576536638716733,0.7423463361283267,0.26312515027650873,0.7368748497234913
VIJAYAPURA,Vijayapura,27528.0,-20,LivestockCensus_2012_Sheep,27324,-0.7410636442894507,-204.0,0.032545388261028096,0.967454611738972,0.03636992065400335,0.9636300793459966
BAGALKOT,Bagalkote,25444.0,-20,LivestockCensus_2012_Sheep,24878,-2.2244930042446156,-566.0,0.0819832300401021,0.9180167699598979,0.0877825198364992,0.9122174801635008
DHARAWAD,Dharwad,21178.0,-20,LivestockCensus_2012_Sheep,21093,-0.4013599017848711,-85.0,0.030200510390083868,0.9697994896099161,0.028958283241163785,0.9710417167588362
GADAG,Gadag,31332.0,-20,LivestockCensus_2012_Sheep,30935,-1.2670751946891359,-397.0,0.08125410134888805,0.9187458986511119,0.08381135575172599,0.9161886442482741
HAVERI,Haveri,18309.0,-20,LivestockCensus_2012_Sheep,18202,-0.5844120377956197,-107.0,0.0189802614447164,0.9810197385552836,0.02189743413595302,0.978102565864047
UTTARA KANNADA,Uttara Kannada,3825.0,-20,LivestockCensus_2012_Sheep,3823,-0.052287581699346414,-2.0,0.18596573095151295,0.8140342690484871,0.18985633565761,0.81014366434239
BALLARI,Ballari,22938.5,-20,LivestockCensus_2012_Sheep,22297,-2.7966083222529807,-641.5,0.11273787823550857,0.8872621217644914,0.1172994023288566,0.8827005976711434
BIDAR,Bidar,261.0,-20,LivestockCensus_2012_Sheep,258,-1.1494252873563218,-3.0,0.04160408312067079,0.9583959168793292,0.042798749699446983,0.957201250300553
KALABURAGI,Kalaburagi,3114.0,-20,LivestockCensus_2012_Sheep,3106,-0.2569043031470777,-8.0,0.24246931583424478,0.7575306841657552,0.24584735914081907,0.754152640859181
YADGIRI,Yadgir,31435.0,-20,LivestockCensus_2012_Sheep,30815,-1.972323842850326,-620.0,0.17841779074006564,0.8215822092599343,0.17740141861024283,0.8225985813897572
RAICHUR,Raichur,26958.0,-20,LivestockCensus_2012_Sheep,26600,-1.3279916907782476,-358.0,0.007400656215822088,0.9925993437841779,0.005806684299110354,0.9941933157008896
KOPPAL,Koppal,29982.0,-20,LivestockCensus_2012_Sheep,29618,-1.2140617703955707,-364.0,0.0592023332118119,0.9407976667881881,0.0633655926905507,0.9366344073094492
VIJAYANAGARA,Vijayanagara,22938.5,-20,LivestockCensus_2012_Sheep,22297,-2.7966083222529807,-641.5,0.12175841536031112,0.8782415846396889,0.12607197242926993,0.8739280275707301
BENGALURU,Bengaluru Urban,71.0,-20,MotorVehicles_Tractors,59,-16.901408450704224,-12.0,0.03568355814801312,0.9643164418519868,0.03515105740181269,0.9648489425981873
BENGALURU(R),Bengaluru Rural,206.0,-20,MotorVehicles_Tractors,204,-0.9708737864077669,-2.0,0.16460517681370762,0.8353948231862924,0.1600936555891239,0.8399063444108761
RAMANAGARA,Ramanagara,4830.0,-20,MotorVehicles_Tractors,4568,-5.424430641821947,-262.0,0.07478235508567264,0.9252176449143273,0.07525981873111781,0.9247401812688822
CHITRADURGA,Chitradurga,68575.0,-20,MotorVehicles_Tractors,66200,-3.4633612832664964,-2375.0,0.6908377688662048,0.30916223113379515,0.6945045317220544,0.3054954682779456
DAVANAGERE,Davanagere,16592.0,-20,MotorVehicles_Tractors,16203,-2.34450337512054,-389.0,0.09081540891967432,0.9091845910803257,0.08640986908358511,0.9135901309164149
KOLAR,Kolar,5810.0,-20,MotorVehicles_Tractors,4886,-15.903614457831324,-924.0,0.031221290557783443,0.9687787094422166,0.021208459214501506,0.9787915407854985
CHIKKABALLAPURA,Chikkaballapura,7132.0,-20,MotorVehicles_Tractors,6760,-5.215928210880538,-372.0,0.11785636164783082,0.8821436383521691,0.11353474320241694,0.886465256797583
SHIVAMOGGA,Shivamogga,248.0,-20,MotorVehicles_Tractors,241,-2.82258064516129,-7.0,0.13129566168428727,0.8687043383157127,0.13262839879154079,0.8673716012084592
TUMAKURU,Tumakuru,39626.0,-20,MotorVehicles_Tractors,37738,-4.764548528743754,-1888.0,0.39828758918806306,0.6017124108119369,0.39107898144151926,0.6089210185584808
CHIKKAMAGALURU,Chikkamagaluru,3909.0,-20,MotorVehicles_Tractors,3706,-5.193144026605269,-203.0,0.21211811884797666,0.7878818811520234,0.2125140267587397,0.7874859732412602
DAKSHINA KANNADA,Dakshina Kannada,0.0,-20,MotorVehicles_Tractors,0,,0.0,0.02952242070725483,0.9704775792927451,0.029407099697885197,0.9705929003021148
UDUPI,Udupi,3623.0,-20,MotorVehicles_Tractors,3533,-2.4841291747170855,-90.0,0.023733138899015675,0.9762668611009844,0.024331570996978857,0.9756684290030211
HASSAN,Hassan,521.0,-20,MotorVehicles_Tractors,506,-2.8790786948176583,-15.0,0.10607607242678335,0.8939239275732167,0.10462235649546829,0.8953776435045318
KODAGU,Kodagu,45.0,-20,MotorVehicles_Tractors,42,-6.666666666666667,-3.0,0.012424352898286549,0.9875756471017134,0.012537764350453172,0.9874622356495468
MANDYA,Mandya,1021.0,-20,MotorVehicles_Tractors,996,-2.4485798237022527,-25.0,0.14847685016405396,0.851523149835946,0.1471178247734139,0.852882175226586
MYSURU,Mysuru,2170.0,-20,MotorVehicles_Tractors,2110,-2.7649769585253456,-60.0,0.006467371491068172,0.9935326285089319,0.007016616314199392,0.9929833836858006
CHAMARAJANAGAR,Chamarajanagara,8867.0,-20,MotorVehicles_Tractors,8754,-1.2743881808954551,-113.0,0.09031474055170738,0.9096852594482926,0.09359516616314198,0.906404833836858
BELAGAVI,Belagavi,39530.0,-20,MotorVehicles_Tractors,38106,-3.6023273463192513,-1424.0,0.2576536638716733,0.7423463361283267,0.2624380664652568,0.7375619335347432
VIJAYAPURA,Vijayapura,27528.0,-20,MotorVehicles_Tractors,26560,-3.5164196454519034,-968.0,0.032545388261028096,0.967454611738972,0.031842900302114785,0.9681570996978852
BAGALKOT,Bagalkote,25444.0,-20,MotorVehicles_Tractors,24344,-4.323219619556673,-1100.0,0.0819832300401021,0.9180167699598979,0.08219939577039276,0.9178006042296072
DHARAWAD,Dharwad,21178.0,-20,MotorVehicles_Tractors,20217,-4.5377278307677775,-961.0,0.030200510390083868,0.9697994896099161,0.029082326283987936,0.9709176737160121
GADAG,Gadag,31332.0,-20,MotorVehicles_Tractors,28800,-8.081194944465722,-2532.0,0.08125410134888805,0.9187458986511119,0.06085455330168321,0.9391454466983168
HAVERI,Haveri,18309.0,-20,MotorVehicles_Tractors,17921,-2.1191763613523404,-388.0,0.0189802614447164,0.9810197385552836,0.027561501942166555,0.9724384980578334
UTTARA KANNADA,Uttara Kannada,3825.0,-20,MotorVehicles_Tractors,3742,-2.1699346405228757,-83.0,0.18596573095151295,0.8140342690484871,0.1852205438066465,0.8147794561933535
BALLARI,Ballari,22938.5,-20,MotorVehicles_Tractors,21736,-5.242278265797676,-1202.5,0.11273787823550857,0.8872621217644914,0.11689684937419065,0.8831031506258094
BIDAR,Bidar,261.0,-20,MotorVehicles_Tractors,252,-3.4482758620689653,-9.0,0.04160408312067079,0.9583959168793292,0.042069486404833836,0.9579305135951661
KALABURAGI,Kalaburagi,3114.0,-20,MotorVehicles_Tractors,3037,-2.472703917790623,-77.0,0.24246931583424478,0.7575306841657552,0.24346424974823763,0.7565357502517623
YADGIRI,Yadgir,31435.0,-20,MotorVehicles_Tractors,30651,-2.494035310959122,-784.0,0.17841779074006564,0.8215822092599343,0.18244712990936557,0.8175528700906345
RAICHUR,Raichur,26958.0,-20,MotorVehicles_Tractors,26122,-3.1011202611469693,-836.0,0.007400656215822088,0.9925993437841779,0.006105740181268859,0.9938942598187311
KOPPAL,Koppal,29982.0,-20,MotorVehicles_Tractors,29340,-2.1412847708625176,-642.0,0.0592023332118119,0.9407976667881881,0.07239274924471295,0.927607250755287
VIJAYANAGARA,Vijayanagara,22938.5,-20,MotorVehicles_Tractors,21736,-5.242278265797676,-1202.5,0.12175841536031112,0.8782415846396889,0.12533736153071495,0.874662638469285
