District,KDG_District,Original Maize Production Value,Perturbation,Factor,New Maize Production Values,Percentage Change,Change,Initial Stress,Initial Stability,Stress,Stability
BENGALURU,Bengaluru Urban,2879,10,TotalNPK,3134,8.857242097950676,255,0.03982434326688501,0.960175656733115,0.039984980469680756,0.9600150195303192
BENGALURU(R),Bengaluru Rural,42583,10,TotalNPK,44354,4.158936664866261,1771,0.008581672125402659,0.9914183278745974,0.009014018776056162,0.9909859812239439
RAMANAGARA,Ramanagara,10450,10,TotalNPK,10579,1.2344497607655502,129,0.07660864232474762,0.9233913576752524,0.0773765448835822,0.9226234551164179
CHITRADURGA,Chitradurga,271975,10,TotalNPK,278336,2.338817906057542,6361,0.14489911447171566,0.8551008855282843,0.14153886098060775,0.8584611390193922
DAVANAGERE,Davanagere,593544,10,TotalNPK,608541,2.526687153774615,14997,0.6682534628154498,0.33174653718455016,0.6655590995512217,0.3344409004487783
KOLAR,Kolar,1759,10,TotalNPK,1887,7.2768618533257525,128,0.12177361745717251,0.8782263825428275,0.12394645553873938,0.8760535444612606
CHIKKABALLAPURA,Chikkaballapura,105491,10,TotalNPK,110273,4.533088130741011,4782,0.11527536290485627,0.8847246370951437,0.11837493283114861,0.8816250671688514
SHIVAMOGGA,Shivamogga,226532,10,TotalNPK,232616,2.685713276711458,6084,0.013504980254201882,0.9864950197457981,0.01231305696740237,0.9876869430325976
TUMAKURU,Tumakuru,66868,10,TotalNPK,68470,2.395764790333194,1602,0.09076231681463982,0.9092376831853601,0.09260439547798988,0.9073956045220102
CHIKKAMAGALURU,Chikkamagaluru,61353,10,TotalNPK,66112,7.756751911071993,4759,0.2559670627379171,0.7440329372620829,0.2509909533035337,0.7490090466964663
DAKSHINA KANNADA,Dakshina Kannada,0,10,TotalNPK,0,,0,0.17408987370776222,0.8259101262922378,0.1766828364892423,0.8233171635107577
UDUPI,Udupi,109,10,TotalNPK,110,0.9174311926605505,1,0.13121899977086787,0.8687810002291321,0.13268374686339948,0.8673162531366005
HASSAN,Hassan,333937,10,TotalNPK,343879,2.9772082758125036,9942,0.47762227119359874,0.5223777288064013,0.47854348898978594,0.5214565110102141
KODAGU,Kodagu,17921,10,TotalNPK,19974,11.45583393783829,2053,0.23437071781255195,0.7656292821874481,0.23288652695545575,0.7671134730445442
MANDYA,Mandya,19387,10,TotalNPK,20232,4.358590808273585,845,0.2019597536155702,0.7980402463844298,0.20215992020258292,0.7978400797974171
MYSURU,Mysuru,137154,10,TotalNPK,141206,2.954343292940782,4052,0.012419045597293538,0.9875809544027064,0.011749413761767885,0.9882505862382321
CHAMARAJANAGAR,Chamarajanagara,147886,10,TotalNPK,152139,2.8758638410667676,4253,0.15537573176265507,0.8446242682373449,0.15578243700917443,0.8442175629908255
BELAGAVI,Belagavi,576758,10,TotalNPK,604933,4.885064446440275,28175,0.7253265132829243,0.2746734867170757,0.744848744784657,0.255151255215343
VIJAYAPURA,Vijayapura,226327,10,TotalNPK,232406,2.6859367198787596,6079,0.09608756890811804,0.903912431091882,0.0898319094358474,0.9101680905641526
BAGALKOT,Bagalkote,251699,10,TotalNPK,265084,5.317859824631802,13385,0.04244302023101909,0.9575569797689809,0.04894230627024315,0.9510576937297568
DHARAWAD,Dharwad,90634,10,TotalNPK,94396,4.150760200366308,3762,0.33286201191487064,0.6671379880851294,0.3368462437206367,0.6631537562793632
GADAG,Gadag,138476,10,TotalNPK,141738,2.3556428550795805,3262,0.18330281447421884,0.8166971855257812,0.19084921382219344,0.8091507861778066
HAVERI,Haveri,413487,10,TotalNPK,426166,3.0663600064814616,12679,0.38823575000336963,0.6117642499966304,0.39046295037756584,0.6095370496224342
UTTARA KANNADA,Uttara Kannada,24088,10,TotalNPK,24686,2.4825639322484223,598,0.3999973043279016,0.6000026956720984,0.4058201501624377,0.5941798498375623
BALLARI,Ballari,104045,10,TotalNPK,108948,4.712384064587438,4903,0.23687905674582324,0.7631209432541768,0.23440585174798645,0.7655941482520136
BIDAR,Bidar,2791,10,TotalNPK,2936,5.19527051236116,145,0.019931125577884706,0.9800688744221153,0.019881980014493685,0.9801180199855063
KALABURAGI,Kalaburagi,14621,10,TotalNPK,15035,2.831543670063607,414,0.1055400554409895,0.8944599445590105,0.105785805722211,0.894214194277789
YADGIRI,Yadgir,2673,10,TotalNPK,2888,8.043396932285821,215,0.13121857857210248,0.8687814214278975,0.13120726458858156,0.8687927354114184
RAICHUR,Raichur,723,10,TotalNPK,758,4.840940525587829,35,0.25992377987141646,0.7400762201285835,0.2636482997858813,0.7363517002141187
KOPPAL,Koppal,190252,10,TotalNPK,196668,3.3723692786409605,6416,0.11870122518296872,0.8812987748170313,0.1176137680123443,0.8823862319876556
VIJAYANAGARA,Vijayanagara,104045,10,TotalNPK,108948,4.712384064587438,4903,0.3053716320946721,0.6946283679053279,0.30310447447254996,0.69689552552745
BENGALURU,Bengaluru Urban,2879,10,LivestockCensus_2012_Cattle,3027,5.140673845085099,148,0.03982434326688501,0.960175656733115,0.0408305457996518,0.9591694542003482
BENGALURU(R),Bengaluru Rural,42583,10,LivestockCensus_2012_Cattle,44031,3.4004180071859658,1448,0.008581672125402659,0.9914183278745974,0.0085781406119987,0.9914218593880013
RAMANAGARA,Ramanagara,10450,10,LivestockCensus_2012_Cattle,10897,4.277511961722488,447,0.07660864232474762,0.9233913576752524,0.07821713689937142,0.9217828631006286
CHITRADURGA,Chitradurga,271975,10,LivestockCensus_2012_Cattle,276822,1.7821490945858993,4847,0.14489911447171566,0.8551008855282843,0.14771945770913192,0.8522805422908681
DAVANAGERE,Davanagere,593544,10,LivestockCensus_2012_Cattle,598498,0.8346474734813256,4954,0.6682534628154498,0.33174653718455016,0.665022272421963,0.334977727578037
KOLAR,Kolar,1759,10,LivestockCensus_2012_Cattle,1890,7.447413303013076,131,0.12177361745717251,0.8782263825428275,0.1251967425120886,0.8748032574879114
CHIKKABALLAPURA,Chikkaballapura,105491,10,LivestockCensus_2012_Cattle,109609,3.9036505483880144,4118,0.11527536290485627,0.8847246370951437,0.11910037014882811,0.8808996298511719
SHIVAMOGGA,Shivamogga,226532,10,LivestockCensus_2012_Cattle,232588,2.6733529920717602,6056,0.013504980254201882,0.9864950197457981,0.018796052785472972,0.9812039472145271
TUMAKURU,Tumakuru,66868,10,LivestockCensus_2012_Cattle,69062,3.281091104863313,2194,0.09076231681463982,0.9092376831853601,0.09170289625027989,0.9082971037497201
CHIKKAMAGALURU,Chikkamagaluru,61353,10,LivestockCensus_2012_Cattle,63699,3.8237738985868663,2346,0.2559670627379171,0.7440329372620829,0.25632285201573657,0.7436771479842634
DAKSHINA KANNADA,Dakshina Kannada,0,10,LivestockCensus_2012_Cattle,0,,0,0.17408987370776222,0.8259101262922378,0.1774621636162527,0.8225378363837473
UDUPI,Udupi,109,10,LivestockCensus_2012_Cattle,114,4.587155963302752,5,0.13121899977086787,0.8687810002291321,0.13417881095676176,0.8658211890432382
HASSAN,Hassan,333937,10,LivestockCensus_2012_Cattle,342670,2.6151639381080862,8733,0.47762227119359874,0.5223777288064013,0.48574152851527214,0.5142584714847278
KODAGU,Kodagu,17921,10,LivestockCensus_2012_Cattle,18360,2.449640087048714,439,0.23437071781255195,0.7656292821874481,0.23854326441636675,0.7614567355836332
MANDYA,Mandya,19387,10,LivestockCensus_2012_Cattle,19894,2.615154484964151,507,0.2019597536155702,0.7980402463844298,0.20598464823608434,0.7940153517639157
MYSURU,Mysuru,137154,10,LivestockCensus_2012_Cattle,140713,2.5948933315834752,3559,0.012419045597293538,0.9875809544027064,0.012277818806412044,0.9877221811935879
CHAMARAJANAGAR,Chamarajanagara,147886,10,LivestockCensus_2012_Cattle,152535,3.143637666851494,4649,0.15537573176265507,0.8446242682373449,0.1593438908734866,0.8406561091265135
BELAGAVI,Belagavi,576758,10,LivestockCensus_2012_Cattle,585956,1.5947763186639805,9198,0.7253265132829243,0.2746734867170757,0.7305474705011545,0.26945252949884546
VIJAYAPURA,Vijayapura,226327,10,LivestockCensus_2012_Cattle,229138,1.2420082447078784,2811,0.09608756890811804,0.903912431091882,0.09530725248873012,0.9046927475112698
BAGALKOT,Bagalkote,251699,10,LivestockCensus_2012_Cattle,256070,1.736598079452044,4371,0.04244302023101909,0.9575569797689809,0.04396439085844894,0.9560356091415511
DHARAWAD,Dharwad,90634,10,LivestockCensus_2012_Cattle,92567,2.1327537127347354,1933,0.33286201191487064,0.6671379880851294,0.3343900063158106,0.6656099936841894
GADAG,Gadag,138476,10,LivestockCensus_2012_Cattle,140457,1.4305728068401744,1981,0.18330281447421884,0.8166971855257812,0.18467396716446832,0.8153260328355316
HAVERI,Haveri,413487,10,LivestockCensus_2012_Cattle,418990,1.33087618232254,5503,0.38823575000336963,0.6117642499966304,0.3896960152152317,0.6103039847847683
UTTARA KANNADA,Uttara Kannada,24088,10,LivestockCensus_2012_Cattle,25392,5.413483892394553,1304,0.3999973043279016,0.6000026956720984,0.40209156922830147,0.5979084307716985
BALLARI,Ballari,104045,10,LivestockCensus_2012_Cattle,105401,1.3032822336489018,1356,0.23687905674582324,0.7631209432541768,0.2376418014047547,0.7623581985952453
BIDAR,Bidar,2791,10,LivestockCensus_2012_Cattle,2928,4.9086348978860626,137,0.019931125577884706,0.9800688744221153,0.020137076481458585,0.9798629235185414
KALABURAGI,Kalaburagi,14621,10,LivestockCensus_2012_Cattle,14980,2.455372409547911,359,0.1055400554409895,0.8944599445590105,0.10574861291655667,0.8942513870834433
YADGIRI,Yadgir,2673,10,LivestockCensus_2012_Cattle,2745,2.6936026936026933,72,0.13121857857210248,0.8687814214278975,0.13178323068748768,0.8682167693125123
RAICHUR,Raichur,723,10,LivestockCensus_2012_Cattle,733,1.3831258644536653,10,0.25992377987141646,0.7400762201285835,0.26138500045112933,0.7386149995488707
KOPPAL,Koppal,190252,10,LivestockCensus_2012_Cattle,192503,1.183167588251372,2251,0.11870122518296872,0.8812987748170313,0.11844751360906802,0.881552486390932
VIJAYANAGARA,Vijayanagara,104045,10,LivestockCensus_2012_Cattle,105401,1.3032822336489018,1356,0.3053716320946721,0.6946283679053279,0.3063961784333449,0.6936038215666551
BENGALURU,Bengaluru Urban,2879,10,AreaUnderCereals_Maize,3079,6.946856547412296,200,0.03982434326688501,0.960175656733115,0.039936961869618696,0.9600630381303813
BENGALURU(R),Bengaluru Rural,42583,10,AreaUnderCereals_Maize,45227,6.209050560082662,2644,0.008581672125402659,0.9914183278745974,0.007417550738007372,0.9925824492619926
RAMANAGARA,Ramanagara,10450,10,AreaUnderCereals_Maize,10803,3.3779904306220097,353,0.07660864232474762,0.9233913576752524,0.07702503587535875,0.9229749641246412
CHITRADURGA,Chitradurga,271975,10,AreaUnderCereals_Maize,288372,6.028862946962037,16397,0.14489911447171566,0.8551008855282843,0.14559245592455927,0.8544075440754407
DAVANAGERE,Davanagere,593544,10,AreaUnderCereals_Maize,624384,5.1959079697545585,30840,0.6682534628154498,0.33174653718455016,0.6641172205992893,0.33588277940071065
KOLAR,Kolar,1759,10,AreaUnderCereals_Maize,1872,6.424104604889141,113,0.12177361745717251,0.8782263825428275,0.12615153495284953,0.8738484650471505
CHIKKABALLAPURA,Chikkaballapura,105491,10,AreaUnderCereals_Maize,116051,10.010332635011517,10560,0.11527536290485627,0.8847246370951437,0.12272415692906931,0.8772758430709306
SHIVAMOGGA,Shivamogga,226532,10,AreaUnderCereals_Maize,234326,3.440573517207282,7794,0.013504980254201882,0.9864950197457981,0.003985367978679766,0.9960146320213202
TUMAKURU,Tumakuru,66868,10,AreaUnderCereals_Maize,71173,6.43805706765568,4305,0.09076231681463982,0.9092376831853601,0.09070494164763072,0.9092950583523692
CHIKKAMAGALURU,Chikkamagaluru,61353,10,AreaUnderCereals_Maize,65947,7.4878164066956785,4594,0.2559670627379171,0.7440329372620829,0.25275951978269784,0.7472404802173022
DAKSHINA KANNADA,Dakshina Kannada,0,10,AreaUnderCereals_Maize,0,,0,0.17408987370776222,0.8259101262922378,0.17320591174661745,0.8267940882533825
UDUPI,Udupi,109,10,AreaUnderCereals_Maize,110,0.9174311926605505,1,0.13121899977086787,0.8687810002291321,0.13002174943624437,0.8699782505637557
HASSAN,Hassan,333937,10,AreaUnderCereals_Maize,347997,4.2103750108553415,14060,0.47762227119359874,0.5223777288064013,0.4720084114903649,0.5279915885096351
KODAGU,Kodagu,17921,10,AreaUnderCereals_Maize,18534,3.420568048657999,613,0.23437071781255195,0.7656292821874481,0.23285830514555145,0.7671416948544485
MANDYA,Mandya,19387,10,AreaUnderCereals_Maize,20257,4.4875431990509105,870,0.2019597536155702,0.7980402463844298,0.20090745438704388,0.7990925456129561
MYSURU,Mysuru,137154,10,AreaUnderCereals_Maize,143784,4.833982238943086,6630,0.012419045597293538,0.9875809544027064,0.01345446071648218,0.9865455392835178
CHAMARAJANAGAR,Chamarajanagara,147886,10,AreaUnderCereals_Maize,154745,4.638031997619788,6859,0.15537573176265507,0.8446242682373449,0.1544941360871942,0.8455058639128058
BELAGAVI,Belagavi,576758,10,AreaUnderCereals_Maize,600086,4.0446773170029715,23328,0.7253265132829243,0.2746734867170757,0.7180815011275113,0.28191849887248865
VIJAYAPURA,Vijayapura,226327,10,AreaUnderCereals_Maize,233478,3.1595876762383632,7151,0.09608756890811804,0.903912431091882,0.09244631508815088,0.9075536849118491
BAGALKOT,Bagalkote,251699,10,AreaUnderCereals_Maize,259577,3.129929002499017,7878,0.04244302023101909,0.9575569797689809,0.03836036797867981,0.9616396320213202
DHARAWAD,Dharwad,90634,10,AreaUnderCereals_Maize,96129,6.062846172518039,5495,0.33286201191487064,0.6671379880851294,0.331874695700082,0.668125304299918
GADAG,Gadag,138476,10,AreaUnderCereals_Maize,144552,4.387763944654669,6076,0.18330281447421884,0.8166971855257812,0.18588103291747207,0.814118967082528
HAVERI,Haveri,413487,10,AreaUnderCereals_Maize,443846,7.342189718177355,30359,0.38823575000336963,0.6117642499966304,0.401950905669771,0.598049094330229
UTTARA KANNADA,Uttara Kannada,24088,10,AreaUnderCereals_Maize,24901,3.375124543341083,813,0.3999973043279016,0.6000026956720984,0.4003920664206642,0.5996079335793358
BALLARI,Ballari,104045,10,AreaUnderCereals_Maize,112914,8.52419626123312,8869,0.23687905674582324,0.7631209432541768,0.23421507094535235,0.7657849290546477
BIDAR,Bidar,2791,10,AreaUnderCereals_Maize,3036,8.778215693299893,245,0.019931125577884706,0.9800688744221153,0.01930382585075851,0.9806961741492415
KALABURAGI,Kalaburagi,14621,10,AreaUnderCereals_Maize,15089,3.2008754531153825,468,0.1055400554409895,0.8944599445590105,0.10361679137624709,0.8963832086237529
YADGIRI,Yadgir,2673,10,AreaUnderCereals_Maize,2843,6.359895248784138,170,0.13121857857210248,0.8687814214278975,0.12877919143774774,0.8712208085622523
RAICHUR,Raichur,723,10,AreaUnderCereals_Maize,1185,63.90041493775933,462,0.25992377987141646,0.7400762201285835,0.2568012633251332,0.7431987366748668
KOPPAL,Koppal,190252,10,AreaUnderCereals_Maize,198826,4.506654332148939,8574,0.11870122518296872,0.8812987748170313,0.11627075645756457,0.8837292435424354
VIJAYANAGARA,Vijayanagara,104045,10,AreaUnderCereals_Maize,112914,8.52419626123312,8869,0.3053716320946721,0.6946283679053279,0.3030747104346043,0.6969252895653957
BENGALURU,Bengaluru Urban,2879,-10,TotalNPK,2623,-8.891976380687739,-256,0.03982434326688501,0.960175656733115,0.03965544658505979,0.9603445534149402
BENGALURU(R),Bengaluru Rural,42583,-10,TotalNPK,40811,-4.1612850198436,-1772,0.008581672125402659,0.9914183278745974,0.008126925084608654,0.9918730749153913
RAMANAGARA,Ramanagara,10450,-10,TotalNPK,10320,-1.244019138755981,-130,0.07660864232474762,0.9233913576752524,0.07580105989843505,0.9241989401015649
CHITRADURGA,Chitradurga,271975,-10,TotalNPK,265613,-2.3391855869105616,-6362,0.14489911447171566,0.8551008855282843,0.1484338324005352,0.8515661675994648
DAVANAGERE,Davanagere,593544,-10,TotalNPK,578546,-2.5268556332807677,-14998,0.6682534628154498,0.33174653718455016,0.6710886717161066,0.32891132828389336
KOLAR,Kolar,1759,-10,TotalNPK,1630,-7.333712336554861,-129,0.12177361745717251,0.8782263825428275,0.11948833800596668,0.8805116619940333
CHIKKABALLAPURA,Chikkaballapura,105491,-10,TotalNPK,100708,-4.534036078907206,-4783,0.11527536290485627,0.8847246370951437,0.11201529351166545,0.8879847064883346
SHIVAMOGGA,Shivamogga,226532,-10,TotalNPK,220447,-2.68615471544859,-6085,0.013504980254201882,0.9864950197457981,0.014758722729048379,0.9852412772709516
TUMAKURU,Tumakuru,66868,-10,TotalNPK,65265,-2.3972602739726026,-1603,0.09076231681463982,0.9092376831853601,0.08882489156313539,0.9111751084368647
CHIKKAMAGALURU,Chikkamagaluru,61353,-10,TotalNPK,56593,-7.758381823219729,-4760,0.2559670627379171,0.7440329372620829,0.2612018503529291,0.7387981496470709
DAKSHINA KANNADA,Dakshina Kannada,0,-10,TotalNPK,0,,0,0.17408987370776222,0.8259101262922378,0.1713610499424419,0.8286389500575582
UDUPI,Udupi,109,-10,TotalNPK,107,-1.834862385321101,-2,0.13121899977086787,0.8687810002291321,0.12967897107576581,0.8703210289242342
HASSAN,Hassan,333937,-10,TotalNPK,323994,-2.977507733494641,-9943,0.47762227119359874,0.5223777288064013,0.47665382988849053,0.5233461701115094
KODAGU,Kodagu,17921,-10,TotalNPK,15867,-11.461413983594666,-2054,0.23437071781255195,0.7656292821874481,0.23593283852969338,0.7640671614703066
MANDYA,Mandya,19387,-10,TotalNPK,18541,-4.363748903904678,-846,0.2019597536155702,0.7980402463844298,0.20174955837565206,0.7982504416243479
MYSURU,Mysuru,137154,-10,TotalNPK,133101,-2.95507240036747,-4053,0.012419045597293538,0.9875809544027064,0.013123416288419593,0.9868765837115804
CHAMARAJANAGAR,Chamarajanagara,147886,-10,TotalNPK,143632,-2.876540037596527,-4254,0.15537573176265507,0.8446242682373449,0.15494820924639816,0.8450517907536018
BELAGAVI,Belagavi,576758,-10,TotalNPK,548582,-4.885237829384248,-28176,0.7253265132829243,0.2746734867170757,0.704793395857892,0.295206604142108
VIJAYAPURA,Vijayapura,226327,-10,TotalNPK,220247,-2.686378558457453,-6080,0.09608756890811804,0.903912431091882,0.10266772218630843,0.8973322778136916
BAGALKOT,Bagalkote,251699,-10,TotalNPK,238313,-5.318257124581345,-13386,0.04244302023101909,0.9575569797689809,0.03560684889360566,0.9643931511063943
DHARAWAD,Dharwad,90634,-10,TotalNPK,86871,-4.151863539069224,-3763,0.33286201191487064,0.6671379880851294,0.3286717910071109,0.6713282089928891
GADAG,Gadag,138476,-10,TotalNPK,135213,-2.3563650018775815,-3263,0.18330281447421884,0.8166971855257812,0.17536548519910256,0.8246345148008974
HAVERI,Haveri,413487,-10,TotalNPK,400807,-3.0666018520533895,-12680,0.38823575000336963,0.6117642499966304,0.38589375039199253,0.6141062496080074
UTTARA KANNADA,Uttara Kannada,24088,-10,TotalNPK,23489,-2.486715376951179,-599,0.3999973043279016,0.6000026956720984,0.39387326159026254,0.6061267384097375
BALLARI,Ballari,104045,-10,TotalNPK,99141,-4.713345187178625,-4904,0.23687905674582324,0.7631209432541768,0.23948089570356423,0.7605191042964358
BIDAR,Bidar,2791,-10,TotalNPK,2645,-5.231099964170548,-146,0.019931125577884706,0.9800688744221153,0.019982853567391358,0.9800171464326086
KALABURAGI,Kalaburagi,14621,-10,TotalNPK,14206,-2.838383147527529,-415,0.1055400554409895,0.8944599445590105,0.10528174653931291,0.8947182534606871
YADGIRI,Yadgir,2673,-10,TotalNPK,2457,-8.080808080808081,-216,0.13121857857210248,0.8687814214278975,0.1312307059421377,0.8687692940578623
RAICHUR,Raichur,723,-10,TotalNPK,687,-4.979253112033195,-36,0.25992377987141646,0.7400762201285835,0.25600660967321526,0.7439933903267848
KOPPAL,Koppal,190252,-10,TotalNPK,183835,-3.372894897294115,-6417,0.11870122518296872,0.8812987748170313,0.11984526727347519,0.8801547327265248
VIJAYANAGARA,Vijayanagara,104045,-10,TotalNPK,99141,-4.713345187178625,-4904,0.3053716320946721,0.6946283679053279,0.307756859437279,0.692243140562721
BENGALURU,Bengaluru Urban,2879,-10,LivestockCensus_2012_Cattle,2730,-5.175408127822161,-149,0.03982434326688501,0.960175656733115,0.03880126879707232,0.9611987312029276
BENGALURU(R),Bengaluru Rural,42583,-10,LivestockCensus_2012_Cattle,41134,-3.4027663621633044,-1449,0.008581672125402659,0.9914183278745974,0.008585277672535509,0.9914147223274645
RAMANAGARA,Ramanagara,10450,-10,LivestockCensus_2012_Cattle,10002,-4.287081339712919,-448,0.07660864232474762,0.9233913576752524,0.07497319861567239,0.9250268013843276
CHITRADURGA,Chitradurga,271975,-10,LivestockCensus_2012_Cattle,267127,-1.7825167754389188,-4848,0.14489911447171566,0.8551008855282843,0.14203153643714028,0.8579684635628597
DAVANAGERE,Davanagere,593544,-10,LivestockCensus_2012_Cattle,588589,-0.8348159529874786,-4955,0.6682534628154498,0.33174653718455016,0.6715401862193596,0.3284598137806404
KOLAR,Kolar,1759,-10,LivestockCensus_2012_Cattle,1627,-7.504263786242182,-132,0.12177361745717251,0.8782263825428275,0.11829307037678242,0.8817069296232176
CHIKKABALLAPURA,Chikkaballapura,105491,-10,LivestockCensus_2012_Cattle,101372,-3.9045984965542084,-4119,0.11527536290485627,0.8847246370951437,0.11138615683722711,0.8886138431627729
SHIVAMOGGA,Shivamogga,226532,-10,LivestockCensus_2012_Cattle,220475,-2.673794430808892,-6057,0.013504980254201882,0.9864950197457981,0.008124854524974134,0.9918751454750259
TUMAKURU,Tumakuru,66868,-10,LivestockCensus_2012_Cattle,64673,-3.282586588502722,-2195,0.09076231681463982,0.9092376831853601,0.08980605676092679,0.9101939432390732
CHIKKAMAGALURU,Chikkamagaluru,61353,-10,LivestockCensus_2012_Cattle,59006,-3.825403810734601,-2347,0.2559670627379171,0.7440329372620829,0.25560596127834045,0.7443940387216595
DAKSHINA KANNADA,Dakshina Kannada,0,-10,LivestockCensus_2012_Cattle,0,,0,0.17408987370776222,0.8259101262922378,0.1706594074982713,0.8293405925017288
UDUPI,Udupi,109,-10,LivestockCensus_2012_Cattle,103,-5.5045871559633035,-6,0.13121899977086787,0.8687810002291321,0.12821000732259694,0.8717899926774031
HASSAN,Hassan,333937,-10,LivestockCensus_2012_Cattle,325203,-2.615463395790224,-8734,0.47762227119359874,0.5223777288064013,0.46936685304459763,0.5306331469554024
KODAGU,Kodagu,17921,-10,LivestockCensus_2012_Cattle,17481,-2.4552201328050893,-440,0.23437071781255195,0.7656292821874481,0.23012889016501045,0.7698711098349895
MANDYA,Mandya,19387,-10,LivestockCensus_2012_Cattle,18879,-2.620312580595244,-508,0.2019597536155702,0.7980402463844298,0.19786744230694087,0.8021325576930591
MYSURU,Mysuru,137154,-10,LivestockCensus_2012_Cattle,133594,-2.595622439010164,-3560,0.012419045597293538,0.9875809544027064,0.01256267106588807,0.987437328934112
CHAMARAJANAGAR,Chamarajanagara,147886,-10,LivestockCensus_2012_Cattle,143236,-3.144313863381253,-4650,0.15537573176265507,0.8446242682373449,0.15134103197080928,0.8486589680291907
BELAGAVI,Belagavi,576758,-10,LivestockCensus_2012_Cattle,567559,-1.5949497016079532,-9199,0.7253265132829243,0.2746734867170757,0.7200188926398556,0.27998110736014437
VIJAYAPURA,Vijayapura,226327,-10,LivestockCensus_2012_Cattle,223515,-1.2424500832865721,-2812,0.09608756890811804,0.903912431091882,0.09688118534325302,0.903118814656747
BAGALKOT,Bagalkote,251699,-10,LivestockCensus_2012_Cattle,247327,-1.7369953794015867,-4372,0.04244302023101909,0.9575569797689809,0.04089610916955633,0.9591038908304437
DHARAWAD,Dharwad,90634,-10,LivestockCensus_2012_Cattle,88700,-2.1338570514376505,-1934,0.33286201191487064,0.6671379880851294,0.3313088589830935,0.6686911410169065
GADAG,Gadag,138476,-10,LivestockCensus_2012_Cattle,136494,-1.4312949536381756,-1982,0.18330281447421884,0.8166971855257812,0.18190888961324697,0.818091110386753
HAVERI,Haveri,413487,-10,LivestockCensus_2012_Cattle,407983,-1.3311180278944683,-5504,0.38823575000336963,0.6117642499966304,0.3867515605723421,0.6132484394276578
UTTARA KANNADA,Uttara Kannada,24088,-10,LivestockCensus_2012_Cattle,22783,-5.41763533709731,-1305,0.3999973043279016,0.6000026956720984,0.39786846169398343,0.6021315383060166
BALLARI,Ballari,104045,-10,LivestockCensus_2012_Cattle,102688,-1.3042433562400884,-1357,0.23687905674582324,0.7631209432541768,0.23610387359794832,0.7638961264020516
BIDAR,Bidar,2791,-10,LivestockCensus_2012_Cattle,2653,-4.9444643496954495,-138,0.019931125577884706,0.9800688744221153,0.01972174131694612,0.9802782586830538
KALABURAGI,Kalaburagi,14621,-10,LivestockCensus_2012_Cattle,14261,-2.4622118870118324,-360,0.1055400554409895,0.8944599445590105,0.10532816617367974,0.8946718338263202
YADGIRI,Yadgir,2673,-10,LivestockCensus_2012_Cattle,2600,-2.7310138421249532,-73,0.13121857857210248,0.8687814214278975,0.13064464337593804,0.8693553566240619
RAICHUR,Raichur,723,-10,LivestockCensus_2012_Cattle,712,-1.5214384508990317,-11,0.25992377987141646,0.7400762201285835,0.258438400989485,0.741561599010515
KOPPAL,Koppal,190252,-10,LivestockCensus_2012_Cattle,188000,-1.1836932069045265,-2252,0.11870122518296872,0.8812987748170313,0.11895940970694316,0.8810405902930568
VIJAYANAGARA,Vijayanagara,104045,-10,LivestockCensus_2012_Cattle,102688,-1.3042433562400884,-1357,0.3053716320946721,0.6946283679053279,0.3043303561568428,0.6956696438431572
BENGALURU,Bengaluru Urban,2879,-10,AreaUnderCereals_Maize,2678,-6.981590830149358,-201,0.03982434326688501,0.960175656733115,0.039699450687129795,0.9603005493128702
BENGALURU(R),Bengaluru Rural,42583,-10,AreaUnderCereals_Maize,39938,-6.21139891506,-2645,0.008581672125402659,0.9914183278745974,0.009873414572163286,0.9901265854278367
RAMANAGARA,Ramanagara,10450,-10,AreaUnderCereals_Maize,10096,-3.38755980861244,-354,0.07660864232474762,0.9233913576752524,0.07614674170921429,0.9238532582907857
CHITRADURGA,Chitradurga,271975,-10,AreaUnderCereals_Maize,255577,-6.029230627815056,-16398,0.14489911447171566,0.8551008855282843,0.1441300295182361,0.8558699704817638
DAVANAGERE,Davanagere,593544,-10,AreaUnderCereals_Maize,562703,-5.196076449260712,-30841,0.6682534628154498,0.33174653718455016,0.6728442890832287,0.3271557109167713
KOLAR,Kolar,1759,-10,AreaUnderCereals_Maize,1645,-6.480955088118249,-114,0.12177361745717251,0.8782263825428275,0.11691602852659395,0.883083971473406
CHIKKABALLAPURA,Chikkaballapura,105491,-10,AreaUnderCereals_Maize,94930,-10.011280583177712,-10561,0.11527536290485627,0.8847246370951437,0.10701027007142311,0.892989729928577
SHIVAMOGGA,Shivamogga,226532,-10,AreaUnderCereals_Maize,218737,-3.441014955944414,-7795,0.013504980254201882,0.9864950197457981,0.02406811408505022,0.9759318859149497
TUMAKURU,Tumakuru,66868,-10,AreaUnderCereals_Maize,62562,-6.439552551295089,-4306,0.09076231681463982,0.9092376831853601,0.0908261424892756,0.9091738575107244
CHIKKAMAGALURU,Chikkamagaluru,61353,-10,AreaUnderCereals_Maize,56758,-7.489446318843414,-4595,0.2559670627379171,0.7440329372620829,0.2595269110500058,0.7404730889499942
DAKSHINA KANNADA,Dakshina Kannada,0,-10,AreaUnderCereals_Maize,0,,0,0.17408987370776222,0.8259101262922378,0.17506926389231975,0.8249307361076803
UDUPI,Udupi,109,-10,AreaUnderCereals_Maize,107,-1.834862385321101,-2,0.13121899977086787,0.8687810002291321,0.13254816484006662,0.8674518351599334
HASSAN,Hassan,333937,-10,AreaUnderCereals_Maize,319876,-4.210674468537478,-14061,0.47762227119359874,0.5223777288064013,0.48385204983801394,0.5161479501619861
KODAGU,Kodagu,17921,-10,AreaUnderCereals_Maize,17307,-3.426148094414374,-614,0.23437071781255195,0.7656292821874481,0.23604992331656305,0.763950076683437
MANDYA,Mandya,19387,-10,AreaUnderCereals_Maize,18516,-4.4927012946820035,-871,0.2019597536155702,0.7980402463844298,0.20312776011501626,0.7968722398849837
MYSURU,Mysuru,137154,-10,AreaUnderCereals_Maize,130523,-4.834711346369774,-6631,0.012419045597293538,0.9875809544027064,0.011270154948525235,0.9887298450514748
CHAMARAJANAGAR,Chamarajanagara,147886,-10,AreaUnderCereals_Maize,141026,-4.638708194149547,-6860,0.15537573176265507,0.8446242682373449,0.15635424015866278,0.8436457598413372
BELAGAVI,Belagavi,576758,-10,AreaUnderCereals_Maize,553429,-4.044850699946945,-23329,0.7253265132829243,0.2746734867170757,0.733366980449722,0.26663301955027796
VIJAYAPURA,Vijayapura,226327,-10,AreaUnderCereals_Maize,219175,-3.1600295148170567,-7152,0.09608756890811804,0.903912431091882,0.10012813153652994,0.8998718684634701
BAGALKOT,Bagalkote,251699,-10,AreaUnderCereals_Maize,243820,-3.1303263024485597,-7879,0.04244302023101909,0.9575569797689809,0.04697327009097163,0.9530267299090284
DHARAWAD,Dharwad,90634,-10,AreaUnderCereals_Maize,85138,-6.0639495112209545,-5496,0.33286201191487064,0.6671379880851294,0.3339581448828245,0.6660418551171755
GADAG,Gadag,138476,-10,AreaUnderCereals_Maize,132399,-4.38848609145267,-6077,0.18330281447421884,0.8166971855257812,0.18044230894704413,0.8195576910529558
HAVERI,Haveri,413487,-10,AreaUnderCereals_Maize,383127,-7.342431563749284,-30360,0.38823575000336963,0.6117642499966304,0.3730178899246773,0.6269821100753227
UTTARA KANNADA,Uttara Kannada,24088,-10,AreaUnderCereals_Maize,23274,-3.3792759880438394,-814,0.3999973043279016,0.6000026956720984,0.399559981020183,0.600440018979817
BALLARI,Ballari,104045,-10,AreaUnderCereals_Maize,95175,-8.525157383824308,-8870,0.23687905674582324,0.7631209432541768,0.23983547778693706,0.760164522213063
BIDAR,Bidar,2791,-10,AreaUnderCereals_Maize,2545,-8.81404514510928,-246,0.019931125577884706,0.9800688744221153,0.020627222531246502,0.9793727774687535
KALABURAGI,Kalaburagi,14621,-10,AreaUnderCereals_Maize,14152,-3.2077149305793036,-469,0.1055400554409895,0.8944599445590105,0.1076743267170544,0.8923256732829457
YADGIRI,Yadgir,2673,-10,AreaUnderCereals_Maize,2502,-6.397306397306397,-171,0.13121857857210248,0.8687814214278975,0.13392559366723358,0.8660744063327664
RAICHUR,Raichur,723,-10,AreaUnderCereals_Maize,260,-64.0387275242047,-463,0.25992377987141646,0.7400762201285835,0.2633890347128059,0.7366109652871942
KOPPAL,Koppal,190252,-10,AreaUnderCereals_Maize,181677,-4.507179950802094,-8575,0.11870122518296872,0.8812987748170313,0.12139832202778375,0.8786016779722162
VIJAYANAGARA,Vijayanagara,104045,-10,AreaUnderCereals_Maize,95175,-8.525157383824308,-8870,0.3053716320946721,0.6946283679053279,0.30792087477763586,0.6920791252223641
BENGALURU,Bengaluru Urban,2879,20,TotalNPK,3390,17.749218478638415,511,0.03982434326688501,0.960175656733115,0.03953110759758588,0.9604688924024141
BENGALURU(R),Bengaluru Rural,42583,20,TotalNPK,46126,8.32022168470986,3543,0.008581672125402659,0.9914183278745974,0.009283393538869283,0.9907166064611307
RAMANAGARA,Ramanagara,10450,20,TotalNPK,10709,2.4784688995215314,259,0.07660864232474762,0.9233913576752524,0.07692577423476842,0.9230742257652316
CHITRADURGA,Chitradurga,271975,20,TotalNPK,284697,4.677635812115084,12722,0.14489911447171566,0.8551008855282843,0.13624826056808542,0.8637517394319145
DAVANAGERE,Davanagere,593544,20,TotalNPK,623538,5.05337430754923,29994,0.6682534628154498,0.33174653718455016,0.6529704995506302,0.34702950044936975
KOLAR,Kolar,1759,20,TotalNPK,2016,14.610574189880616,257,0.12177361745717251,0.8782263825428275,0.12410975045371335,0.8758902495462867
CHIKKABALLAPURA,Chikkaballapura,105491,20,TotalNPK,115056,9.067124209648217,9565,0.11527536290485627,0.8847246370951437,0.11949179893720249,0.8805082010627975
SHIVAMOGGA,Shivamogga,226532,20,TotalNPK,238701,5.371867992160048,12169,0.013504980254201882,0.9864950197457981,0.011010742226062242,0.9889892577739378
TUMAKURU,Tumakuru,66868,20,TotalNPK,70072,4.791529580666388,3204,0.09076231681463982,0.9092376831853601,0.09293209045700324,0.9070679095429968
CHIKKAMAGALURU,Chikkamagaluru,61353,20,TotalNPK,70871,15.513503822143987,9518,0.2559670627379171,0.7440329372620829,0.24253169675363956,0.7574683032463605
DAKSHINA KANNADA,Dakshina Kannada,0,20,TotalNPK,0,,0,0.17408987370776222,0.8259101262922378,0.17644276104114773,0.8235572389588522
UDUPI,Udupi,109,20,TotalNPK,111,1.834862385321101,2,0.13121899977086787,0.8687810002291321,0.1320515108772739,0.867948489122726
HASSAN,Hassan,333937,20,TotalNPK,353821,5.954416551625007,19884,0.47762227119359874,0.5223777288064013,0.4721727748828927,0.5278272251171072
KODAGU,Kodagu,17921,20,TotalNPK,22027,22.91166787567658,4106,0.23437071781255195,0.7656292821874481,0.2279744351551892,0.7720255648448108
MANDYA,Mandya,19387,20,TotalNPK,21077,8.71718161654717,1690,0.2019597536155702,0.7980402463844298,0.1992917491300866,0.8007082508699134
MYSURU,Mysuru,137154,20,TotalNPK,145258,5.908686585881564,8104,0.012419045597293538,0.9875809544027064,0.010944008061802957,0.989055991938197
CHAMARAJANAGAR,Chamarajanagara,147886,20,TotalNPK,156392,5.751727682133535,8506,0.15537573176265507,0.8446242682373449,0.15380816468148978,0.8461918353185103
BELAGAVI,Belagavi,576758,20,TotalNPK,633109,9.770302275824523,56351,0.7253265132829243,0.2746734867170757,0.7518920122759272,0.24810798772407283
VIJAYAPURA,Vijayapura,226327,20,TotalNPK,238486,5.372315278336213,12159,0.09608756890811804,0.903912431091882,0.08261010347349351,0.9173898965265065
BAGALKOT,Bagalkote,251699,20,TotalNPK,278469,10.635719649263605,26770,0.04244302023101909,0.9575569797689809,0.05429428423857502,0.945705715761425
DHARAWAD,Dharwad,90634,20,TotalNPK,98158,8.301520400732617,7524,0.33286201191487064,0.6671379880851294,0.3354900183064844,0.6645099816935156
GADAG,Gadag,138476,20,TotalNPK,145000,4.711285710159161,6524,0.18330281447421884,0.8166971855257812,0.19503998747225432,0.8049600125277456
HAVERI,Haveri,413487,20,TotalNPK,438846,6.132961858534851,25359,0.38823575000336963,0.6117642499966304,0.3866490604303524,0.6133509395696476
UTTARA KANNADA,Uttara Kannada,24088,20,TotalNPK,25284,4.965127864496845,1196,0.3999973043279016,0.6000026956720984,0.4051450856013735,0.5948549143986265
BALLARI,Ballari,104045,20,TotalNPK,113852,9.425729251766063,9807,0.23687905674582324,0.7631209432541768,0.2285429071906598,0.7714570928093402
BIDAR,Bidar,2791,20,TotalNPK,3082,10.426370476531709,291,0.019931125577884706,0.9800688744221153,0.01953376116908779,0.9804662388309122
KALABURAGI,Kalaburagi,14621,20,TotalNPK,15449,5.663087340127214,828,0.1055400554409895,0.8944599445590105,0.10441803859998831,0.8955819614000117
YADGIRI,Yadgir,2673,20,TotalNPK,3103,16.086793864571643,430,0.13121857857210248,0.8687814214278975,0.1292141900789069,0.8707858099210931
RAICHUR,Raichur,723,20,TotalNPK,794,9.820193637621024,71,0.25992377987141646,0.7400762201285835,0.26315373813987797,0.736846261860122
KOPPAL,Koppal,190252,20,TotalNPK,203085,6.745264175935076,12833,0.11870122518296872,0.8812987748170313,0.11481687987376582,0.8851831201262341
VIJAYANAGARA,Vijayanagara,104045,20,TotalNPK,113852,9.425729251766063,9807,0.3053716320946721,0.6946283679053279,0.296396039228632,0.703603960771368
BENGALURU,Bengaluru Urban,2879,20,LivestockCensus_2012_Cattle,3175,10.281347690170199,296,0.03982434326688501,0.960175656733115,0.04182022762373809,0.958179772376262
BENGALURU(R),Bengaluru Rural,42583,20,LivestockCensus_2012_Cattle,45479,6.8008360143719315,2896,0.008581672125402659,0.9914183278745974,0.008574004229002466,0.9914259957709975
RAMANAGARA,Ramanagara,10450,20,LivestockCensus_2012_Cattle,11344,8.555023923444976,894,0.07660864232474762,0.9233913576752524,0.07979988466356892,0.9202001153364311
CHITRADURGA,Chitradurga,271975,20,LivestockCensus_2012_Cattle,281670,3.564665870024818,9695,0.14489911447171566,0.8551008855282843,0.15049448837687174,0.8495055116231283
DAVANAGERE,Davanagere,593544,20,LivestockCensus_2012_Cattle,603452,1.6692949469626512,9908,0.6682534628154498,0.33174653718455016,0.6618433059575022,0.3381566940424978
KOLAR,Kolar,1759,20,LivestockCensus_2012_Cattle,2022,14.951677089255258,263,0.12177361745717251,0.8782263825428275,0.12856200658875933,0.8714379934112406
CHIKKABALLAPURA,Chikkaballapura,105491,20,LivestockCensus_2012_Cattle,113727,7.807301096776029,8236,0.11527536290485627,0.8847246370951437,0.1228614703406402,0.8771385296593598
SHIVAMOGGA,Shivamogga,226532,20,LivestockCensus_2012_Cattle,238645,5.347147422880653,12113,0.013504980254201882,0.9864950197457981,0.024001246163737944,0.975998753836262
TUMAKURU,Tumakuru,66868,20,LivestockCensus_2012_Cattle,71257,6.563677693366035,4389,0.09076231681463982,0.9092376831853601,0.09262708550141521,0.9073729144985848
CHIKKAMAGALURU,Chikkamagaluru,61353,20,LivestockCensus_2012_Cattle,66046,7.649177709321467,4693,0.2559670627379171,0.7440329372620829,0.25667208943592157,0.7433279105640784
DAKSHINA KANNADA,Dakshina Kannada,0,20,LivestockCensus_2012_Cattle,0,,0,0.17408987370776222,0.8259101262922378,0.18078032718426654,0.8192196728157335
UDUPI,Udupi,109,20,LivestockCensus_2012_Cattle,119,9.174311926605505,10,0.13121899977086787,0.8687810002291321,0.1370912682367446,0.8629087317632553
HASSAN,Hassan,333937,20,LivestockCensus_2012_Cattle,351404,5.23062733389831,17467,0.47762227119359874,0.5223777288064013,0.4937280291832104,0.5062719708167895
KODAGU,Kodagu,17921,20,LivestockCensus_2012_Cattle,18800,4.904860219853803,879,0.23437071781255195,0.7656292821874481,0.24264675014196105,0.757353249858039
MANDYA,Mandya,19387,20,LivestockCensus_2012_Cattle,20401,5.230308969928302,1014,0.2019597536155702,0.7980402463844298,0.2099447843407595,0.7900552156592405
MYSURU,Mysuru,137154,20,LivestockCensus_2012_Cattle,144273,5.190515770593639,7119,0.012419045597293538,0.9875809544027064,0.012139325083022318,0.9878606749169777
CHAMARAJANAGAR,Chamarajanagara,147886,20,LivestockCensus_2012_Cattle,157185,6.287951530232746,9299,0.15537573176265507,0.8446242682373449,0.16324800205042544,0.8367519979495746
BELAGAVI,Belagavi,576758,20,LivestockCensus_2012_Cattle,595155,3.1897260202719337,18397,0.7253265132829243,0.2746734867170757,0.7356833683540696,0.26431663164593044
VIJAYAPURA,Vijayapura,226327,20,LivestockCensus_2012_Cattle,231950,2.4844583279944503,5623,0.09608756890811804,0.903912431091882,0.09454041083632164,0.9054595891636783
BAGALKOT,Bagalkote,251699,20,LivestockCensus_2012_Cattle,260441,3.473196158904088,8742,0.04244302023101909,0.9575569797689809,0.045459125166541825,0.9545408748334582
DHARAWAD,Dharwad,90634,20,LivestockCensus_2012_Cattle,94500,4.265507425469471,3866,0.33286201191487064,0.6671379880851294,0.33589415562463965,0.6641058443753604
GADAG,Gadag,138476,20,LivestockCensus_2012_Cattle,142439,2.86186776047835,3963,0.18330281447421884,0.8166971855257812,0.1860214234106441,0.8139785765893559
HAVERI,Haveri,413487,20,LivestockCensus_2012_Cattle,424493,2.66175236464508,11006,0.38823575000336963,0.6117642499966304,0.391131594322569,0.608868405677431
UTTARA KANNADA,Uttara Kannada,24088,20,LivestockCensus_2012_Cattle,26697,10.831119229491863,2609,0.3999973043279016,0.6000026956720984,0.40415045438576724,0.5958495456142328
BALLARI,Ballari,104045,20,LivestockCensus_2012_Cattle,106757,2.6065644672978037,2712,0.23687905674582324,0.7631209432541768,0.23839296959114276,0.7616070304088572
BIDAR,Bidar,2791,20,LivestockCensus_2012_Cattle,3065,9.817269795772125,274,0.019931125577884706,0.9800688744221153,0.020341303036529833,0.9796586969634702
KALABURAGI,Kalaburagi,14621,20,LivestockCensus_2012_Cattle,15340,4.917584296559743,719,0.1055400554409895,0.8944599445590105,0.10595264135893713,0.8940473586410629
YADGIRI,Yadgir,2673,20,LivestockCensus_2012_Cattle,2817,5.387205387205387,144,0.13121857857210248,0.8687814214278975,0.13234026898576853,0.8676597310142314
RAICHUR,Raichur,723,20,LivestockCensus_2012_Cattle,744,2.904564315352697,21,0.25992377987141646,0.7400762201285835,0.2628212351603773,0.7371787648396226
KOPPAL,Koppal,190252,20,LivestockCensus_2012_Cattle,194755,2.3668607951558984,4503,0.11870122518296872,0.8812987748170313,0.11819896197212038,0.8818010380278796
VIJAYANAGARA,Vijayanagara,104045,20,LivestockCensus_2012_Cattle,106757,2.6065644672978037,2712,0.3053716320946721,0.6946283679053279,0.3074047314450859,0.6925952685549142
BENGALURU,Bengaluru Urban,2879,20,AreaUnderCereals_Maize,3280,13.928447377561653,401,0.03982434326688501,0.960175656733115,0.040037452840555286,0.9599625471594447
BENGALURU(R),Bengaluru Rural,42583,20,AreaUnderCereals_Maize,47871,12.418101120165325,5288,0.008581672125402659,0.9914183278745974,0.006362099068410176,0.9936379009315899
RAMANAGARA,Ramanagara,10450,20,AreaUnderCereals_Maize,11156,6.755980861244019,706,0.07660864232474762,0.9233913576752524,0.07740284238672576,0.9225971576132742
CHITRADURGA,Chitradurga,271975,20,AreaUnderCereals_Maize,304769,12.057725893924074,32794,0.14489911447171566,0.8551008855282843,0.14621991868429723,0.8537800813157028
DAVANAGERE,Davanagere,593544,20,AreaUnderCereals_Maize,655224,10.391815939509117,61680,0.6682534628154498,0.33174653718455016,0.6603695835317387,0.3396304164682613
KOLAR,Kolar,1759,20,AreaUnderCereals_Maize,1986,12.90505969300739,227,0.12177361745717251,0.8782263825428275,0.13011657082158162,0.8698834291784183
CHIKKABALLAPURA,Chikkaballapura,105491,20,AreaUnderCereals_Maize,126612,20.02161321818923,21121,0.11527536290485627,0.8847246370951437,0.12947277063518225,0.8705272293648177
SHIVAMOGGA,Shivamogga,226532,20,AreaUnderCereals_Maize,242121,6.881588473151696,15589,0.013504980254201882,0.9864950197457981,0.004636887537697032,0.995363112462303
TUMAKURU,Tumakuru,66868,20,AreaUnderCereals_Maize,75478,12.87611413531136,8610,0.09076231681463982,0.9092376831853601,0.09065340359065864,0.9093465964093413
CHIKKAMAGALURU,Chikkamagaluru,61353,20,AreaUnderCereals_Maize,70541,14.975632813391357,9188,0.2559670627379171,0.7440329372620829,0.24985435733210543,0.7501456426678945
DAKSHINA KANNADA,Dakshina Kannada,0,20,AreaUnderCereals_Maize,0,,0,0.17408987370776222,0.8259101262922378,0.1724055437529761,0.8275944562470239
UDUPI,Udupi,109,20,AreaUnderCereals_Maize,111,1.834862385321101,2,0.13121899977086787,0.8687810002291321,0.1289379662527624,0.8710620337472376
HASSAN,Hassan,333937,20,AreaUnderCereals_Maize,362058,8.42104947939282,28121,0.47762227119359874,0.5223777288064013,0.4669242884876012,0.5330757115123987
KODAGU,Kodagu,17921,20,AreaUnderCereals_Maize,19147,6.841136097315998,1226,0.23437071781255195,0.7656292821874481,0.231489282036881,0.768510717963119
MANDYA,Mandya,19387,20,AreaUnderCereals_Maize,21127,8.975086398101821,1740,0.2019597536155702,0.7980402463844298,0.1999551298487235,0.8000448701512766
MYSURU,Mysuru,137154,20,AreaUnderCereals_Maize,150415,9.668693585312859,13261,0.012419045597293538,0.9875809544027064,0.014393169358875718,0.9856068306411243
CHAMARAJANAGAR,Chamarajanagara,147886,20,AreaUnderCereals_Maize,161605,9.276740191769337,13719,0.15537573176265507,0.8446242682373449,0.15369654754201106,0.8463034524579889
BELAGAVI,Belagavi,576758,20,AreaUnderCereals_Maize,623414,8.089354634005943,46656,0.7253265132829243,0.2746734867170757,0.711517587878344,0.28848241212165604
VIJAYAPURA,Vijayapura,226327,20,AreaUnderCereals_Maize,240629,6.3191753524767265,14302,0.09608756890811804,0.903912431091882,0.08914722293444677,0.9108527770655532
BAGALKOT,Bagalkote,251699,20,AreaUnderCereals_Maize,267456,6.260255304947576,15757,0.04244302023101909,0.9575569797689809,0.03466356543716348,0.9653364345628366
DHARAWAD,Dharwad,90634,20,AreaUnderCereals_Maize,101625,12.126795683738994,10991,0.33286201191487064,0.6671379880851294,0.3309791765869382,0.6690208234130618
GADAG,Gadag,138476,20,AreaUnderCereals_Maize,150628,8.775527889309338,12152,0.18330281447421884,0.8166971855257812,0.18821742095614857,0.8117825790438514
HAVERI,Haveri,413487,20,AreaUnderCereals_Maize,474205,14.68437943635471,60718,0.38823575000336963,0.6117642499966304,0.4143738847870565,0.5856261152129435
UTTARA KANNADA,Uttara Kannada,24088,20,AreaUnderCereals_Maize,25715,6.754400531384921,1627,0.3999973043279016,0.6000026956720984,0.4007487515719815,0.5992512484280186
BALLARI,Ballari,104045,20,AreaUnderCereals_Maize,121784,17.049353645057426,17739,0.23687905674582324,0.7631209432541768,0.23180055326771562,0.7681994467322844
BIDAR,Bidar,2791,20,AreaUnderCereals_Maize,3282,17.59226083840917,491,0.019931125577884706,0.9800688744221153,0.01873405125575376,0.9812659487442462
KALABURAGI,Kalaburagi,14621,20,AreaUnderCereals_Maize,15557,6.401750906230765,936,0.1055400554409895,0.8944599445590105,0.10187559267263306,0.898124407327367
YADGIRI,Yadgir,2673,20,AreaUnderCereals_Maize,3014,12.757201646090536,341,0.13121857857210248,0.8687814214278975,0.12656791163530845,0.8734320883646916
RAICHUR,Raichur,723,20,AreaUnderCereals_Maize,1647,127.80082987551866,924,0.25992377987141646,0.7400762201285835,0.2539736029205279,0.746026397079472
KOPPAL,Koppal,190252,20,AreaUnderCereals_Maize,207400,9.013308664297877,17148,0.11870122518296872,0.8812987748170313,0.11406816600124539,0.8859318339987546
VIJAYANAGARA,Vijayanagara,104045,20,AreaUnderCereals_Maize,121784,17.049353645057426,17739,0.3053716320946721,0.6946283679053279,0.300992739378696,0.699007260621304
BENGALURU,Bengaluru Urban,2879,-20,TotalNPK,2367,-17.783952761375478,-512,0.03982434326688501,0.960175656733115,0.039477489978688635,0.9605225100213114
BENGALURU(R),Bengaluru Rural,42583,-20,TotalNPK,39039,-8.3225700396872,-3544,0.008581672125402659,0.9914183278745974,0.00764760473357242,0.9923523952664276
RAMANAGARA,Ramanagara,10450,-20,TotalNPK,10190,-2.488038277511962,-260,0.07660864232474762,0.9233913576752524,0.07495142392232088,0.9250485760776791
CHITRADURGA,Chitradurga,271975,-20,TotalNPK,259252,-4.678003492968104,-12723,0.14489911447171566,0.8551008855282843,0.1521571327426719,0.8478428672573282
DAVANAGERE,Davanagere,593544,-20,TotalNPK,563549,-5.053542787055383,-29995,0.6682534628154498,0.33174653718455016,0.6740747772894047,0.3259252227105953
KOLAR,Kolar,1759,-20,TotalNPK,1501,-14.667424673109721,-258,0.12177361745717251,0.8782263825428275,0.11708121210400516,0.8829187878959949
CHIKKABALLAPURA,Chikkaballapura,105491,-20,TotalNPK,95925,-9.068072157814411,-9566,0.11527536290485627,0.8847246370951437,0.10858091606349524,0.8914190839365048
SHIVAMOGGA,Shivamogga,226532,-20,TotalNPK,214362,-5.37230943089718,-12170,0.013504980254201882,0.9864950197457981,0.01607775011578405,0.983922249884216
TUMAKURU,Tumakuru,66868,-20,TotalNPK,63663,-4.793025064305796,-3205,0.09076231681463982,0.9092376831853601,0.08678342838992584,0.9132165716100742
CHIKKAMAGALURU,Chikkamagaluru,61353,-20,TotalNPK,51834,-15.515133734291723,-9519,0.2559670627379171,0.7440329372620829,0.2667142900237095,0.7332857099762905
DAKSHINA KANNADA,Dakshina Kannada,0,-20,TotalNPK,0,,0,0.17408987370776222,0.8259101262922378,0.16848845442011257,0.8315115455798874
UDUPI,Udupi,109,-20,TotalNPK,106,-2.7522935779816518,-3,0.13121899977086787,0.8687810002291321,0.1280558567223081,0.8719441432776919
HASSAN,Hassan,333937,-20,TotalNPK,314052,-5.954716009307145,-19885,0.47762227119359874,0.5223777288064013,0.47563329305289637,0.5243667069471036
KODAGU,Kodagu,17921,-20,TotalNPK,13814,-22.917247921432956,-4107,0.23437071781255195,0.7656292821874481,0.23757709326666068,0.7624229067333393
MANDYA,Mandya,19387,-20,TotalNPK,17696,-8.722339712178263,-1691,0.2019597536155702,0.7980402463844298,0.20152746256314893,0.7984725374368511
MYSURU,Mysuru,137154,-20,TotalNPK,129049,-5.909415693308253,-8105,0.012419045597293538,0.9875809544027064,0.013865253953072393,0.9861347460469276
CHAMARAJANAGAR,Chamarajanagara,147886,-20,TotalNPK,139379,-5.752403878663294,-8507,0.15537573176265507,0.8446242682373449,0.15449824830375591,0.8455017516962441
BELAGAVI,Belagavi,576758,-20,TotalNPK,520406,-9.770475658768497,-56352,0.7253265132829243,0.2746734867170757,0.68316472924271,0.31683527075729
VIJAYAPURA,Vijayapura,226327,-20,TotalNPK,214167,-5.372757116914906,-12160,0.09608756890811804,0.903912431091882,0.10959685848080652,0.8904031415191935
BAGALKOT,Bagalkote,251699,-20,TotalNPK,224928,-10.636116949213148,-26771,0.04244302023101909,0.9575569797689809,0.028408177461054895,0.971591822538945
DHARAWAD,Dharwad,90634,-20,TotalNPK,83109,-8.302623739435532,-7525,0.33286201191487064,0.6671379880851294,0.32425707436265516,0.6757429256373448
GADAG,Gadag,138476,-20,TotalNPK,131951,-4.712007856957162,-6525,0.18330281447421884,0.8166971855257812,0.16700411144372534,0.8329958885562747
HAVERI,Haveri,413487,-20,TotalNPK,388127,-6.133203704106779,-25360,0.38823575000336963,0.6117642499966304,0.38342539867873077,0.6165746013212692
UTTARA KANNADA,Uttara Kannada,24088,-20,TotalNPK,22891,-4.969279309199601,-1197,0.3999973043279016,0.6000026956720984,0.38742150194570485,0.6125784980542952
BALLARI,Ballari,104045,-20,TotalNPK,94237,-9.42669037435725,-9808,0.23687905674582324,0.7631209432541768,0.24222155355739125,0.7577784464426087
BIDAR,Bidar,2791,-20,TotalNPK,2499,-10.462199928341096,-292,0.019931125577884706,0.9800688744221153,0.020039073798374232,0.9799609262016258
KALABURAGI,Kalaburagi,14621,-20,TotalNPK,13792,-5.6699268175911355,-829,0.1055400554409895,0.8944599445590105,0.10500831930024423,0.8949916806997558
YADGIRI,Yadgir,2673,-20,TotalNPK,2242,-16.1242050130939,-431,0.13121857857210248,0.8687814214278975,0.13124206294986476,0.8687579370501353
RAICHUR,Raichur,723,-20,TotalNPK,651,-9.95850622406639,-72,0.25992377987141646,0.7400762201285835,0.2518812028767685,0.7481187971232315
KOPPAL,Koppal,190252,-20,TotalNPK,177418,-6.74578979458823,-12834,0.11870122518296872,0.8812987748170313,0.1210492787672412,0.8789507212327587
VIJAYANAGARA,Vijayanagara,104045,-20,TotalNPK,94237,-9.42669037435725,-9808,0.3053716320946721,0.6946283679053279,0.31026938207680255,0.6897306179231975
BENGALURU,Bengaluru Urban,2879,-20,LivestockCensus_2012_Cattle,2582,-10.31608197290726,-297,0.03982434326688501,0.960175656733115,0.03776075800800158,0.9622392419919984
BENGALURU(R),Bengaluru Rural,42583,-20,LivestockCensus_2012_Cattle,39686,-6.80318436934927,-2897,0.008581672125402659,0.9914183278745974,0.008589615084770436,0.9914103849152296
RAMANAGARA,Ramanagara,10450,-20,LivestockCensus_2012_Cattle,9555,-8.564593301435407,-895,0.07660864232474762,0.9233913576752524,0.07330917439838255,0.9266908256016174
CHITRADURGA,Chitradurga,271975,-20,LivestockCensus_2012_Cattle,262279,-3.5650335508778377,-9696,0.14489911447171566,0.8551008855282843,0.13911400104517374,0.8608859989548263
DAVANAGERE,Davanagere,593544,-20,LivestockCensus_2012_Cattle,583635,-1.6694634264688042,-9909,0.6682534628154498,0.33174653718455016,0.6748824179495747,0.3251175820504253
KOLAR,Kolar,1759,-20,LivestockCensus_2012_Cattle,1495,-15.008527572484365,-264,0.12177361745717251,0.8782263825428275,0.11475494101621733,0.8852450589837827
CHIKKABALLAPURA,Chikkaballapura,105491,-20,LivestockCensus_2012_Cattle,97254,-7.808249044942222,-8237,0.11527536290485627,0.8847246370951437,0.10743187094673898,0.892568129053261
SHIVAMOGGA,Shivamogga,226532,-20,LivestockCensus_2012_Cattle,214418,-5.347588861617784,-12114,0.013504980254201882,0.9864950197457981,0.0026523426456604438,0.9973476573543396
TUMAKURU,Tumakuru,66868,-20,LivestockCensus_2012_Cattle,62478,-6.565173177005444,-4390,0.09076231681463982,0.9092376831853601,0.0888343864621847,0.9111656135378153
CHIKKAMAGALURU,Chikkamagaluru,61353,-20,LivestockCensus_2012_Cattle,56659,-7.650807621469202,-4694,0.2559670627379171,0.7440329372620829,0.255238780597952,0.744761219402048
DAKSHINA KANNADA,Dakshina Kannada,0,-20,LivestockCensus_2012_Cattle,0,,0,0.17408987370776222,0.8259101262922378,0.1671708345112956,0.8328291654887043
UDUPI,Udupi,109,-20,LivestockCensus_2012_Cattle,98,-10.091743119266056,-11,0.13121899977086787,0.8687810002291321,0.12514799489406908,0.874852005105931
HASSAN,Hassan,333937,-20,LivestockCensus_2012_Cattle,316469,-5.230926791580448,-17468,0.47762227119359874,0.5223777288064013,0.46097018399056494,0.5390298160094351
KODAGU,Kodagu,17921,-20,LivestockCensus_2012_Cattle,17041,-4.910440265610179,-880,0.23437071781255195,0.7656292821874481,0.22581465013807145,0.7741853498619286
MANDYA,Mandya,19387,-20,LivestockCensus_2012_Cattle,18372,-5.235467065559395,-1015,0.2019597536155702,0.7980402463844298,0.19370394167587618,0.8062960583241239
MYSURU,Mysuru,137154,-20,LivestockCensus_2012_Cattle,130034,-5.191244878020328,-7120,0.012419045597293538,0.9875809544027064,0.012708285143968379,0.9872917148560316
CHAMARAJANAGAR,Chamarajanagara,147886,-20,LivestockCensus_2012_Cattle,138586,-6.288627726762506,-9300,0.15537573176265507,0.8446242682373449,0.14723642916091967,0.8527635708390804
BELAGAVI,Belagavi,576758,-20,LivestockCensus_2012_Cattle,558360,-3.1898994032159065,-18398,0.7253265132829243,0.2746734867170757,0.7146192397645789,0.28538076023542114
VIJAYAPURA,Vijayapura,226327,-20,LivestockCensus_2012_Cattle,220703,-2.4849001665731443,-5624,0.09608756890811804,0.903912431091882,0.09768742450332829,0.9023125754966717
BAGALKOT,Bagalkote,251699,-20,LivestockCensus_2012_Cattle,242956,-3.473593458853631,-8743,0.04244302023101909,0.9575569797689809,0.039324577861163224,0.9606754221388367
DHARAWAD,Dharwad,90634,-20,LivestockCensus_2012_Cattle,86767,-4.266610764172386,-3867,0.33286201191487064,0.6671379880851294,0.32972748378695593,0.6702725162130441
GADAG,Gadag,138476,-20,LivestockCensus_2012_Cattle,134512,-2.862589907276351,-3964,0.18330281447421884,0.8166971855257812,0.1804922107628422,0.8195077892371578
HAVERI,Haveri,413487,-20,LivestockCensus_2012_Cattle,402480,-2.661994210217008,-11007,0.38823575000336963,0.6117642499966304,0.38524224411294233,0.6147577558870576
UTTARA KANNADA,Uttara Kannada,24088,-20,LivestockCensus_2012_Cattle,21478,-10.83527067419462,-2610,0.3999973043279016,0.6000026956720984,0.3957038217379012,0.6042961782620988
BALLARI,Ballari,104045,-20,LivestockCensus_2012_Cattle,101332,-2.6075255898889904,-2713,0.23687905674582324,0.7631209432541768,0.2353141457050578,0.7646858542949422
BIDAR,Bidar,2791,-20,LivestockCensus_2012_Cattle,2516,-9.853099247581513,-275,0.019931125577884706,0.9800688744221153,0.01950705492302552,0.9804929450769745
KALABURAGI,Kalaburagi,14621,-20,LivestockCensus_2012_Cattle,13901,-4.924423774023665,-720,0.1055400554409895,0.8944599445590105,0.10511364123124896,0.894886358768751
YADGIRI,Yadgir,2673,-20,LivestockCensus_2012_Cattle,2528,-5.4246165357276475,-145,0.13121857857210248,0.8687814214278975,0.13005902661766344,0.8699409733823366
RAICHUR,Raichur,723,-20,LivestockCensus_2012_Cattle,701,-3.0428769017980635,-22,0.25992377987141646,0.7400762201285835,0.2569283884619668,0.7430716115380331
KOPPAL,Koppal,190252,-20,LivestockCensus_2012_Cattle,185748,-2.367386413809053,-4504,0.11870122518296872,0.8812987748170313,0.1192207458428641,0.8807792541571359
VIJAYANAGARA,Vijayanagara,104045,-20,LivestockCensus_2012_Cattle,101332,-2.6075255898889904,-2713,0.3053716320946721,0.6946283679053279,0.30327002321656504,0.696729976783435
BENGALURU,Bengaluru Urban,2879,-20,AreaUnderCereals_Maize,2477,-13.963181660298716,-402,0.03982434326688501,0.960175656733115,0.039546934203404105,0.960453065796596
BENGALURU(R),Bengaluru Rural,42583,-20,AreaUnderCereals_Maize,37294,-12.420449475142663,-5289,0.008581672125402659,0.9914183278745974,0.011311797077043356,0.9886882029229567
RAMANAGARA,Ramanagara,10450,-20,AreaUnderCereals_Maize,9743,-6.765550239234449,-707,0.07660864232474762,0.9233913576752524,0.07560180730137728,0.9243981926986227
CHITRADURGA,Chitradurga,271975,-20,AreaUnderCereals_Maize,239180,-12.058093574777093,-32795,0.14489911447171566,0.8551008855282843,0.14321810909965715,0.8567818909003428
DAVANAGERE,Davanagere,593544,-20,AreaUnderCereals_Maize,531863,-10.391984419015271,-61681,0.6682534628154498,0.33174653718455016,0.6777110773641266,0.3222889226358734
KOLAR,Kolar,1759,-20,AreaUnderCereals_Maize,1531,-12.961910176236499,-228,0.12177361745717251,0.8782263825428275,0.11145369729957298,0.888546302700427
CHIKKABALLAPURA,Chikkaballapura,105491,-20,AreaUnderCereals_Maize,84369,-20.022561166355423,-21122,0.11527536290485627,0.8847246370951437,0.09774826587277721,0.9022517341272228
SHIVAMOGGA,Shivamogga,226532,-20,AreaUnderCereals_Maize,210942,-6.882029911888828,-15590,0.013504980254201882,0.9864950197457981,0.03584117700126299,0.964158822998737
TUMAKURU,Tumakuru,66868,-20,AreaUnderCereals_Maize,58257,-12.87760961895077,-8611,0.09076231681463982,0.9092376831853601,0.09086232375911815,0.9091376762408818
CHIKKAMAGALURU,Chikkamagaluru,61353,-20,AreaUnderCereals_Maize,52164,-14.977262725539092,-9189,0.2559670627379171,0.7440329372620829,0.26339876405845913,0.7366012359415408
DAKSHINA KANNADA,Dakshina Kannada,0,-20,AreaUnderCereals_Maize,0,,0,0.17408987370776222,0.8259101262922378,0.1760967665543995,0.8239032334456005
UDUPI,Udupi,109,-20,AreaUnderCereals_Maize,106,-2.7522935779816518,-3,0.13121899977086787,0.8687810002291321,0.13397918295543393,0.866020817044566
HASSAN,Hassan,333937,-20,AreaUnderCereals_Maize,305815,-8.421348937074956,-28122,0.47762227119359874,0.5223777288064013,0.4906167303181573,0.5093832696818428
KODAGU,Kodagu,17921,-20,AreaUnderCereals_Maize,16694,-6.846716143072373,-1227,0.23437071781255195,0.7656292821874481,0.23783166436117964,0.7621683356388204
MANDYA,Mandya,19387,-20,AreaUnderCereals_Maize,17646,-8.980244493732915,-1741,0.2019597536155702,0.7980402463844298,0.20435248391170988,0.7956475160882901
MYSURU,Mysuru,137154,-20,AreaUnderCereals_Maize,123892,-9.669422692739548,-13262,0.012419045597293538,0.9875809544027064,0.009983291483731255,0.9900167085162688
CHAMARAJANAGAR,Chamarajanagara,147886,-20,AreaUnderCereals_Maize,134166,-9.277416388299095,-13720,0.15537573176265507,0.8446242682373449,0.15738520178023696,0.842614798219763
BELAGAVI,Belagavi,576758,-20,AreaUnderCereals_Maize,530101,-8.089528016949917,-46657,0.7253265132829243,0.2746734867170757,0.7420592259577795,0.2579407740422205
VIJAYAPURA,Vijayapura,226327,-20,AreaUnderCereals_Maize,212024,-6.3196171910554195,-14303,0.09608756890811804,0.903912431091882,0.10459794310458898,0.8954020568954111
BAGALKOT,Bagalkote,251699,-20,AreaUnderCereals_Maize,235941,-6.260652604897119,-15758,0.04244302023101909,0.9575569797689809,0.05200690142539244,0.9479930985746076
DHARAWAD,Dharwad,90634,-20,AreaUnderCereals_Maize,79642,-12.127899022441909,-10992,0.33286201191487064,0.6671379880851294,0.3350555572261984,0.6649444427738016
GADAG,Gadag,138476,-20,AreaUnderCereals_Maize,126323,-8.77625003610734,-12153,0.18330281447421884,0.8166971855257812,0.17718169242797852,0.8228183075720215
HAVERI,Haveri,413487,-20,AreaUnderCereals_Maize,352768,-14.684621281926638,-60719,0.38823575000336963,0.6117642499966304,0.35590133088178433,0.6440986691182157
UTTARA KANNADA,Uttara Kannada,24088,-20,AreaUnderCereals_Maize,22460,-6.758551976087679,-1628,0.3999973043279016,0.6000026956720984,0.3989215583087749,0.6010784416912252
BALLARI,Ballari,104045,-20,AreaUnderCereals_Maize,86305,-17.050314767648615,-17740,0.23687905674582324,0.7631209432541768,0.24304433838249315,0.7569556616175068
BIDAR,Bidar,2791,-20,AreaUnderCereals_Maize,2299,-17.62809029021856,-492,0.019931125577884706,0.9800688744221153,0.021397801768208335,0.9786021982317916
KALABURAGI,Kalaburagi,14621,-20,AreaUnderCereals_Maize,13684,-6.408590383694686,-937,0.1055400554409895,0.8944599445590105,0.11001308113309677,0.8899869188669032
YADGIRI,Yadgir,2673,-20,AreaUnderCereals_Maize,2331,-12.794612794612794,-342,0.13121857857210248,0.8687814214278975,0.1368970650147351,0.8631029349852649
RAICHUR,Raichur,723,-20,AreaUnderCereals_Maize,-201,-127.80082987551866,-924,0.25992377987141646,0.7400762201285835,0.267151696036567,0.732848303963433
KOPPAL,Koppal,190252,-20,AreaUnderCereals_Maize,173103,-9.013834282951033,-17149,0.11870122518296872,0.8812987748170313,0.12436173091958863,0.8756382690804114
VIJAYANAGARA,Vijayanagara,104045,-20,AreaUnderCereals_Maize,86305,-17.050314767648615,-17740,0.3053716320946721,0.6946283679053279,0.3106493454421523,0.6893506545578477
