District,NetAreaIrrigated_Canals_Length_171,NetAreaIrrigated_Canals_GrossIrrigatedArea_172,NetAreaIrrigated_Canals_NetAreaIrrigated_173,NetAreaIrrigated_Tanks_No_174,NetAreaIrrigated_Tanks_GrossIrrigatedArea_175,NetAreaIrrigated_Tanks_NetAreaIrrigated_176,NetAreaIrrigated_Wells_No_177,NetAreaIrrigated_Wells_GrossIrrigatedArea_178,NetAreaIrrigated_Wells_NetAreaIrrigated_179,NetAreaIrrigatedUnderDifferentSources_TubeWells_No_180,NetAreaIrrigatedUnderDifferentSources_TubeWells_GrossIrrigatedArea_181,NetAreaIrrigatedUnderDifferentSources_TubeWells_NetIrrigatedArea_182,NetAreaIrrigatedUnderDifferentSources_LiftIrrigation_No_183,NetAreaIrrigatedUnderDifferentSources_LiftIrrigation_GrossIrrigatedArea_184,NetAreaIrrigatedUnderDifferentSources_LiftIrrigation_NetIrrigatedArea_185,NetAreaIrrigatedUnderDifferentSources_OtherSources_GrossIrrigatedArea_186,NetAreaIrrigatedUnderDifferentSources_OtherSources_NetIrrigatedArea_187,NetAreaIrrigatedUnderDifferentSources_TotalGrossIrrigatedArea_188,NetAreaIrrigatedUnderDifferentSources_TotalNetIrrigatedArea_189,AreaUnderCereals_Paddy_190,AreaUnderCereals_Jowar_191,AreaUnderCereals_Bajra_192,AreaUnderCereals_Maize_193,AreaUnderCereals_Ragi_194,AreaUnderCereals_Wheat_195,AreaUnderOilSeeds_GroundNut_210,AreaUnderOilSeeds_SunFlower_211,AreaUnderOilSeeds_Safflower_212,AreaUnderOilSeeds_Castor_213,AreaUnderOilSeeds_Sesamum_214,AreaUnderOilSeeds_NigerSeeds_215,AreaUnderOilSeeds_Soyabean_216,AreaUnderOilSeeds_Linseed_217,GoodVehicles_Mutiaxeled Articulated Vehicles_492,GoodsVehicles_TrucksandLorries_493,GoodsVehicles_FourWheelers_494,GoodsVehicles_ThreeWheelers_495,MotorVehicles_Tractors_514,MotorVehicles_Trailers_515,PWDRoadLength_MajorDistrictRoads_521,RuralRoadLength_Pakka_523,RuralRoadLength_Kacha_525,TotalRuralRoadLength_526,NoOfHabitationsAccessToAllWeatherRoads_528,UrbanRationShops_28,RuralRationShops_29,TotalRationShops_30,Urban_AnthyodayaBPLCardHolders_31,Rural_AnthyodayaBPLCardHolders_32,Total_AnthyodayaBPLCardHolders_33,UrbanBPLPriorityCardHoldersAkshayaWithCylinder_34,RuralBPLPriorityCardHoldersAkshayaWithCylinder_35,TotalBPLPriorityCardHoldersAkshayaWithCylinder_36,UrbanBPLPriorityCardHoldersAkshayaWithoutCylinder_37,RuralBPLPriorityCardHoldersAkshayaWithoutCylinder_38,TotalBPLPriorityCardHoldersAkshayaWithoutCylinder_39,UrbanAPLNonPriorityCardHoldersWithCylinder_40,RuralAPLNonPriorityCardHoldersWithCylinder_41,TotalAPLNonPriorityCardHoldersWithCylinder_42,UrbanAPLNonPriorityCardHoldersWithoutCylinder_43,RuralAPLNonPriorityCardHoldersWithoutCylinder_44,TotalAPLNonPriorityCardHoldersWithoutCylinder_45,UrbanRationCardHolders_46,RuralRationCardHolders_47,TotalRationCardHolders_48,UrbanPhotoCardHolders_49,RuralPhotoCardHolders_50,TotalPhotoCardHolders_51,DistrictIncomeAtCurrentPrices_GDDP_52,DistrictIncomeAtCurrentPrices_NDDP_53,DistrictIncomeAtConstantPrices_GDDP_54,DistrictIncomeAtConstantPrices_NDDP_55,PerCapitaDistrictIncome_NDDP_AtCurrentPrices_56,PerCapitaDistrictIncome_NDDP_AtConstantPrices_57,ActualAnnualRainfall_2015_154,ActualAnnualRainfall_2016_155,LivestockCensus_2012_Cattle_354,LivestockCensus_2012_Buffaloes_355,LivestockCensus_2012_Sheep_359,LivestockCensus_2012_Goats_360,LivestockCensus_2012_TotalLivestock_368,LivestockCensus_2012_Poultry_369,MilkProduction_379,EggProduction_380,MeatProduction_381,FishCatch_382,FisheriesTotalTanks_PanchayatRaj_387,FisheriesTotalTanks_MinorIrrigation_388,FamiliesInvolvedInFisheries_FullTime_389,FamiliesInvolvedInFisheries_PartTime_390,BeneficieariesUnderMathsasrayaScheme_391,Fishlets_392,FishMarkets_393,MarginalAgricultureLandHoldings_SC_MaleNumber_982,MarginalAgricultureLandHoldings_SC_FemaleNumber_983,MarginalAgricultureLandHoldings_SC_TotalNumber_985,MarginalAgricultureLandHoldings_SC_MaleArea_986,MarginalAgricultureLandHoldings_SC_FemaleArea_987,MarginalAgricultureLandHoldings_SC_TotalArea_989,MarginalAgricultureLandHoldings_ST_MaleNumber_990,MarginalAgricultureLandHoldings_ST_FemaleNumber_991,MarginalAgricultureLandHoldings_ST_TotalNumber_993,MarginalAgricultureLandHoldings_ST_MaleArea_994,MarginalAgricultureLandHoldings_ST_FemaleArea_995,MarginalAgricultureLandHoldings_ST_TotalArea_997,MarginalAgricultureLandHoldings_Others_MaleNumber_998,MarginalAgricultureLandHoldings_Others_FemaleNumber_999,MarginalAgricultureLandHoldings_Others_TotalNumber_1001,MarginalAgricultureLandHoldings_Others_MaleArea_1002,MarginalAgricultureLandHoldings_Others_FemaleArea_1003,MarginalAgricultureLandHoldings_Others_TotalArea_1005,MarginalAgricultureLandHoldings_TotalMaleNumber_1006,MarginalAgricultureLandHoldings_TotalFemaleNumber_1007,MarginalAgricultureLandHoldings_TotalInstitutionsNumber_1008,MarginalAgricultureLandHoldings_TotalNumber_1009,MarginalAgricultureLandHoldings_TotalMaleArea_1010,MarginalAgricultureLandHoldings_TotalFemaleArea_1011,MarginalAgricultureLandHoldings_TotalInstitutionsArea_1012,MarginalAgricultureLandHoldings_TotalArea_1013,SmallAgricultureLandHoldings_SC_MaleNumber_1014,SmallAgricultureLandHoldings_SC_FemaleNumber_1015,SmallAgricultureLandHoldings_SC_TotalNumber_1017,SmallAgricultureLandHoldings_SC_MaleArea_1018,SmallAgricultureLandHoldings_SC_FemaleArea_1019,SmallAgricultureLandHoldings_SC_TotalArea_1021,SmallAgricultureLandHoldings_ST_MaleNumber_1022,SmallAgricultureLandHoldings_ST_FemaleNumber_1023,SmallAgricultureLandHoldings_ST_TotalNumber_1025,SmallAgricultureLandHoldings_ST_MaleArea_1026,SmallAgricultureLandHoldings_ST_FemaleArea_1027,SmallAgricultureLandHoldings_ST_TotalArea_1029,SmallAgricultureLandHoldings_Others_MaleNumber_1030,SmallAgricultureLandHoldings_Others_FemaleNumber_1031,SmallAgricultureLandHoldings_Others_TotalNumber_1033,SmallAgricultureLandHoldings_Others_MaleArea_1034,SmallAgricultureLandHoldings_Others_FemaleArea_1035,SmallAgricultureLandHoldings_Others_TotalArea_1037,SmallAgricultureLandHoldings_TotalMaleNumber_1038,SmallAgricultureLandHoldings_TotalFemaleNumber_1039,SmallAgricultureLandHoldings_TotalInstitutionsNumber_1040,SmallAgricultureLandHoldings_TotalNumber_1041,SmallAgricultureLandHoldings_TotalMaleArea_1042,SmallAgricultureLandHoldings_TotalFemaleArea_1043,SmallAgricultureLandHoldings_TotalInstitutionsArea_1044,SmallAgricultureLandHoldings_TotalArea_1045,SemiMediumAgricultureLandHoldings_SC_MaleNumber_1046,SemiMediumAgricultureLandHoldings_SC_FemaleNumber_1047,SemiMediumAgricultureLandHoldings_SC_TotalNumber_1049,SemiMediumAgricultureLandHoldings_SC_MaleArea_1050,SemiMediumAgricultureLandHoldings_SC_FemaleArea_1051,SemiMediumAgricultureLandHoldings_SC_TotalNumber_1053,SemiMediumAgricultureLandHoldings_ST_MaleNumber_1054,SemiMediumAgricultureLandHoldings_ST_FemaleNumber_1055,SemiMediumAgricultureLandHoldings_ST_TotalNumber_1057,SemiMediumAgricultureLandHoldings_ST_MaleArea_1058,SemiMediumAgricultureLandHoldings_ST_FemaleArea_1059,SemiMediumAgricultureLandHoldings_ST_TotalArea_1061,SemiMediumAgricultureLandHoldings_Others_MaleNumber_1062,SemiMediumAgricultureLandHoldings_Others_FemaleNumber_1063,SemiMediumAgricultureLandHoldings_Others_TotalNumber_1065,SemiMediumAgricultureLandHoldings_Others_MaleArea_1066,SemiMediumAgricultureLandHoldings_Others_FemaleArea_1067,SemiMediumAgricultureLandHoldings_Others_TotalArea_1069,SemiMediumAgricultureLandHoldings_TotalMaleNumber_1070,SemiMediumAgricultureLandHoldings_TotalFemaleNumber_1071,SemiMediumAgricultureLandHoldings_TotalInstitutionsNumber_1072,SemiMediumAgricultureLandHoldings_TotalNumber_1073,SemiMediumAgricultureLandHoldings_TotalMaleArea_1074,SemiMediumAgricultureLandHoldings_TotalFemaleArea_1075,SemiMediumAgricultureLandHoldings_TotalInstitutionsArea_1076,SemiMediumAgricultureLandHoldings_TotalArea_1077,MediumAgricultureLandHoldings_SC_MaleNumber_1078,MediumAgricultureLandHoldings_SC_FemaleNumber_1079,MediumAgricultureLandHoldings_SC_TotalNumber_1081,MediumAgricultureLandHoldings_SC_MaleArea_1082,MediumAgricultureLandHoldings_SC_FemaleArea_1083,MediumAgricultureLandHoldings_SC_TotalArea_1085,MediumAgricultureLandHoldings_ST_MaleNumber_1086,MediumAgricultureLandHoldings_ST_FemaleNumber_1087,MediumAgricultureLandHoldings_ST_TotalNumber_1089,MediumAgricultureLandHoldings_ST_MaleArea_1090,MediumAgricultureLandHoldings_ST_FemaleArea_1091,MediumAgricultureLandHoldings_ST_TotalArea_1093,MediumAgricultureLandHoldings_Others_MaleNumber_1094,MediumAgricultureLandHoldings_Others_FemaleNumber_1095,MediumAgricultureLandHoldings_Others_TotalNumber_1097,MediumAgricultureLandHoldings_Others_MaleArea_1098,MediumAgricultureLandHoldings_Others_FemaleArea_1099,MediumAgricultureLandHoldings_Others_TotalArea_1101,MediumAgricultureLandHoldings_TotalMaleNumber_1102,MediumAgricultureLandHoldings_TotalFemaleNumber_1103,MediumAgricultureLandHoldings_TotalInstitutionsNumber_1104,MediumAgricultureLandHoldings_TotalNumber_1105,MediumAgricultureLandHoldings_TotalMaleArea_1106,MediumAgricultureLandHoldings_TotalFemaleArea_1107,MediumAgricultureLandHoldings_TotalInstitutionsArea_1108,MediumAgricultureLandHoldings_TotalArea_1109,LargeAgricultureLandHoldings_SC_MaleNumber_1110,LargeAgricultureLandHoldings_SC_FemaleNumber_1111,LargeAgricultureLandHoldings_SC_TotalNumber_1113,LargeAgricultureLandHoldings_SC_MaleArea_1114,LargeAgricultureLandHoldings_SC_FemaleArea_1115,LargeAgricultureLandHoldings_SC_TotalArea_1117,LargeAgricultureLandHoldings_ST_MaleNumber_1118,LargeAgricultureLandHoldings_ST_FemaleNumber_1119,LargeAgricultureLandHoldings_ST_TotalNumber_1121,LargeAgricultureLandHoldings_ST_MaleArea_1122,LargeAgricultureLandHoldings_ST_FemaleArea_1123,LargeAgricultureLandHoldings_ST_TotalArea_1125,LargeAgricultureLandHoldings_Others_MaleNumber_1126,LargeAgricultureLandHoldings_Others_FemaleNumber_1127,LargeAgricultureLandHoldings_Others_TotalNumber_1129,LargeAgricultureLandHoldings_Others_MaleArea_1130,LargeAgricultureLandHoldings_Others_FemaleArea_1131,LargeAgricultureLandHoldings_Others_TotalArea_1133,LargeAgricultureLandHoldings_TotalMaleNumber_1134,LargeAgricultureLandHoldings_TotalFemaleNumber_1135,LargeAgricultureLandHoldings_TotalInstitutionsNumber_1136,LargeAgricultureLandHoldings_TotalNumber_1137,LargeAgricultureLandHoldings_TotalMaleArea_1138,LargeAgricultureLandHoldings_TotalFemaleArea_1139,LargeAgricultureLandHoldings_TotalInstitutionsArea_1140,LargeAgricultureLandHoldings_TotalArea_1141,TotalAgricultureLandHoldings_SC_MaleNumber_1142,TotalAgricultureLandHoldings_SC_FemaleNumber_1143,TotalAgricultureLandHoldings_SC_TotalNumber_1145,TotalAgricultureLandHoldings_SC_MaleArea_1146,TotalAgricultureLandHoldings_SC_FemaleArea_1147,TotalAgricultureLandHoldings_SC_TotalArea_1149,TotalAgricultureLandHoldings_ST_MaleNumber_1150,TotalAgricultureLandHoldings_ST_FemaleNumber_1151,TotalAgricultureLandHoldings_ST_TotalNumber_1153,TotalAgricultureLandHoldings_ST_MaleArea_1154,TotalAgricultureLandHoldings_ST_FemaleArea_1155,TotalAgricultureLandHoldings_ST_TotalArea_1157,TotalAgricultureLandHoldings_Others_MaleNumber_1158,TotalAgricultureLandHoldings_Others_FemaleNumber_1159,TotalAgricultureLandHoldings_Others_TotalNumber_1161,TotalAgricultureLandHoldings_Others_MaleArea_1162,TotalAgricultureLandHoldings_Others_FemaleArea_1163,TotalAgricultureLandHoldings_Others_TotalArea_1165,TotalAgricultureLandHoldings_TotalMaleNumber_1166,TotalAgricultureLandHoldings_TotalFemaleNumber_1167,TotalAgricultureLandHoldings_TotalInstitutionsNumber_1168,TotalAgricultureLandHoldings_TotalNumber_1169,TotalAgricultureLandHoldings_TotalMaleArea_1170,TotalAgricultureLandHoldings_TotalFemaleArea_1171,TotalAgricultureLandHoldings_TotalInstitutionsArea_1172,TotalAgricultureLandHoldings_TotalArea_1173,Nitrogen_312,Phosphorus_313,Potassium_314,TotalNPK_315,Rice_Production_223,Jowar_Production_224,Bajra_Production_225,Maize_Production_226,Ragi_Production_227,Wheat_Production_228,TotalCerealsandMinorMillets_Production_230,Rice_Yield_277,Jowar_Yield_278,Bajra_Yield_279,Maize_Yield_280,Ragi_Yield_281,Wheat_Yield_282,TotalCerealsandMillets_Yield_284,Groundnut_Production_241,Sunflower_Production_242,Safflower_Production_243,Castor_Production_244,Sesamum_Production_245,Linseed_Production_246,Soyabean_Production_247,Nigerseed_Production_248,TotalOilSeeds_Production_249,Groundnut_Yield_295,Sunflower_Yield_296,Safflower_Yield_297,Castor_Yield_298,Linseed_Yield_299,Soyabean_Yield_300,Sesamum_Yield_301,Nigerseed_Yield_302,TotalOilSeeds_Yield_303,SowingSeedsDistributed_Paddy_316,SowingSeedsDistributed_Wheat_317,SowingSeedsDistributed_Jowar_318,SowingSeedsDistributed_Ragi_319,SowingSeedsDistributed_Maize_320,SowingSeedsDistributed_Bajra_321,SowingSeedsDistributed_Safflower_323,SowingSeedsDistributed_Groundnut_328,SowingSeedsDistributed_Sunflower_329,SowingSeedsDistributed_Soyabean_330,TotalFoodGrains_240,TotalGourdVarietyVegetables_276,RRB_AgricultureLoan_448,DCCBank_AgricultureLoan_466,KSCARD_PLDBank_AgricultureLoan_472,TotalAgricultureLoan
BENGALURU,0,0,0,833,210,164,43,0,0,15555,11044,9348,0,0,0,0,0,11254,9512,782,0,0,1129,19721,0,72,8,0,113,18,96,0,6,43062,62495,79455,43822,14638,11150,722.59,1559.74,332.65,2071.93,942,1256,242,1498,16606,2864,19470,531744,169607,701351,876,0,876,335852,13171,349023,0,0,0,885078,185642,1070720,885078,185642,1070720,31365570,28044249,25943395,23028237,280391,230240,1059,1214,136582,8453,77302,44725,417138,2421151,153,2687,31912,2544,148,113,2661,7372,45,41.0,132,4567,1093,5660,1765,425,2190,455,123,578,189,48,237,40601,9288,49889,16186,3594,19780,45623,10504,23,56150,18140,4067,13,22220,853,174,1027,1176,240,1416,123,40,163,165,54,219,10919,2309,13228,15094,3197,18291,11895,2523,17,14435,16435,3491,24,19950,272,48,320,714,125,839,28,13,41,80,34,114,5522,1130,6652,14815,3002,17817,5822,1191,16,7029,15609,3161,43,18813,41,3,44,223,17,240,8,4,12,43,24,67,2279,422,2701,12310,2229,14539,2328,429,18,2775,12576,2270,113,14959,2,0,2,25,0,25,0,0,0,0,0,0,176,32,208,2551,476,3027,178,32,16,226,2576,476,353,3405,5735,1318,7053,3903,807,4710,614,180,794,477,160,637,59497,13181,72678,60956,12498,73454,65846,14679,90,80615,65336,13465,544,79345,13519,7415,2376,23310,3376,851,0,2879,62023,0,69153,3660,1539,0,3280,2727,0,2750,71,2,0,31,7,0,0,24,162,890,526,0,645,0,0,563,274,466,19.49,0.0,0.0,65.19,4.45,0.0,0.0,8.25,0.0,0.0,72752,11088,3450.06,923.83,840.78,5214.67
BENGALURU(R),0,0,0,1031,0,0,6017,831,741,35022,22868,20281,1,35,35,0,0,23734,21057,736,0,7,14867,38884,0,175,3,0,106,14,116,3,0,402,2205,2746,1893,981,887,669.1,1394.88,907.54,2660.15,1110,67,317,384,1169,5514,6683,40752,159639,200391,0,0,0,5120,7809,12929,0,0,0,47041,172962,220003,47041,172962,220003,1456454,1301632,1189381,1055162,126361,102434,1085,688,158820,24381,124870,80740,425086,8165758,198,6058,15035,2110,484,101,6182,759,60,22.07,0,12521,3094,15615,5162,1325,6487,3712,874,4586,1524,357,1881,88834,21696,110530,34034,8237,42271,105067,25664,39,130770,40720,9919,14,50653,2510,533,3043,3373,721,4094,919,188,1107,1242,264,1506,22146,4796,26942,30414,6572,36986,25575,5517,10,31102,35029,7557,15,42601,683,126,809,1744,326,2070,339,57,396,882,139,1021,10009,1875,11884,26428,4918,31346,11031,2058,7,13096,29054,5383,17,34454,115,20,135,602,104,706,75,9,84,396,51,447,2881,479,3360,15794,2628,18422,3071,508,1,3580,16792,2783,5,19580,3,0,3,36,0,36,2,1,3,23,17,40,271,41,312,4039,601,4640,276,42,1,319,4098,618,30,4746,15832,3773,19605,10917,2476,13393,5047,1129,6176,4067,828,4895,124141,28887,153028,110709,22956,133665,145020,33789,58,178867,125693,26260,81,152034,9819,7757,1683,19259,2354,0,0,42583,80284,0,125232,3824,0,0,3079,2350,0,2575,206,10,0,143,4,0,0,56,479,730,526,0,645,0,0,563,274,469,22.86,0.0,0.0,157.08,134.73,0.0,0.0,10.65,0.0,0.0,131795,12614,10539.94,10040.5,1172.91,21753.35
RAMANAGARA,178,8918,7895,808,1843,1688,12323,0,0,39632,24322,23868,4,454,425,0,0,35537,33876,4468,0,9,1987,70366,0,3307,8,0,915,3430,605,0,0,1462,4597,6516,5188,11407,3379,1548.45,1174.34,1078.72,2543.32,1028,123,444,567,1721,10203,11924,53367,129380,182747,0,76947,76947,4753,2507,7260,0,3397,3397,59841,222434,282275,59841,222434,282275,1493212,1345608,1202999,1075893,119564,95599,997,534,259897,30619,152938,120238,579945,1284545,202,996,6178,3219,417,104,1425,2502,269,59.28,0,17349,3784,21133,7093,1550,8643,1238,288,1526,603,140,743,151246,35444,186690,55255,12814,68069,169833,39516,109,209458,62951,14504,39,77494,3022,615,3637,4149,841,4990,297,55,352,405,75,480,30686,6488,37174,41950,8833,50783,34005,7158,28,41191,46504,9749,40,56293,843,127,970,2121,314,2435,120,15,135,307,41,348,12911,2383,15294,33496,6135,39631,13874,2525,14,16413,35924,6490,36,42450,92,28,120,479,149,628,23,1,24,132,6,138,3394,566,3960,18442,3118,21560,3509,595,7,4111,19053,3273,40,22366,6,0,6,79,0,79,1,0,1,11,0,11,232,31,263,3377,390,3767,239,31,5,275,3467,390,106,3963,21312,4554,25866,13921,2854,16775,1679,359,2038,1458,262,1720,198469,44912,243381,152520,31290,183810,221460,49825,163,271448,167899,34406,261,202566,5090,1593,789,7472,12128,0,3,10450,136422,0,159008,2444,0,1011,4029,2063,0,2158,4830,1,0,885,521,0,0,95,6414,1378,404,0,931,0,0,400,165,960,1250.28,0.0,0.0,1927.81,260.15,0.0,0.0,217.8,0.0,0.0,175873,10071,9921.94,20868.05,413.86,31203.85
CHITRADURGA,142,2131,1820,368,0,0,12031,0,0,71786,105311,92506,107,0,0,0,0,107442,94326,1297,12719,1798,92194,48082,372,96711,20573,2061,768,2100,19,0,0,1757,9083,6112,4385,18587,11711,2095.92,1606.89,6438.56,8905.75,1200,65,527,592,2921,23341,26262,53859,144703,198562,0,113883,113883,923,18798,19721,0,33,33,57703,300758,358461,57703,300758,358461,1541526,1403026,1227454,1108636,81333,64267,657,295,275889,152852,940038,231279,1647096,2411780,93,1055,8447,3768,120,170,2770,1855,80,60.96,19,14663,4126,18789,8431,2528,10959,11560,4035,15595,6521,2345,8866,58617,16176,74793,30547,8766,39313,84840,24337,0,109177,45499,13639,0,59138,12704,3240,15944,17980,4606,22586,12197,3965,16162,17263,5621,22884,45484,12780,58264,64187,17931,82118,70385,19985,0,90370,99430,28158,0,127588,5946,1558,7504,14812,3888,18700,7608,2397,10005,19915,6271,26186,33847,8707,42554,90713,23177,113890,47401,12662,0,60063,125440,33336,0,158776,1387,376,1763,7508,2043,9551,3100,921,4021,17501,5292,22793,16828,4118,20946,96398,23644,120042,21315,5415,65,26795,121407,30979,447,152833,121,31,152,1953,427,2380,493,141,634,7116,1989,9105,2642,661,3303,37592,9269,46861,3256,833,83,4172,46661,11685,4096,62442,34821,9331,44152,50684,13492,64176,34958,11459,46417,68316,21518,89834,157418,42442,199860,319437,82787,402224,227197,63232,148,290577,438437,117797,4543,560777,20375,11971,3538,35884,4566,13301,1085,271975,93320,375,388849,2373,984,673,3117,1718,1484,2335,68575,5750,938,569,2415,0,0,8,78257,597,404,524,922,0,0,760,274,581,989.0,119.0,263.0,3788.0,5004.0,66.0,0.0,32035.0,348.0,0.0,421955,6113,105785.02,17273.65,853.14,123911.81
DAVANAGERE,203,96330,84789,413,1534,1534,3534,860,860,44765,98988,78364,1562,10206,6610,2231,1854,210149,174011,98259,10879,720,173400,15594,148,15279,3381,10,41,44,114,1,0,967,5319,5466,4057,32337,21910,1603.9,1622.07,2874.59,5810.63,852,193,615,808,6463,28174,34637,23,30631,30654,92890,215590,308480,13015,11566,24581,11,123,134,112402,286084,398486,112402,286084,398486,1846858,1685096,1498547,1357552,83322,67126,620,456,332075,175896,343178,103187,982205,3193472,195,2572,1839,7532,211,124,2615,2900,115,114.32,4,14962,3885,18847,7896,2166,10062,11219,3213,14432,5878,1794,7672,81373,20065,101438,40707,10600,51307,107554,27163,529,135246,54481,14560,281,69322,9716,2549,12265,13414,3500,16914,7633,2130,9763,10671,2993,13664,50096,12048,62144,69384,16672,86056,67445,16727,349,84521,93469,23165,503,117137,3718,837,4555,9560,2119,11679,3685,867,4552,9650,2264,11914,29987,6510,36497,80016,17269,97285,37390,8214,301,45905,99226,21652,806,121684,801,152,953,4228,818,5046,1059,246,1305,5778,1349,7127,10994,2108,13102,60876,11574,72450,12854,2506,181,15541,70882,13741,1016,85639,50,7,57,672,89,761,89,16,105,1128,206,1334,1044,184,1228,13961,2403,16364,1183,207,74,1464,15761,2698,1444,19903,29247,7430,36677,35770,8692,44462,23685,6472,30157,33105,8606,41711,173494,40915,214409,264944,58518,323462,226426,54817,1434,282677,333819,75816,4051,413686,54418,33858,11368,99644,489505,23072,794,593544,18774,661,1126753,3770,2167,1339,3431,1640,1860,3445,16592,4524,1,124,26,0,0,49,21327,1007,996,881,645,0,0,731,274,994,732.25,0.0,134.15,808.13,6124.6,11.62,0.0,49693.5,623.1,0.0,1141132,11822,80725.12,24202.58,1081.95,106009.65
KOLAR,0,0,0,2980,0,0,27875,0,0,84287,25022,20140,0,0,0,0,0,25022,20140,395,0,0,640,58368,0,8608,0,0,55,258,88,0,0,763,4213,5127,3094,16855,8813,1205.98,1647.98,1895.82,4035.03,1271,168,468,636,2743,16528,19271,59146,134036,193182,0,70246,70246,20716,5754,26470,3,614,617,82608,227178,309786,82608,227178,309786,1653387,1496015,1355503,1217208,93669,76212,968,418,229036,45876,445100,86263,846985,4275529,289,5270,17432,47,2328,137,487,13292,120,21.26,13,24430,5279,29709,11059,2386,13445,5441,1173,6614,2453,523,2976,101723,20832,122555,42052,8765,50817,131594,27284,262,159140,55564,11674,112,67350,7280,1311,8591,9935,1749,11684,1831,383,2214,2520,513,3033,32538,5915,38453,44951,8226,53177,41649,7609,63,49321,57406,10488,80,67974,2396,369,2765,6215,940,7155,769,82,851,2043,212,2255,15809,2247,18056,42135,5954,48089,18974,2698,40,21712,50393,7106,100,57599,449,55,504,2333,288,2621,152,16,168,814,82,896,4927,547,5474,27247,2976,30223,5528,618,16,6162,30394,3346,104,33844,18,0,18,249,0,249,5,0,5,54,0,54,445,48,493,6134,663,6797,468,48,4,520,6437,663,56,7156,34573,7014,41587,29791,5363,35154,8198,1654,9852,7884,1330,9214,155442,29589,185031,162519,26584,189103,198213,38257,385,236855,200194,33277,452,233923,11237,7842,3111,22190,864,0,0,1759,66420,0,69089,2644,0,0,3500,1332,0,1361,5810,0,0,35,102,0,0,19,5994,465,0,0,645,0,0,563,274,463,1286.5,0.0,0.0,3523.15,51.5,0.0,0.0,3015.5,0.0,0.0,87015,14692,70194.91,5775.47,1715.02,77685.4
CHIKKABALLAPURA,0,0,0,1981,0,0,733,0,0,28995,58451,50370,21,0,0,0,0,58451,50370,1333,0,82,59377,46946,0,19535,78,0,84,0,54,0,0,793,2642,3349,636,11411,6859,993.34,1798.58,2021.36,4356.96,1008,101,462,563,1141,13820,14961,41348,109114,150462,5,105184,105189,6389,4119,10508,1,748,749,48884,232985,281869,48884,232985,281869,1278603,1163826,1043990,943539,89202,72318,1088,497,246339,47140,432691,137050,895513,1660703,228,1487,7244,1580,1274,215,1705,850,100,98.505,7,19588,4009,23597,9282,1876,11158,13594,3275,16869,5990,1471,7461,82699,17810,100509,34341,7463,41804,115881,25094,0,140975,49613,10810,0,60423,6282,1133,7415,8569,1513,10082,4414,847,5261,6032,1146,7178,27616,5345,32961,38233,7326,45559,38312,7325,0,45637,52834,9985,0,62819,2003,290,2293,5125,729,5854,1688,258,1946,4425,660,5085,13952,2204,16156,37102,5807,42909,17643,2752,0,20395,46652,7196,0,53848,453,52,505,2505,278,2783,407,61,468,2239,330,2569,4958,701,5659,27649,3776,31425,5818,814,44,6676,32393,4384,273,37050,41,3,44,605,53,658,32,2,34,440,23,463,574,64,638,8303,903,9206,647,69,63,779,9348,979,1889,12216,28367,5487,33854,26086,4449,30535,20135,4443,24578,19126,3630,22756,129799,26124,155923,145628,25275,170903,178301,36054,107,214462,190840,33354,2163,226357,14398,10512,3447,28357,2698,0,0,105491,57499,0,165723,3489,0,0,1682,1287,0,1531,7132,102,0,45,0,0,0,2,7341,411,1413,0,645,0,0,0,274,415,1256.0,0.0,0.0,1722.15,3538.15,0.0,0.0,6536.9,0.0,0.0,171962,19918,48782.34,8939.4,1827.19,59548.93
SHIVAMOGGA,378,50465,42502,5977,53747,50951,7673,6942,6400,20980,42976,32347,4152,4525,3848,5156,4519,163811,140567,109617,177,0,43827,655,0,438,653,0,4,2,14,0,1,1369,7873,5383,1796,17941,11957,2106.13,1934.08,5714.95,9740.59,3020,174,424,598,4308,11056,15364,88253,184066,272319,2,14,16,41474,51245,92719,0,0,0,134037,246381,380418,134037,246381,380418,2638007,2410858,2118831,1924221,132317,105609,2019,1738,568476,149515,36791,58034,887900,1739272,230,1644,3457,17443,4744,447,5580,4820,133,143.046,14,10417,3297,13714,5535,1766,7301,2205,574,2779,1162,308,1470,85680,22850,108530,43301,11634,54935,98302,26721,105,125128,49998,13708,48,63754,4689,1322,6011,6386,1813,8199,1055,233,1288,1439,325,1764,38603,9740,48343,53252,13436,66688,44347,11295,66,55708,61077,15574,92,76743,1349,314,1663,3469,788,4257,336,66,402,864,170,1034,17911,4267,22178,47558,11281,58839,19596,4647,56,24299,51891,12239,156,64286,233,55,288,1207,292,1499,63,14,77,353,72,425,6240,1305,7545,34642,7284,41926,6536,1374,37,7947,36202,7648,210,44060,10,3,13,148,40,188,4,3,7,72,53,125,729,144,873,10286,2065,12351,743,150,33,926,10506,2158,792,13456,16698,4991,21689,16745,4699,21444,3663,890,4553,3890,928,4818,149163,38306,187469,189039,45700,234739,169524,44187,297,214008,209674,51327,1297,262298,27793,17431,11385,56609,384974,756,2,226532,1067,0,613331,3322,2242,957,3830,1953,0,3487,248,1882,9,1,5,0,0,1,2146,761,2353,881,645,345,0,563,274,1862,15530.94,0.0,1.5,102.75,3814.02,0.0,0.0,30.0,0.0,0.0,613998,238,69036.55,31135.21,1844.32,102016.08
TUMAKURU,87,4099,4099,2232,8998,8998,39556,901,901,121245,163220,144708,9,0,0,0,0,177218,158706,10379,37,283,24207,156132,0,64771,505,0,2086,247,520,0,55,708,3548,6406,6297,26534,22853,3785.75,2354.95,7070.93,11090.35,3628,220,899,1119,2112,27058,29170,89271,262106,351377,26,177201,177227,20792,25337,46129,124,667,791,112325,492369,604694,112325,492369,604694,3513603,3177062,2879840,2587680,114083,92919,896,417,527067,181118,1061330,326890,2160102,2107798,426,2283,9033,5456,332,426,3105,4903,140,90.92,7,23646,6521,30167,11554,3310,14864,10121,3150,13271,5057,1610,6667,115207,38490,153697,70004,17398,87402,148974,48161,128,197263,86615,22318,51,108984,11751,2993,14744,16541,4260,20801,5935,1656,7591,8368,2337,10705,74072,16989,91061,104462,23913,128375,91758,21638,40,113436,129371,30510,59,159940,5260,1257,6517,13858,3353,17211,3591,913,4504,9642,2471,12113,49788,10219,60007,135274,27717,162991,58639,12389,42,71070,158774,33541,117,192432,1328,246,1574,7228,1363,8591,1349,328,1677,7616,1811,9427,21728,4131,25859,122269,23109,145378,24405,4705,22,29132,137113,26283,138,163534,143,20,163,1994,263,2257,195,41,236,2631,547,3178,2665,449,3114,38498,6602,45100,3003,510,14,3527,43123,7412,962,51497,42128,11037,53165,51175,12549,63724,21191,6088,27279,33314,8776,42090,263460,70278,333738,470507,98739,569246,326779,87403,246,414428,554996,120064,1328,676388,21285,12325,4538,38148,26042,2652,290,66868,334611,0,431562,2884,1346,906,2496,1982,0,2059,39626,845,0,1692,27,10,0,101,42331,466,603,0,599,345,0,105,170,469,6116.37,0.0,0.0,2458.35,1639.85,2.1,0.0,31094.2,30.0,0.0,450563,4382,104566.89,41077.53,1802.15,147446.57
CHIKKAMAGALURU,50,7640,6210,1561,6674,6384,426,173,173,31291,35276,26174,4075,110,110,14521,13616,64394,52667,33036,9756,0,25831,43660,0,5851,5088,0,418,5858,218,0,16,89,4049,7291,3491,15882,10920,1632.82,2724.82,4655.47,8715.07,2386,79,455,534,1476,11343,12819,22256,44134,66390,17495,125613,143108,16626,26993,43619,0,7286,7286,57853,215369,273222,57853,215369,273222,2072575,1883673,1708356,1545320,159237,130634,1621,1416,337576,70870,91312,46068,591919,1178382,124,375,3386,5409,1765,85,1410,1230,30,97.26,7,12745,2865,15610,6500,1467,7967,2021,475,2496,1034,244,1278,89857,20062,109919,42080,9561,51641,104623,23402,588,128613,49614,11272,274,61160,5513,1115,6628,7521,1525,9046,828,150,978,1125,211,1336,39838,8321,48159,54923,11456,66379,46179,9586,257,56022,63569,13192,354,77115,1544,308,1852,3794,747,4541,328,61,389,818,152,970,20610,3999,24609,54614,10548,65162,22482,4368,201,27051,59226,11447,524,71197,168,41,209,880,219,1099,44,16,60,242,83,325,7905,1536,9441,44690,8624,53314,8117,1593,127,9837,45812,8926,733,55471,6,2,8,99,21,120,6,1,7,66,15,81,1447,299,1746,30122,6386,36508,1459,302,193,1954,30287,6422,11724,48433,19976,4331,24307,18794,3979,22773,3227,703,3930,3285,705,3990,159657,34217,193874,226429,46575,273004,182860,39251,1366,223477,248508,51259,13609,313376,29822,19107,18933,67863,110533,9080,0,61353,52776,0,235695,2884,897,0,2738,1259,0,2043,3909,1479,0,146,2956,1,0,117,8612,848,479,0,645,345,0,519,340,616,2008.75,0.0,848.16,1874.55,2923.79,0.0,0.0,1485.3,79.54,0.0,253087,13083,32999.48,45035.2,1322.43,79357.11
DAKSHINA KANNADA,0,0,0,11,0,0,41083,42758,42026,15501,17259,16589,8,129,129,20863,20225,81009,78969,48689,0,0,0,0,0,0,0,0,0,366,0,0,0,3032,21996,8874,6095,7388,7692,775.15,3255.3,4882.82,8336.24,4469,85,409,494,3130,20136,23266,35333,91340,126673,0,60528,60528,74991,96697,171688,0,4262,4262,113454,272963,386417,113454,272963,386417,5277737,4728324,4460345,3971483,217670,182829,3147,3007,253715,3700,265,24628,436467,1721908,198,376,14766,153100,207,2,2529,1564,140,82000.0,92,6731,2493,9224,2566,917,3483,5579,1852,7431,2388,768,3156,91852,44112,135964,35352,16189,51541,104162,48457,536,153155,40306,17874,177,58357,801,370,1171,1067,503,1570,1337,488,1825,1799,675,2474,24066,10272,34338,32508,14082,46590,26204,11130,126,37460,35374,15260,165,50799,100,40,140,240,97,337,240,96,336,588,241,829,8862,4191,13053,23442,11104,34546,9202,4327,92,13621,24270,11442,246,35958,2,2,4,9,10,19,20,6,26,93,33,126,2874,1372,4246,16054,7659,23713,2896,1380,64,4340,16155,7702,362,24219,0,0,0,0,0,0,0,0,0,0,0,0,328,164,492,5778,2336,8114,328,164,29,521,5778,2336,966,9080,7634,2905,10539,3882,1527,5409,7176,2442,9618,4868,1717,6585,127982,60111,188093,113134,51370,164504,142792,65458,847,209097,121884,54614,1917,178415,6905,4480,7203,18588,132588,0,0,0,0,0,132588,2666,0,0,0,0,0,2666,0,0,0,0,193,0,0,0,193,0,0,0,0,0,0,563,0,564,921.75,0.0,0.0,0.0,0.0,0.0,0.0,0.0,0.0,0.0,133656,10525,7881.51,72164.18,1607.63,81653.32
UDUPI,0,0,0,291,453,453,36738,25592,23804,2077,699,699,2245,1999,1882,4804,4184,33547,31022,49608,0,0,8,0,0,1819,0,0,0,30,0,0,0,854,5671,8648,2224,4328,161,791.88,2743.88,4416.81,7349.95,3089,52,244,296,3031,25747,28778,22885,68253,91138,0,37289,37289,36201,51319,87520,0,2883,2883,62117,185491,247608,62117,185491,247608,2435359,2204763,2036341,1831598,180143,149653,3771,3552,252067,8846,70,6600,364933,1193772,138,288,214,157742,3,3,10700,5515,635,4.39,116,2527,1973,4500,860,630,1490,3129,1533,4662,1325,609,1934,84115,65156,149271,26797,21232,48029,89771,68662,317,158750,28982,22471,98,51551,300,206,506,399,271,670,887,306,1193,1207,427,1634,13035,10493,23528,17982,14469,32451,14222,11005,89,25316,19588,15167,130,34885,42,28,70,107,66,173,227,95,322,586,252,838,6246,5168,11414,16738,13899,30637,6515,5291,50,11856,17431,14217,136,31784,0,5,5,0,30,30,56,30,86,290,160,450,2145,1827,3972,12021,10142,22163,2201,1862,50,4113,12311,10332,310,22953,0,0,0,0,0,0,2,1,3,23,16,39,261,149,410,4733,2125,6858,263,150,37,450,4756,2141,1547,8444,2869,2212,5081,1366,997,2363,4301,1965,6266,3431,1464,4895,105802,82793,188595,78271,61867,140138,112972,86970,543,200485,83068,64328,2221,149617,2857,1412,1879,6148,138156,0,0,109,0,0,138265,2935,0,0,3825,0,0,2935,3623,0,0,0,19,0,0,0,3642,2119,0,0,0,0,0,563,0,2088,2462.0,0.0,0.0,0.0,0.0,0.0,0.0,441.4,0.0,0.0,140309,8531,6859.29,20299.33,783.0,27941.62
HASSAN,520,45192,36097,6066,23476,20308,952,699,504,46529,24482,23393,20,0,0,3912,3623,97761,83925,42818,996,0,79058,69661,0,862,880,0,1017,2410,1501,0,0,1008,4278,7546,4434,23091,15138,3131.35,2369.03,4814.98,9111.91,2569,138,756,894,1484,10046,11530,60078,181442,241520,0,165073,165073,19246,14647,33893,0,3857,3857,80808,375065,455873,80808,375065,455873,2155022,1976953,1776950,1621788,107057,87824,1271,920,606460,141264,160685,99405,1054362,2578599,386,1025,6474,9628,3128,166,11610,47300,70,124.54,8,36659,7404,44063,15570,3115,18685,3156,631,3787,1419,289,1708,177284,60278,237562,101886,23833,125719,217099,68313,257,285669,118875,27237,97,146209,10901,2164,13065,15085,2965,18050,1248,229,1477,1696,310,2006,72040,15470,87510,99243,21282,120525,84189,17863,99,102151,116024,24557,134,140715,2280,384,2664,5699,973,6672,384,45,429,1004,115,1119,28643,5076,33719,75361,13343,88704,31307,5505,80,36892,82064,14431,217,96712,323,28,351,1700,148,1848,89,12,101,460,67,527,7887,1328,9215,43488,7459,50947,8299,1368,77,9744,45648,7674,490,53812,17,2,19,228,26,254,6,1,7,128,20,148,966,167,1133,20428,2523,22951,989,170,66,1225,20784,2569,2697,26050,50180,9982,60162,38282,7227,45509,4883,918,5801,4707,801,5508,286820,82319,369139,340406,68440,408846,341883,93219,579,435681,283395,76468,3637,363500,33682,21937,12813,68431,143705,981,0,333937,155899,0,634691,3147,917,0,4213,2206,0,3222,521,697,0,1202,1847,0,0,515,4822,674,808,0,963,0,0,538,278,583,5046.61,0.0,24.87,2708.81,8925.33,0.0,0.0,1.2,7.28,0.0,654696,46907,57943.86,49658.44,1887.6,109489.9
KODAGU,92,1226,1226,1464,90,90,137,0,0,1398,106,106,11,59,59,74,74,1555,1555,28336,0,0,3448,0,0,63,0,0,0,0,0,0,0,347,3115,3619,2100,6835,4317,846.5,2003.22,1119.92,4247.74,529,27,267,294,452,5999,6451,8691,48969,57660,0,26680,26680,4982,27242,32224,0,3470,3470,14125,112360,126485,14125,112360,126485,641801,589082,453423,413764,102194,71780,2432,2057,88428,14476,1401,7785,177038,207886,48,189,2219,1291,419,19,390,2750,15,44.15,49,1790,447,2237,826,224,1050,703,83,786,343,46,389,20397,4681,25078,10333,2219,12552,22890,5211,171,28272,11502,2489,75,14066,381,80,461,497,107,604,232,53,285,301,71,372,13799,2400,16199,19464,3338,22802,14412,2533,72,17017,20262,3516,95,23873,98,11,109,252,29,281,49,9,58,125,25,150,11558,1730,13288,31641,4701,36342,11705,1750,46,13501,32018,4755,120,36893,14,2,16,73,10,83,11,1,12,65,4,69,6801,958,7759,39354,5609,44963,6826,961,45,7832,39492,5623,263,45378,0,0,0,0,0,0,0,0,0,0,0,0,1818,348,2166,31598,6255,37853,1818,348,93,2259,31598,6255,9797,47650,2283,540,2823,1648,370,2018,995,146,1141,834,146,980,54373,10117,64490,132390,22122,154512,57651,10803,427,68881,134872,22638,10351,167861,17517,11768,11662,40947,86303,0,0,17921,0,0,104224,2934,0,0,5359,0,0,3182,45,0,0,0,0,0,0,0,45,667,0,0,0,0,0,0,0,667,2625.15,0.0,0.0,0.0,246.41,0.0,0.0,0.0,0.0,0.0,104228,30,8146.07,42103.35,597.53,50846.95
MANDYA,780,103240,90672,630,18560,14854,11850,7501,5485,35709,20704,16025,89,409,409,943,843,151357,128288,58487,1020,0,4892,61097,0,1361,6,0,398,2627,738,0,0,293,5760,4836,5924,11589,9119,2820.83,1796.29,5328.84,8798.93,2036,104,635,739,2525,17280,19805,27002,256720,283722,0,122973,122973,2387,38283,40670,0,391,391,31914,435647,467561,31914,435647,467561,2412802,2214807,1999005,1826152,117988,97284,796,406,366740,145516,341774,261300,1149155,1293779,298,1438,6926,12924,179,178,12860,2380,188,148.52,6,23519,6837,30356,8215,2247,10462,1525,395,1920,493,123,616,176818,88576,265394,98198,28302,126500,201862,95808,1527,299197,106906,30672,548,138126,3877,954,4831,5131,1228,6359,232,86,318,296,120,416,51781,11822,63603,67641,15411,83052,55890,12862,378,69130,73068,16759,507,90334,923,164,1087,2207,402,2609,94,21,115,257,52,309,18550,3605,22155,46819,8842,55661,19567,3790,269,23626,49283,9296,700,59279,91,9,100,482,49,531,24,2,26,129,11,140,2953,449,3402,15012,2309,17321,3068,460,117,3645,15623,2369,673,18665,0,1,1,0,25,25,0,4,4,0,57,57,95,15,110,1260,200,1460,95,20,53,168,1260,282,1485,3027,28410,7965,36375,16035,3951,19986,1875,508,2383,1175,363,1538,250197,104467,354664,228930,55064,283994,280482,112940,2344,395766,246140,59378,3913,309431,38826,13127,8605,60558,246543,1192,30,19387,100642,0,367794,3868,970,902,4545,1784,0,2927,1021,8,0,409,879,0,0,283,2600,914,702,0,645,0,0,281,299,448,19193.78,0.0,0.0,1264.41,794.03,0.0,0.0,135.0,0.0,0.0,385320,54621,41282.27,52800.92,1902.03,95985.22
MYSURU,1308,101567,91797,937,13529,12440,662,12021,10244,26905,22903,19842,3,215,215,0,0,150235,134538,93521,3466,0,37283,50883,0,2387,1005,0,943,10066,20,0,16,810,11444,13086,5513,20112,9598,2603.09,1310.68,4384.5,8251.61,1163,355,706,1061,2519,16843,19362,138932,419882,558814,8,10438,10446,56661,24381,81042,0,5,5,198120,471549,669669,198120,471549,669669,3215838,2911698,2645015,2378142,93331,76229,823,371,549552,45419,218381,168299,1021765,3065218,302,1663,4097,7332,978,99,7217,4883,185,123.725,19,38523,9337,47860,15782,3903,19685,22307,5041,27348,9298,2141,11439,138645,46194,184839,75753,18465,94218,199475,60572,62,260109,100833,24509,21,125363,10651,2563,13214,14694,3529,18223,6425,1368,7793,8779,1874,10653,52703,12725,65428,71637,17484,89121,69779,16656,11,86446,95110,22887,16,118013,2733,570,3303,6847,1439,8286,2354,349,2703,5751,848,6599,21696,4470,26166,56522,11553,68075,26783,5389,9,32181,69120,13840,24,82984,302,42,344,1493,230,1723,281,33,314,1493,164,1657,4946,841,5787,26315,4422,30737,5529,916,73,6518,29301,4816,419,34536,12,2,14,158,26,184,13,4,17,197,47,244,337,67,404,4789,952,5741,362,73,37,472,5144,1025,1466,7635,52221,12514,64735,38974,9127,48101,31380,6795,38175,25518,5074,30592,218327,64297,282624,235016,52876,287892,301928,83606,192,385726,299508,67077,1945,368530,32045,19509,10459,62014,354227,6047,0,137154,85090,0,582518,3550,1104,0,3866,2222,0,3254,2170,762,18,734,2411,4,0,503,6602,874,1149,1198,686,345,0,569,274,645,26721.77,0.0,17.76,393.15,1573.43,0.0,0.0,412.8,13.34,0.0,624737,10774,71615.05,27932.49,1920.94,101468.48
CHAMARAJANAGAR,187,21040,21040,155,7160,5290,3158,2400,1870,22849,46793,44070,5,0,0,0,0,77393,72270,13881,13193,519,38569,15917,0,12179,8841,0,464,791,202,0,0,399,599,3697,2969,3685,2366,989.66,863.06,2175.93,4244.44,653,57,428,485,1876,19762,21638,18415,89195,107610,12916,103878,116794,4559,7757,12316,562,1183,1745,38328,221775,260103,38328,221775,260103,1121023,1028408,906800,828050,96916,78034,846,239,262520,20887,128483,102854,528520,377463,181,238,2012,2017,221,95,215,820,40,27.5,0,22041,6091,28132,9344,2741,12085,6999,1614,8613,2798,718,3516,78699,18599,97298,35223,8613,43836,107739,26304,208,134251,47365,12072,105,59542,7451,1858,9309,10640,2618,13258,2005,450,2455,2790,642,3432,33867,7217,41084,47201,10087,57288,43323,9525,95,52943,60631,13347,135,74113,1833,437,2270,4593,1111,5704,723,123,846,1846,302,2148,14533,2513,17046,38096,6522,44618,17089,3073,78,20240,44535,7935,213,52683,308,53,361,1572,252,1824,96,18,114,494,98,592,3487,433,3920,18760,2368,21128,3891,504,41,4436,20826,2718,243,23787,12,1,13,153,10,163,5,0,5,59,0,59,238,46,284,3199,644,3843,255,47,24,326,3411,654,953,5018,31645,8440,40085,26302,6732,33034,9828,2205,12033,7987,1760,9747,130824,28808,159632,142479,28234,170713,172297,39453,446,212196,176768,36726,1649,215143,11297,6912,5594,23803,45856,4947,424,147886,26997,0,226134,3494,371,1206,4483,1823,0,3030,8867,2388,0,126,210,1,0,33,11625,697,275,0,211,345,0,268,274,508,5059.9,0.0,100.5,1021.85,2054.6,0.0,0.0,3345.9,494.76,0.0,239680,5453,17385.06,11663.67,533.77,29582.5
BELAGAVI,416,72385,59908,898,341,307,62995,167271,137331,43484,170859,139708,6503,18990,17092,89257,71405,519103,425751,61230,163722,4535,131163,246,33155,37419,23982,2135,23,110,210,90450,251,2806,23975,12117,1977,46442,48810,3045.97,2940.06,7774.78,12042.07,929,441,1309,1750,7402,37016,44418,163147,236069,399216,18,380245,380263,106311,129160,235471,11862,15203,27065,288740,797693,1086433,288740,797693,1086433,4166794,3795695,3384137,3064357,76394,61675,678,828,592833,829370,788929,491545,2809109,2738292,879,692,3870,4760,626,219,3934,2325,305,60.23,6,19612,3605,23217,7860,1913,9773,9766,932,10698,4704,493,5197,164675,16935,181610,100158,8333,108491,194053,21472,0,215525,112722,10739,0,123461,7176,1026,8202,10162,1425,11587,5744,424,6168,8231,598,8829,132164,10276,142440,187842,14717,202559,145084,11726,0,156810,206235,16740,0,222975,3598,401,3999,9396,1050,10446,3411,194,3605,9279,514,9793,91214,6055,97269,247598,16405,264003,98223,6650,0,104873,266273,17969,0,284242,1117,113,1230,6182,615,6797,1265,70,1335,7133,394,7527,42604,2530,45134,242419,14496,256915,44986,2713,37,47736,255734,15505,251,271490,111,9,120,1533,175,1708,138,9,147,1927,160,2087,5288,369,5657,74913,8241,83154,5537,387,67,5991,78373,8576,3172,90121,31614,5154,36768,35133,5178,40311,20324,1629,21953,31274,2159,33433,435945,36165,472110,852930,62192,915122,487883,42948,104,530935,919337,69529,3423,992289,100099,45042,34851,179992,177552,141459,5726,576758,1208,68727,972447,3118,1200,651,3874,1122,1546,2565,39530,11172,2235,50,138,269,63115,75,116637,1103,761,773,645,369,894,910,315,930,120.1,2682.9,2269.78,0.0,11883.58,203.81,23.64,1581.5,216.86,40862.0,1035516,25211,152455.11,132110.75,2785.87,287351.73
VIJAYAPURA,296,87422,87422,114,0,0,42781,80695,72980,35001,129533,113515,2,0,0,9840,8957,307490,282874,51,176980,20156,40207,0,53842,24779,45335,13809,0,107,95,0,1065,1927,3505,5457,3739,24819,15977,2402.51,1626.58,5051.69,7843.85,762,129,695,824,6291,28519,34810,83562,65105,148667,619,179596,180215,10012,12983,22995,123,18378,18501,100607,304581,405188,100607,304581,405188,1851018,1686650,1517268,1373000,74519,60661,389,450,253025,156860,309278,367563,1156711,300018,140,194,2307,5505,81,159,2050,3620,195,50.33,65,7546,2509,10055,4824,1832,6656,385,101,486,251,71,322,35376,5233,40609,22557,3365,25922,43307,7843,0,51150,27632,5268,0,32900,16972,2535,19507,24874,3727,28601,878,144,1022,1276,211,1487,86937,12326,99263,128451,18253,146704,104787,15005,0,119792,154601,22191,0,176792,11686,1550,13236,30326,3999,34325,700,90,790,1832,242,2074,80516,10467,90983,219462,27974,247436,92902,12107,0,105009,251620,32215,0,283835,3789,433,4222,21435,2480,23915,264,38,302,1465,213,1678,47537,5327,52864,279515,31237,310752,51590,5798,10,57398,302415,33930,76,336421,385,35,420,5203,478,5681,29,2,31,400,21,421,7565,810,8375,102533,11153,113686,7979,847,28,8854,108136,11652,596,120384,40378,7062,47440,86662,12516,99178,2256,375,2631,5224,758,5982,257931,34163,292094,752518,91982,844500,300565,41600,38,342203,844404,105256,672,950332,29057,18614,6557,54228,170,134027,35337,226327,0,57685,453546,3576,974,762,3609,0,1131,1523,27528,21594,1032,0,32,164,0,48,50398,694,386,413,0,200,0,113,274,507,0.0,2321.7,1308.95,0.0,2682.76,200.59,0.0,12918.5,141.4,0.0,667306,6598,120443.2,95766.72,2610.13,218820.05
BAGALKOT,189,2026,2026,53,140,140,11636,6277,4929,32349,129268,117497,19,320,320,115812,107906,253843,232818,32,110614,15898,44300,0,20118,26333,29231,1109,0,492,0,1894,2419,524,2538,4882,3029,24117,22325,1586.21,1494.98,3465.85,5468.65,1011,166,520,686,9075,27493,36568,98567,29027,127594,0,150329,150329,7852,9010,16862,0,12135,12135,115494,227994,343488,115494,227994,343488,2400975,2183007,1956941,1768648,111126,90033,491,409,279415,234802,733600,324741,1646310,1372196,265,2007,6828,3349,26,45,1622,4439,225,49.94,12,7092,2751,9843,3798,1651,5449,2854,656,3510,1641,399,2040,47783,8606,56389,27785,5078,32863,57729,12013,0,69742,33224,7128,0,40352,5747,1538,7285,8211,2153,10364,2725,529,3254,3943,752,4695,55223,9583,64806,80343,13972,94315,63695,11650,0,75345,92497,16877,0,109374,2621,603,3224,6887,1575,8462,1812,279,2091,4852,759,5611,42425,6301,48726,115779,17116,132895,46858,7183,0,54041,127518,19450,0,146968,684,112,796,3777,629,4406,643,99,742,3581,572,4153,20989,2855,23844,120587,16241,136828,22316,3066,13,25395,127945,17442,113,145500,47,17,64,668,241,909,49,11,60,637,128,765,2694,358,3052,37375,5041,42416,2790,386,32,3208,38680,5410,832,44922,16191,5021,21212,23341,6249,29590,8083,1574,9657,14654,2610,17264,169114,27703,196817,381869,57448,439317,193388,34298,45,227731,419864,66307,945,487116,45558,23326,15928,84812,85,97067,20308,251699,0,41629,410788,3576,966,971,3892,0,1886,1973,25444,21512,360,0,88,405,2580,20,50409,994,547,426,0,241,1084,494,274,719,0.0,3391.8,826.2,0.0,5678.15,400.25,0.0,14970.2,381.68,2611.45,456926,12418,99845.5,118411.49,2464.92,220721.91
DHARAWAD,86,26655,15779,1245,0,0,1113,0,0,9417,26779,20816,0,0,0,0,0,53434,36595,23909,48420,0,30900,27,32835,36152,2988,12622,0,4,17,39628,14,488,2029,3213,1800,14291,9813,1388.5,643.31,3158.81,4063.42,291,249,265,514,6250,15471,21721,113500,100032,213532,65,65200,65265,50162,13923,64085,0,0,0,169977,194626,364603,169977,194626,364603,2296256,2093592,1929147,1749397,109040,91113,582,484,193781,79513,73982,62140,433405,904421,123,724,10339,2121,439,125,740,655,135,44.98,3,1417,555,1972,822,389,1211,1544,302,1846,898,188,1086,27678,4823,32501,16526,2820,19346,30639,5680,64,36383,18246,3397,32,21675,1578,317,1895,2216,434,2650,1630,237,1867,2306,329,2635,39561,5983,45544,57614,8673,66287,42769,6537,49,49355,62136,9436,69,71641,735,119,854,1929,315,2244,879,109,988,2377,293,2670,29242,3994,33236,80372,10906,91278,30856,4222,45,35123,84678,11514,118,96310,199,46,245,1090,247,1337,363,49,412,2062,261,2323,16701,2014,18715,97636,11765,109401,17263,2109,27,19399,100788,12273,195,113256,12,0,12,138,0,138,30,3,33,360,38,398,2584,317,2901,34098,4451,38549,2626,320,19,2965,34596,4489,1011,40096,3941,1037,4978,6195,1385,7580,4446,700,5146,8003,1109,9112,115766,17131,132897,286246,38615,324861,124153,18868,204,143225,300444,41109,1425,342978,20740,13288,3353,37381,33989,42214,5,90634,12,32631,199594,1730,1080,1011,2841,1174,1185,1685,21178,1452,3705,0,186,21,34517,80,61142,821,477,724,0,345,1136,563,274,940,702.5,471.3,3.0,0.0,2471.35,0.0,1.5,1497.9,8.66,14701.45,248589,16130,66491.97,9767.84,2204.33,78464.14
GADAG,105,32733,30537,30,184,184,3772,373,373,12321,47444,41664,12,0,0,14271,12018,95005,84776,1706,55004,1089,34163,1,16041,41174,39748,2387,0,381,230,2,104,1844,3024,18907,6335,27940,13119,1179.19,1046.03,2696.27,3911.67,360,112,255,367,2630,19066,21696,55022,22229,77251,6875,111987,118862,8696,3401,12097,7942,7051,14993,81165,163734,244899,81165,163734,244899,1048589,956984,892364,809446,86476,73144,391,364,142655,60989,259047,106353,592987,156270,92,369,664,757,96,30,30,174,70,15.0,22,3271,1456,4727,1941,983,2924,1923,379,2302,1139,247,1386,24380,3998,28378,14476,2478,16954,29574,5833,107,35514,17556,3708,52,21316,4364,775,5139,6152,1078,7230,2885,442,3327,4174,637,4811,44953,6673,51626,65966,9733,75699,52202,7890,61,60153,76292,11448,88,87828,2289,292,2581,5876,750,6626,1545,243,1788,4104,657,4761,34644,4552,39196,94903,12234,107137,38478,5087,49,43614,104883,13641,142,118666,503,55,558,2743,312,3055,478,65,543,2661,369,3030,17998,2089,20087,104172,11953,116125,18979,2209,49,21237,109576,12634,309,122519,42,5,47,535,68,603,45,3,48,569,34,603,2532,270,2802,33855,3663,37518,2619,278,51,2948,34959,3765,1213,39937,10469,2583,13052,17247,3191,20438,6876,1132,8008,12647,1944,14591,124507,17582,142089,313372,40061,353433,141852,21297,317,163466,343266,45196,1804,390266,13475,7479,2327,23280,7258,61281,911,138476,11,19388,227348,3738,1025,396,2633,1174,1218,1714,31332,18822,2104,2,232,37,0,87,52621,759,471,1036,645,345,0,668,274,626,0.0,194.0,526.0,0.0,4111.0,64.0,4.0,5999.0,649.0,0.0,293245,3352,71930.38,8813.91,1718.61,82462.9
HAVERI,47,5134,5134,1904,9698,9698,156,20,20,54336,82785,63016,10529,753,753,23240,20045,121630,98666,44968,35186,0,170696,154,983,17789,3803,910,12,114,125,7450,34,774,3792,3885,3697,15690,10357,1848.28,1447.18,1715.39,3667.64,755,107,363,470,5963,21654,27617,50520,43750,94270,0,158022,158022,18890,23211,42101,0,0,0,75373,246637,322010,75373,246637,322010,1433414,1311240,1188691,1080363,78952,65050,662,538,284609,98468,254708,127757,800090,885232,175,475,2757,2206,1153,194,4957,5170,65,41.01,3,6391,1098,7489,3507,650,4157,6838,813,7651,3670,435,4105,56113,6613,62726,30890,3558,34448,69342,8524,135,78001,38067,4643,66,42776,5727,728,6455,7996,1012,9008,6011,598,6609,8493,819,9312,61533,5668,67201,87933,8024,95957,73271,6994,81,80346,104422,9855,111,114388,2140,231,2371,5406,571,5977,2742,209,2951,7198,541,7739,35679,2838,38517,95549,7580,103129,40561,3278,68,43907,108153,8692,170,117015,315,31,346,1710,153,1863,526,47,573,2850,240,3090,12641,932,13573,70924,5224,76148,13482,1010,47,14539,75484,5617,289,81390,25,1,26,337,12,349,52,6,58,689,79,768,1319,131,1450,17539,1984,19523,1396,138,24,1558,18565,2075,708,21348,14598,2089,16687,18956,2398,21354,16169,1673,17842,22900,2114,25014,167285,16182,183467,302835,26370,329205,198052,19944,355,218351,344691,30882,1345,376918,37909,21536,5556,65001,125422,36545,0,413487,199,546,577674,2859,1207,0,2937,931,907,2663,18309,5289,753,8,101,25,4017,49,28551,1095,1210,1176,645,345,843,757,274,1062,5410.8,53.0,1093.13,0.0,11325.6,0.0,0.0,3616.0,7.12,8732.2,583208,47365,90729.71,10293.11,2170.74,103193.56
UTTARA KANNADA,20,0,0,2371,6032,6020,20640,10616,10395,6377,9230,8460,16,676,676,14691,13640,41245,39191,66147,0,0,4576,5,0,1950,7,0,0,8,0,6,0,1341,5961,4501,2605,4638,1899,2038.56,2800.54,8142.67,12140.46,2504,90,357,447,666,9306,9972,32510,90763,123273,12416,107816,120232,26179,35685,61864,282,12066,12348,72053,255636,327689,72053,255636,327689,1688708,1546647,1374128,1250449,103526,83700,2043,2163,336955,87816,4783,8961,498164,537037,170,1766,6572,103418,1014,86,17702,18566,275,34.24,42,3504,1418,4922,1080,448,1528,1068,367,1435,488,172,660,104618,32277,136895,33389,8505,41894,109190,34062,372,143624,34957,9125,84,44166,1224,392,1616,1702,559,2261,519,133,652,729,193,922,23549,5088,28637,32393,7007,39400,25292,5613,59,30964,34824,7759,83,42666,324,106,430,857,276,1133,228,60,288,606,161,767,10831,2171,13002,28886,5730,34616,11383,2337,36,13756,30349,6167,104,36620,56,22,78,282,107,389,41,10,51,210,52,262,3476,572,4048,18990,3110,22100,3573,604,31,4208,19482,3269,184,22935,0,1,1,0,12,12,2,0,2,21,0,21,216,41,257,2736,526,3262,218,42,10,270,2757,538,285,3580,5108,1939,7047,3921,1402,5323,1858,570,2428,2054,578,2632,142690,40149,182839,116394,24878,141272,149656,42658,508,192822,122369,26858,739,149966,8646,3819,2851,15316,152981,0,0,24088,11,0,177080,2350,0,0,4029,1287,0,2492,3825,40,0,0,0,0,3,0,3868,1915,859,0,0,0,764,0,0,1888,7883.84,0.0,0.0,0.0,1469.2,0.0,0.0,569.4,0.0,0.0,177771,998,7341.08,62027.69,2287.97,71656.74
BALLARI,456,113074,77607,149,2728,2221,7659,4048,3037,22137,93054,75198,3597,38313,32882,9659,8571,260876,199516,93665,50228,14157,99739,3132,113,49762,18798,144,27,3143,129,0,3,3253,10585,8185,2583,24001,14063,1805.59,1520.22,4317.34,6443.99,616,177,424,601,11724,43553,55277,114518,78130,192648,0,131670,131670,33706,9551,43257,0,2030,2030,159948,264934,424882,159948,264934,424882,3178061,2856766,2668098,2383135,112051,93473,483,346,344077,142255,756270,187270,1471714,2723680,202,4670,11512,10388,60,70,13920,27860,75,80.71,2,11944,4387,16331,6423,2553,8976,13689,4539,18228,6897,2396,9293,51653,18561,70214,30713,9565,40278,77286,27487,273,105046,44033,14514,132,58679,9161,2535,11696,12841,3591,16432,9526,2895,12421,13454,4077,17531,45473,13044,58517,65514,18637,84151,64160,18474,175,82809,91809,26305,251,118365,4429,1039,5468,11761,2706,14467,6531,1568,8099,17571,4168,21739,34042,8757,42799,92843,23608,116451,45002,11364,193,56559,122175,30482,515,153172,1374,252,1626,7598,1351,8949,2876,517,3393,16285,2825,19110,17623,3935,21558,101269,22234,123503,21873,4704,179,26756,125152,26410,1070,152632,111,14,125,1445,188,1633,498,36,534,7129,514,7643,2737,478,3215,37148,6497,43645,3346,528,91,3965,45722,7199,1757,54678,27019,8227,35246,40068,10389,50457,33120,9555,42675,61336,13980,75316,151528,44775,196303,327487,80541,408028,211667,62557,911,275135,428891,104910,3725,537526,69683,39677,13969,123329,412231,67926,11636,208090,2670,223,703457,3654,1807,787,2493,891,893,2773,45877,12626,36,39,551,0,0,34,59163,881,511,321,645,0,0,464,274,756,6804.25,22.0,245.94,255.6,5718.01,1792.08,0.0,7175.75,90.04,0.0,741047,23169,169520.79,45835.9,1387.56,216744.25
BIDAR,180,0,0,131,0,0,11725,19557,17376,15380,25280,19908,2153,0,0,404,318,45241,37602,1548,50782,5348,1382,0,3839,299,1140,12041,0,5717,277,111318,133,978,4421,3846,2193,5256,4892,877.08,1775.94,2324.95,4496.59,837,164,573,737,4074,29550,33624,50712,44541,95253,0,137237,137237,5969,6813,12782,0,18988,18988,60755,237129,297884,60755,237129,297884,1340644,1224373,1098377,997731,69149,56349,562,1168,234519,130781,88402,145942,630488,402661,193,725,4663,1877,104,82,15000,6000,110,86.25,12,9342,2294,11636,5097,1481,6578,6910,1617,8527,3889,930,4819,47141,13312,60453,25856,7560,33416,63393,17223,0,80616,34842,9971,0,44813,9889,1930,11819,13760,2679,16439,7498,1659,9157,10575,2321,12896,59902,15739,75641,84965,22529,107494,77289,19328,0,96617,109300,27529,0,136829,4140,691,4831,10328,1703,12031,3686,650,4336,9708,1673,11381,37080,8005,45085,98752,21121,119873,44906,9346,0,54252,118788,24497,0,143285,831,79,910,4582,407,4989,978,125,1103,5383,674,6057,13213,2134,15347,75527,12079,87606,15022,2338,41,17401,85492,13160,252,98904,88,3,91,1197,38,1235,72,10,82,923,112,1035,1643,250,1893,21763,3234,24997,1803,263,33,2099,23883,3384,677,27944,24290,4997,29287,34964,6308,41272,19144,4061,23205,30478,5710,36188,158979,39440,198419,306863,66523,373386,202413,48498,74,250985,372305,78541,929,451775,11858,11012,1788,24658,2036,39965,4125,2791,0,6663,55588,1039,1058,1166,1982,0,1616,1139,261,747,7295,7,601,49,67955,388,77314,796,397,1121,645,345,596,308,350,614,30.0,118.5,243.35,0.0,24.55,17.05,25.39,0.0,30.14,59075.8,128352,14711,30398.27,96797.59,1561.12,128756.98
KALABURAGI,131,22279,20864,152,1093,1018,16610,12904,11844,8563,53768,48802,114,14865,13209,2644,2318,107553,98055,4199,204379,4886,2634,0,9061,3817,40968,4452,79,3526,571,7222,261,877,6758,4376,5399,16351,10791,1213.57,2032.25,4619.05,7101.39,882,212,774,986,7857,45985,53842,115360,42288,157648,33,228459,228492,3841,4353,8194,3813,51504,55317,130904,372589,503493,130904,372589,503493,2053702,1864922,1666511,1502915,69906,56336,526,865,473117,91254,100061,372951,1093629,362754,194,183,2245,3538,0,70,4100,1380,565,93.0,14,16503,4534,21037,9720,3190,12910,880,233,1113,523,172,695,48323,11384,59707,29801,7256,37057,65706,16151,55,81912,40044,10618,28,50690,23886,4785,28671,34284,6803,41087,1145,231,1376,1663,332,1995,95026,22383,117409,140388,33085,173473,120057,27399,37,147493,176335,40220,52,216607,13299,2323,15622,34872,5999,40871,850,173,1023,2281,459,2740,78359,16511,94870,212589,44396,256985,92508,19007,48,111563,249742,50854,132,300728,3931,541,4472,21609,3003,24612,306,59,365,1786,378,2164,35665,6757,42422,206123,38703,244826,39902,7357,70,47329,229518,42084,449,272051,364,37,401,4897,496,5393,38,5,43,471,65,536,5731,965,6696,77230,13056,90286,6133,1007,60,7200,82598,13617,1247,97462,57983,12220,70203,105382,19491,124873,3219,701,3920,6724,1406,8130,263104,58000,321104,666131,136496,802627,324306,70921,270,395497,778237,157393,1907,937537,25926,24196,3877,53999,7888,260499,22742,14621,0,25684,331500,1468,1146,1530,2806,0,1911,1245,3114,22944,2316,48,2849,110,13170,96,44670,800,569,761,645,345,639,677,230,612,63.5,0.0,832.0,0.0,165.0,145.0,0.0,3305.0,129.0,8320.0,728770,6900,126750.15,20900.08,1147.47,148797.7
YADGIRI,167,99240,91141,334,2974,2974,3042,11119,10692,5445,23323,22035,2381,2328,1841,500,454,139484,129137,49358,36450,15613,961,0,419,38840,4273,485,26,55,9,0,0,155,2118,2106,613,9902,5233,1205.83,1114.99,1815.99,3176.72,312,70,328,398,4161,23697,27858,5763,4315,10078,27016,134646,161662,1410,1053,2463,1181,849,2030,39531,164560,204091,39531,164560,204091,898728,820362,761850,690865,67205,56597,629,637,310727,76855,463482,257360,1152071,275307,95,81,1836,1782,270,80,2725,2398,140,28.22,0,14254,2331,16585,8165,1368,9533,5865,1261,7126,3431,777,4208,40694,7241,47935,22298,4073,26371,60813,10833,29,71675,33894,6218,14,40126,14747,2086,16833,20979,2931,23910,6718,1222,7940,9709,1750,11459,46260,8301,54561,67153,12131,79284,67725,11609,12,79346,97841,16812,18,114671,6935,914,7849,18256,2338,20594,3970,663,4633,10649,1782,12431,34523,6047,40570,94182,16438,110620,45428,7624,23,53075,123087,20558,55,143700,1505,165,1670,8100,859,8959,1306,216,1522,7179,1213,8392,14419,2501,16920,82208,14279,96487,17230,2882,14,20126,97487,16351,77,113915,80,9,89,1036,114,1150,112,15,127,1788,259,2047,1707,308,2015,22536,4023,26559,1899,332,5,2236,25360,4396,104,29860,37521,5505,43026,56536,7610,64146,17971,3377,21348,32756,5781,38537,137603,24398,162001,288377,50944,339321,193095,33280,83,226458,377669,64335,268,442272,50334,31901,9154,91389,224659,47294,15600,2673,0,1130,291376,2880,1197,1016,3326,0,1101,2162,31435,2097,311,31,34,0,0,0,33911,763,487,586,645,0,0,259,0,734,2558.1,0.0,158.31,0.0,0.0,38.55,0.0,0.0,19.78,0.0,335507,1906,39555.9,11706.94,575.43,51838.27
RAICHUR,150,123347,111512,342,789,789,9952,19288,14166,7786,28421,26571,5152,9169,8046,11563,10348,192577,171432,115246,91537,37042,2600,0,416,35960,29965,584,920,909,0,0,0,700,2318,3518,3054,25612,10087,1506.81,1198.19,4859.95,6729.03,680,125,581,706,8730,36033,44763,74176,55560,129736,84,155931,156015,14979,7596,22575,0,4829,4829,97969,259949,357918,97969,259949,357918,1629829,1487691,1353772,1227342,74197,61213,450,408,359124,136854,647549,281710,1470919,372688,162,876,3489,10095,220,63,1218,2779,130,157.78,0,12717,3102,15819,7515,1883,9398,16329,3167,19496,9473,1932,11405,51654,14453,66107,28737,8628,37365,80700,20722,0,101422,45725,12443,0,58168,13451,2365,15816,19358,3405,22763,18305,2939,21244,26342,4226,30568,61136,13663,74799,87233,19515,106748,92892,18967,0,111859,132932,27146,0,160078,6843,1021,7864,18215,2693,20908,12199,1657,13856,33140,4435,37575,47521,9274,56795,129151,25123,154274,66563,11952,4,78519,180506,32251,11,212768,2109,257,2366,11847,1389,13236,4812,511,5323,27262,2850,30112,24375,3699,28074,140852,21129,161981,31296,4467,2,35765,179961,25368,14,205343,133,16,149,1688,199,1887,435,45,480,5559,612,6171,3371,463,3834,44840,5969,50809,3939,524,5,4468,52087,6780,563,59430,35253,6761,42014,58623,9569,68192,52080,8319,60399,101776,14055,115831,188057,41552,229609,430813,80364,511177,275390,56632,11,332033,591211,103988,588,695787,66488,39289,11459,117235,492342,99087,29454,723,0,755,622361,3188,1359,670,2408,0,1211,2286,26958,11766,979,287,173,44,0,0,40207,861,407,886,225,812,0,127,0,628,10936.84,0.0,221.79,0.0,14.35,342.71,0.0,10690.0,287.35,0.0,706922,7672,123016.32,25085.09,532.5,148633.91
KOPPAL,112,41930,37736,127,40,36,1811,0,0,28407,92516,82552,10,250,225,0,0,134736,120549,50753,26275,44190,48210,0,2757,22274,49051,1083,928,8322,542,0,582,413,2184,3763,2503,16317,8683,1445.27,721.55,2257.81,3506.83,739,72,370,442,5095,30410,35505,64970,14055,79025,1121,140654,141775,766,2665,3431,22,3169,3191,71974,190953,262927,71974,190953,262927,1158559,1057590,953312,864130,73197,59807,472,352,260408,77860,547061,156509,1079058,3534459,182,8264,11313,43,15,48,2414,135,60,0.63,5,5540,2306,7846,3159,1447,4606,5190,1574,6764,2962,956,3918,40341,11950,52291,22717,6872,29589,51071,15830,0,66901,28838,9275,0,38113,6123,1282,7405,8745,1810,10555,6739,1346,8085,9669,1925,11594,49501,10122,59623,70399,14344,84743,62363,12750,0,75113,88813,18079,0,106892,2805,462,3267,7227,1169,8396,4598,762,5360,12341,2014,14355,38540,6421,44961,103865,17279,121144,45943,7645,0,53588,123433,20462,0,143895,630,75,705,3374,407,3781,1590,220,1810,8826,1201,10027,15491,2257,17748,87887,12880,100767,17711,2552,9,20272,100087,14488,71,114646,44,3,47,557,40,597,130,9,139,1639,96,1735,1771,246,2017,23121,3326,26447,1945,258,25,2228,25317,3462,1123,29902,15142,4128,19270,23062,4873,27935,18247,3911,22158,35437,6192,41629,145644,30996,176640,307989,54701,362690,179033,39035,34,218102,366488,65766,1194,433448,40809,22592,10151,73552,243505,45402,79917,190252,0,5830,565846,3408,1312,1639,3132,0,966,2523,29982,33604,5570,688,7304,508,0,270,77926,900,724,1361,690,686,0,763,270,811,2373.5,0.0,771.0,0.0,5292.0,1315.0,0.0,2081.0,363.0,0.0,613443,15197,58306.59,11706.94,1480.29,71493.82
