District,KDG_District,Original Maize Production Value,Perturbation,Factor,New Maize Production Values,Percentage Change,Change,Initial Stress,Initial Stability,Stress,Stability
BENGALURU,Bengaluru Urban,71.0,10,TotalNPK,97,36.61971830985916,26.0,0.03568355814801312,0.9643164418519868,0.0340340871410571,0.9659659128589428
BENGALURU(R),Bengaluru Rural,206.0,10,TotalNPK,242,17.475728155339805,36.0,0.16460517681370762,0.8353948231862924,0.16913323164666091,0.8308667683533391
RAMANAGARA,Ramanagara,4830.0,10,TotalNPK,5084,5.25879917184265,254.0,0.07478235508567264,0.9252176449143273,0.07710060348829496,0.922899396511705
CHITRADURGA,Chitradurga,68575.0,10,TotalNPK,75395,9.945315348158951,6820.0,0.6908377688662048,0.30916223113379515,0.6943325154187944,0.30566748458120563
DAVANAGERE,Davanagere,16592.0,10,TotalNPK,18374,10.740115718418515,1782.0,0.09081540891967432,0.9091845910803257,0.08360633994296707,0.9163936600570329
KOLAR,Kolar,5810.0,10,TotalNPK,7619,31.135972461273663,1809.0,0.031221290557783443,0.9687787094422166,0.04303998938921679,0.9569600106107832
CHIKKABALLAPURA,Chikkaballapura,7132.0,10,TotalNPK,8506,19.265283230510374,1374.0,0.11785636164783082,0.8821436383521691,0.11497667838273981,0.8850233216172602
SHIVAMOGGA,Shivamogga,248.0,10,TotalNPK,276,11.29032258064516,28.0,0.13129566168428727,0.8687043383157127,0.12837721334305985,0.8716227866569402
TUMAKURU,Tumakuru,39626.0,10,TotalNPK,43663,10.187755514056427,4037.0,0.39828758918806306,0.6017124108119369,0.39836290773355565,0.6016370922664444
CHIKKAMAGALURU,Chikkamagaluru,3909.0,10,TotalNPK,4512,15.425940138142746,603.0,0.21211811884797666,0.7878818811520234,0.20915748486542307,0.7908425151345769
DAKSHINA KANNADA,Dakshina Kannada,0.0,10,TotalNPK,0,,0.0,0.02952242070725483,0.9704775792927451,0.029275814046024275,0.9707241859539757
UDUPI,Udupi,3623.0,10,TotalNPK,3711,2.428926304167817,88.0,0.023733138899015675,0.9762668611009844,0.020160488096027593,0.9798395119039724
HASSAN,Hassan,521.0,10,TotalNPK,551,5.758157389635317,30.0,0.10607607242678335,0.8939239275732167,0.10683732342993567,0.8931626765700643
KODAGU,Kodagu,45.0,10,TotalNPK,55,22.22222222222222,10.0,0.012424352898286549,0.9875756471017134,0.011861971395096935,0.9881380286049031
MANDYA,Mandya,1021.0,10,TotalNPK,1109,8.619000979431929,88.0,0.14847685016405396,0.851523149835946,0.1470230121360833,0.8529769878639167
MYSURU,Mysuru,2170.0,10,TotalNPK,2297,5.852534562211981,127.0,0.006467371491068172,0.9935326285089319,0.006303468399761255,0.9936965316002387
CHAMARAJANAGAR,Chamarajanagara,8867.0,10,TotalNPK,9374,5.717830156761024,507.0,0.09031474055170738,0.9096852594482926,0.08679620664500298,0.913203793354997
BELAGAVI,Belagavi,39530.0,10,TotalNPK,42601,7.768783202630914,3071.0,0.2576536638716733,0.7423463361283267,0.2590277869885271,0.7409722130114729
VIJAYAPURA,Vijayapura,27528.0,10,TotalNPK,28704,4.272013949433305,1176.0,0.032545388261028096,0.967454611738972,0.017738576828702113,0.9822614231712978
BAGALKOT,Bagalkote,25444.0,10,TotalNPK,27596,8.45778965571451,2152.0,0.0819832300401021,0.9180167699598979,0.06848730021884741,0.9315126997811526
DHARAWAD,Dharwad,21178.0,10,TotalNPK,22576,6.601189914061763,1398.0,0.030200510390083868,0.9697994896099161,0.026463956495788865,0.9735360435042111
GADAG,Gadag,31332.0,10,TotalNPK,32506,3.746967956083237,1174.0,0.08125410134888805,0.9187458986511119,0.0674428959859028,0.9325571040140972
HAVERI,Haveri,18309.0,10,TotalNPK,19202,4.877382707957835,893.0,0.0189802614447164,0.9810197385552836,0.015207526076947142,0.9847924739230529
UTTARA KANNADA,Uttara Kannada,3825.0,10,TotalNPK,3976,3.947712418300654,151.0,0.18596573095151295,0.8140342690484871,0.18167252470322967,0.8183274752967703
BALLARI,Ballari,22938.5,10,TotalNPK,24340,6.109815375896418,1401.5,0.11273787823550857,0.8872621217644914,0.11259556810322768,0.8874044318967723
BIDAR,Bidar,261.0,10,TotalNPK,278,6.513409961685824,17.0,0.04160408312067079,0.9583959168793292,0.03912726308110617,0.9608727369188939
KALABURAGI,Kalaburagi,3114.0,10,TotalNPK,3228,3.6608863198458574,114.0,0.24246931583424478,0.7575306841657552,0.2387956761058425,0.7612043238941575
YADGIRI,Yadgir,31435.0,10,TotalNPK,34714,10.43104819468745,3279.0,0.17841779074006564,0.8215822092599343,0.1923911842076177,0.8076088157923823
RAICHUR,Raichur,26958.0,10,TotalNPK,28694,6.439646858075525,1736.0,0.007400656215822088,0.9925993437841779,0.00842761456329999,0.9915723854367
KOPPAL,Koppal,29982.0,10,TotalNPK,31293,4.3726235741444865,1311.0,0.0592023332118119,0.9407976667881881,0.050372040586245836,0.9496279594137542
VIJAYANAGARA,Vijayanagara,22938.5,10,TotalNPK,24340,6.109815375896418,1401.5,0.12175841536031112,0.8782415846396889,0.12173663151844727,0.8782633684815527
BENGALURU,Bengaluru Urban,71.0,10,AreaUnderOilSeeds_GroundNut,75,5.633802816901409,4.0,0.03568355814801312,0.9643164418519868,0.034083948118358326,0.9659160518816416
BENGALURU(R),Bengaluru Rural,206.0,10,AreaUnderOilSeeds_GroundNut,217,5.339805825242718,11.0,0.16460517681370762,0.8353948231862924,0.1674487975071244,0.8325512024928756
RAMANAGARA,Ramanagara,4830.0,10,AreaUnderOilSeeds_GroundNut,5052,4.596273291925466,222.0,0.07478235508567264,0.9252176449143273,0.07950568620662102,0.920494313793379
CHITRADURGA,Chitradurga,68575.0,10,AreaUnderOilSeeds_GroundNut,75094,9.506379876048122,6519.0,0.6908377688662048,0.30916223113379515,0.6894825152475563,0.3105174847524437
DAVANAGERE,Davanagere,16592.0,10,AreaUnderOilSeeds_GroundNut,17621,6.2017839922854385,1029.0,0.09081540891967432,0.9091845910803257,0.09808817393311492,0.901911826066885
KOLAR,Kolar,5810.0,10,AreaUnderOilSeeds_GroundNut,6390,9.982788296041308,580.0,0.031221290557783443,0.9687787094422166,0.027398993261778568,0.9726010067382215
CHIKKABALLAPURA,Chikkaballapura,7132.0,10,AreaUnderOilSeeds_GroundNut,8448,18.452047111609645,1316.0,0.11785636164783082,0.8821436383521691,0.11210394083859343,0.8878960591614066
SHIVAMOGGA,Shivamogga,248.0,10,AreaUnderOilSeeds_GroundNut,277,11.693548387096774,29.0,0.13129566168428727,0.8687043383157127,0.12740298825472077,0.8725970117452793
TUMAKURU,Tumakuru,39626.0,10,AreaUnderOilSeeds_GroundNut,43992,11.018018472719932,4366.0,0.39828758918806306,0.6017124108119369,0.40544041943621145,0.5945595805637885
CHIKKAMAGALURU,Chikkamagaluru,3909.0,10,AreaUnderOilSeeds_GroundNut,4315,10.386288053210539,406.0,0.21211811884797666,0.7878818811520234,0.21136936943792356,0.7886306305620765
DAKSHINA KANNADA,Dakshina Kannada,0.0,10,AreaUnderOilSeeds_GroundNut,0,,0.0,0.02952242070725483,0.9704775792927451,0.02894039470530269,0.9710596052946973
UDUPI,Udupi,3623.0,10,AreaUnderOilSeeds_GroundNut,3749,3.4777808446039193,126.0,0.023733138899015675,0.9762668611009844,0.02144312461714651,0.9785568753828535
HASSAN,Hassan,521.0,10,AreaUnderOilSeeds_GroundNut,580,11.324376199616124,59.0,0.10607607242678335,0.8939239275732167,0.10725668273541604,0.892743317264584
KODAGU,Kodagu,45.0,10,AreaUnderOilSeeds_GroundNut,49,8.88888888888889,4.0,0.012424352898286549,0.9875756471017134,0.012286822737724273,0.9877131772622757
MANDYA,Mandya,1021.0,10,AreaUnderOilSeeds_GroundNut,1115,9.20666013712047,94.0,0.14847685016405396,0.851523149835946,0.14940474605161533,0.8505952539483846
MYSURU,Mysuru,2170.0,10,AreaUnderOilSeeds_GroundNut,2335,7.603686635944701,165.0,0.006467371491068172,0.9935326285089319,0.007047833382161032,0.9929521666178389
CHAMARAJANAGAR,Chamarajanagara,8867.0,10,AreaUnderOilSeeds_GroundNut,9713,9.540994699447388,846.0,0.09031474055170738,0.9096852594482926,0.09160518816416757,0.9083948118358325
BELAGAVI,Belagavi,39530.0,10,AreaUnderOilSeeds_GroundNut,42189,6.726536807487984,2659.0,0.2576536638716733,0.7423463361283267,0.24601965536527548,0.7539803446347245
VIJAYAPURA,Vijayapura,27528.0,10,AreaUnderOilSeeds_GroundNut,29289,6.397122929380994,1761.0,0.032545388261028096,0.967454611738972,0.03104109516073189,0.9689589048392682
BAGALKOT,Bagalkote,25444.0,10,AreaUnderOilSeeds_GroundNut,27315,7.353403552900488,1871.0,0.0819832300401021,0.9180167699598979,0.0769728606812794,0.9230271393187206
DHARAWAD,Dharwad,21178.0,10,AreaUnderOilSeeds_GroundNut,23747,12.130512796298046,2569.0,0.030200510390083868,0.9697994896099161,0.016629158121820642,0.9833708418781794
GADAG,Gadag,31332.0,10,AreaUnderOilSeeds_GroundNut,34258,9.33869526362824,2926.0,0.08125410134888805,0.9187458986511119,0.08611492643505864,0.9138850735649413
HAVERI,Haveri,18309.0,10,AreaUnderOilSeeds_GroundNut,19573,6.903708558632367,1264.0,0.0189802614447164,0.9810197385552836,0.0123331139257844,0.9876668860742156
UTTARA KANNADA,Uttara Kannada,3825.0,10,AreaUnderOilSeeds_GroundNut,3963,3.607843137254902,138.0,0.18596573095151295,0.8140342690484871,0.18568727195248622,0.8143127280475138
BALLARI,Ballari,22938.5,10,AreaUnderOilSeeds_GroundNut,25331,10.43006299452885,2392.5,0.11273787823550857,0.8872621217644914,0.10329910321920327,0.8967008967807968
BIDAR,Bidar,261.0,10,AreaUnderOilSeeds_GroundNut,275,5.363984674329502,14.0,0.04160408312067079,0.9583959168793292,0.040242895570884486,0.9597571044291155
KALABURAGI,Kalaburagi,3114.0,10,AreaUnderOilSeeds_GroundNut,3297,5.8766859344894025,183.0,0.24246931583424478,0.7575306841657552,0.23514972345771076,0.7648502765422892
YADGIRI,Yadgir,31435.0,10,AreaUnderOilSeeds_GroundNut,33302,5.939239700970256,1867.0,0.17841779074006564,0.8215822092599343,0.1714872914835628,0.8285127085164372
RAICHUR,Raichur,26958.0,10,AreaUnderOilSeeds_GroundNut,28687,6.413680540099414,1729.0,0.007400656215822088,0.9925993437841779,0.007603803233280915,0.9923961967667191
KOPPAL,Koppal,29982.0,10,AreaUnderOilSeeds_GroundNut,31053,3.572143285971583,1071.0,0.0592023332118119,0.9407976667881881,0.03820012251311683,0.9617998774868832
VIJAYANAGARA,Vijayanagara,22938.5,10,AreaUnderOilSeeds_GroundNut,25331,10.43006299452885,2392.5,0.12175841536031112,0.8782415846396889,0.11306717802576322,0.8869328219742367
BENGALURU,Bengaluru Urban,71.0,10,MotorVehicles_Tractors,99,39.436619718309856,28.0,0.03568355814801312,0.9643164418519868,0.03688705935987342,0.9631129406401265
BENGALURU(R),Bengaluru Rural,206.0,10,MotorVehicles_Tractors,209,1.4563106796116505,3.0,0.16460517681370762,0.8353948231862924,0.17474356051971732,0.8252564394802827
RAMANAGARA,Ramanagara,4830.0,10,MotorVehicles_Tractors,5491,13.685300207039338,661.0,0.07478235508567264,0.9252176449143273,0.07385993376151465,0.9261400662384853
CHITRADURGA,Chitradurga,68575.0,10,MotorVehicles_Tractors,74579,8.755377324097703,6004.0,0.6908377688662048,0.30916223113379515,0.6856005041633704,0.3143994958366296
DAVANAGERE,Davanagere,16592.0,10,MotorVehicles_Tractors,17575,5.924541947926712,983.0,0.09081540891967432,0.9091845910803257,0.0969441799970501,0.9030558200029499
KOLAR,Kolar,5810.0,10,MotorVehicles_Tractors,8145,40.18932874354561,2335.0,0.031221290557783443,0.9687787094422166,0.05369473980611164,0.9463052601938884
CHIKKABALLAPURA,Chikkaballapura,7132.0,10,MotorVehicles_Tractors,8072,13.180033651149747,940.0,0.11785636164783082,0.8821436383521691,0.12754707536080306,0.872452924639197
SHIVAMOGGA,Shivamogga,248.0,10,MotorVehicles_Tractors,263,6.048387096774194,15.0,0.13129566168428727,0.8687043383157127,0.12681317797235148,0.8731868220276485
TUMAKURU,Tumakuru,39626.0,10,MotorVehicles_Tractors,44399,12.0451218896684,4773.0,0.39828758918806306,0.6017124108119369,0.41429126927725723,0.5857087307227428
CHIKKAMAGALURU,Chikkamagaluru,3909.0,10,MotorVehicles_Tractors,4504,15.221284215911998,595.0,0.21211811884797666,0.7878818811520234,0.21020662653025654,0.7897933734697434
DAKSHINA KANNADA,Dakshina Kannada,0.0,10,MotorVehicles_Tractors,0,,0.0,0.02952242070725483,0.9704775792927451,0.030192815671972,0.969807184328028
UDUPI,Udupi,3623.0,10,MotorVehicles_Tractors,3887,7.28677891250345,264.0,0.023733138899015675,0.9762668611009844,0.023022566674264874,0.9769774333257352
HASSAN,Hassan,521.0,10,MotorVehicles_Tractors,564,8.253358925143955,43.0,0.10607607242678335,0.8939239275732167,0.1095192122894291,0.8904807877105709
KODAGU,Kodagu,45.0,10,MotorVehicles_Tractors,52,15.555555555555555,7.0,0.012424352898286549,0.9875756471017134,0.012300155986716545,0.9876998440132835
MANDYA,Mandya,1021.0,10,MotorVehicles_Tractors,1092,6.953966699314397,71.0,0.14847685016405396,0.851523149835946,0.15161372504324272,0.8483862749567572
MYSURU,Mysuru,2170.0,10,MotorVehicles_Tractors,2344,8.018433179723502,174.0,0.006467371491068172,0.9935326285089319,0.005128789605653064,0.9948712103943469
CHAMARAJANAGAR,Chamarajanagara,8867.0,10,MotorVehicles_Tractors,9198,3.7329423705875717,331.0,0.09031474055170738,0.9096852594482926,0.0834327804520486,0.9165672195479514
BELAGAVI,Belagavi,39530.0,10,MotorVehicles_Tractors,41058,3.8654186693650394,1528.0,0.2576536638716733,0.7423463361283267,0.24116172112793144,0.7588382788720686
VIJAYAPURA,Vijayapura,27528.0,10,MotorVehicles_Tractors,28566,3.770706190061029,1038.0,0.032545388261028096,0.967454611738972,0.027350862843427803,0.9726491371565722
BAGALKOT,Bagalkote,25444.0,10,MotorVehicles_Tractors,26624,4.637635591888068,1180.0,0.0819832300401021,0.9180167699598979,0.08177368964453796,0.918226310355462
DHARAWAD,Dharwad,21178.0,10,MotorVehicles_Tractors,22209,4.868259514590613,1031.0,0.030200510390083868,0.9697994896099161,0.029864304965204702,0.9701356950347952
GADAG,Gadag,31332.0,10,MotorVehicles_Tractors,34050,8.674837227116047,2718.0,0.08125410134888805,0.9187458986511119,0.0913527936818675,0.9086472063181326
HAVERI,Haveri,18309.0,10,MotorVehicles_Tractors,18724,2.2666448194876834,415.0,0.0189802614447164,0.9810197385552836,0.004401851919249633,0.9955981480807503
UTTARA KANNADA,Uttara Kannada,3825.0,10,MotorVehicles_Tractors,3913,2.3006535947712417,88.0,0.18596573095151295,0.8140342690484871,0.17853819439788682,0.8214618056021132
BALLARI,Ballari,22938.5,10,MotorVehicles_Tractors,25380,10.643677659829544,2441.5,0.11273787823550857,0.8872621217644914,0.10073115181791892,0.8992688481820811
BIDAR,Bidar,261.0,10,MotorVehicles_Tractors,277,6.130268199233716,16.0,0.04160408312067079,0.9583959168793292,0.04011853202644176,0.9598814679735582
KALABURAGI,Kalaburagi,3114.0,10,MotorVehicles_Tractors,3269,4.977520873474631,155.0,0.24246931583424478,0.7575306841657552,0.23268837966004732,0.7673116203399527
YADGIRI,Yadgir,31435.0,10,MotorVehicles_Tractors,33025,5.058056306664546,1590.0,0.17841779074006564,0.8215822092599343,0.1724569472192798,0.8275430527807202
RAICHUR,Raichur,26958.0,10,MotorVehicles_Tractors,28655,6.294977372208621,1697.0,0.007400656215822088,0.9925993437841779,0.004301478968610495,0.9956985210313896
KOPPAL,Koppal,29982.0,10,MotorVehicles_Tractors,31284,4.342605563338003,1302.0,0.0592023332118119,0.9407976667881881,0.04379517022218049,0.9562048297778195
VIJAYANAGARA,Vijayanagara,22938.5,10,MotorVehicles_Tractors,25380,10.643677659829544,2441.5,0.12175841536031112,0.8782415846396889,0.11020081613680349,0.8897991838631965
BENGALURU,Bengaluru Urban,71.0,10,LivestockCensus_2012_Sheep,74,4.225352112676056,3.0,0.03568355814801312,0.9643164418519868,0.03389389736477114,0.9661061026352289
BENGALURU(R),Bengaluru Rural,206.0,10,LivestockCensus_2012_Sheep,214,3.8834951456310676,8.0,0.16460517681370762,0.8353948231862924,0.16716366158113732,0.8328363384188626
RAMANAGARA,Ramanagara,4830.0,10,LivestockCensus_2012_Sheep,5017,3.8716356107660457,187.0,0.07478235508567264,0.9252176449143273,0.07918489277712579,0.9208151072228742
CHITRADURGA,Chitradurga,68575.0,10,LivestockCensus_2012_Sheep,74984,9.345971563981042,6409.0,0.6908377688662048,0.30916223113379515,0.6925824175824176,0.30741758241758244
DAVANAGERE,Davanagere,16592.0,10,LivestockCensus_2012_Sheep,16812,1.325940212150434,220.0,0.09081540891967432,0.9091845910803257,0.10641159002809489,0.8935884099719051
KOLAR,Kolar,5810.0,10,LivestockCensus_2012_Sheep,7112,22.40963855421687,1302.0,0.031221290557783443,0.9687787094422166,0.040848714392403715,0.9591512856075963
CHIKKABALLAPURA,Chikkaballapura,7132.0,10,LivestockCensus_2012_Sheep,7884,10.544026920919798,752.0,0.11785636164783082,0.8821436383521691,0.12149258508481808,0.8785074149151819
SHIVAMOGGA,Shivamogga,248.0,10,LivestockCensus_2012_Sheep,248,0.0,0.0,0.13129566168428727,0.8687043383157127,0.12241544862904086,0.8775845513709591
TUMAKURU,Tumakuru,39626.0,10,LivestockCensus_2012_Sheep,43656,10.170090344723162,4030.0,0.39828758918806306,0.6017124108119369,0.4032098276203685,0.5967901723796315
CHIKKAMAGALURU,Chikkamagaluru,3909.0,10,LivestockCensus_2012_Sheep,4145,6.037349705807111,236.0,0.21211811884797666,0.7878818811520234,0.21118791056377742,0.7888120894362226
DAKSHINA KANNADA,Dakshina Kannada,0.0,10,LivestockCensus_2012_Sheep,0,,0.0,0.02952242070725483,0.9704775792927451,0.027855942601088233,0.9721440573989117
UDUPI,Udupi,3623.0,10,LivestockCensus_2012_Sheep,3623,0.0,0.0,0.023733138899015675,0.9762668611009844,0.02090112557345567,0.9790988744265443
HASSAN,Hassan,521.0,10,LivestockCensus_2012_Sheep,542,4.030710172744722,21.0,0.10607607242678335,0.8939239275732167,0.10682278886162382,0.8931772111383762
KODAGU,Kodagu,45.0,10,LivestockCensus_2012_Sheep,45,0.0,0.0,0.012424352898286549,0.9875756471017134,0.012033678295814218,0.9879663217041857
MANDYA,Mandya,1021.0,10,LivestockCensus_2012_Sheep,1166,14.201762977473065,145.0,0.14847685016405396,0.851523149835946,0.14762616024751946,0.8523738397524805
MYSURU,Mysuru,2170.0,10,LivestockCensus_2012_Sheep,2300,5.990783410138248,130.0,0.006467371491068172,0.9935326285089319,0.007388242825136029,0.9926117571748639
CHAMARAJANAGAR,Chamarajanagara,8867.0,10,LivestockCensus_2012_Sheep,9663,8.97710612382993,796.0,0.09031474055170738,0.9096852594482926,0.09115722465237028,0.9088427753476297
BELAGAVI,Belagavi,39530.0,10,LivestockCensus_2012_Sheep,41134,4.0576777131292685,1604.0,0.2576536638716733,0.7423463361283267,0.24393203883495146,0.7560679611650485
VIJAYAPURA,Vijayapura,27528.0,10,LivestockCensus_2012_Sheep,28327,2.9024992734670154,799.0,0.032545388261028096,0.967454611738972,0.020452363170809784,0.9795476368291902
BAGALKOT,Bagalkote,25444.0,10,LivestockCensus_2012_Sheep,27662,8.71718283288791,2218.0,0.0819832300401021,0.9180167699598979,0.06310946335218182,0.9368905366478182
DHARAWAD,Dharwad,21178.0,10,LivestockCensus_2012_Sheep,21507,1.5534989139673245,329.0,0.030200510390083868,0.9697994896099161,0.03517750453430063,0.9648224954656994
GADAG,Gadag,31332.0,10,LivestockCensus_2012_Sheep,32889,4.969360398314822,1557.0,0.08125410134888805,0.9187458986511119,0.07471308164789442,0.9252869183521055
HAVERI,Haveri,18309.0,10,LivestockCensus_2012_Sheep,18726,2.2775684089791906,417.0,0.0189802614447164,0.9810197385552836,0.00981542729115542,0.9901845727088445
UTTARA KANNADA,Uttara Kannada,3825.0,10,LivestockCensus_2012_Sheep,3830,0.130718954248366,5.0,0.18596573095151295,0.8140342690484871,0.17627227141790247,0.8237277285820975
BALLARI,Ballari,22938.5,10,LivestockCensus_2012_Sheep,25322,10.390827647840966,2383.5,0.11273787823550857,0.8872621217644914,0.09735410220847113,0.9026458977915288
BIDAR,Bidar,261.0,10,LivestockCensus_2012_Sheep,269,3.065134099616858,8.0,0.04160408312067079,0.9583959168793292,0.03832817667769124,0.9616718233223087
KALABURAGI,Kalaburagi,3114.0,10,LivestockCensus_2012_Sheep,3143,0.9312780989081566,29.0,0.24246931583424478,0.7575306841657552,0.2351968419929585,0.7648031580070415
YADGIRI,Yadgir,31435.0,10,LivestockCensus_2012_Sheep,33741,7.335772228407826,2306.0,0.17841779074006564,0.8215822092599343,0.1843326576336285,0.8156673423663715
RAICHUR,Raichur,26958.0,10,LivestockCensus_2012_Sheep,28287,4.9298909414645005,1329.0,0.007400656215822088,0.9925993437841779,0.01320548383655179,0.9867945161634482
KOPPAL,Koppal,29982.0,10,LivestockCensus_2012_Sheep,31334,4.509372290040691,1352.0,0.0592023332118119,0.9407976667881881,0.04584444681532057,0.9541555531846795
VIJAYANAGARA,Vijayanagara,22938.5,10,LivestockCensus_2012_Sheep,25322,10.390827647840966,2383.5,0.12175841536031112,0.8782415846396889,0.10698949109143285,0.8930105089085671
BENGALURU,Bengaluru Urban,71.0,-10,TotalNPK,44,-38.028169014084504,-27.0,0.03568355814801312,0.9643164418519868,0.03769796288499531,0.9623020371150047
BENGALURU(R),Bengaluru Rural,206.0,-10,TotalNPK,169,-17.96116504854369,-37.0,0.16460517681370762,0.8353948231862924,0.15907957379279075,0.8409204262072092
RAMANAGARA,Ramanagara,4830.0,-10,TotalNPK,4575,-5.279503105590062,-255.0,0.07478235508567264,0.9252176449143273,0.07195323379862034,0.9280467662013796
CHITRADURGA,Chitradurga,68575.0,-10,TotalNPK,61754,-9.94677360554138,-6821.0,0.6908377688662048,0.30916223113379515,0.6865822456844901,0.3134177543155099
DAVANAGERE,Davanagere,16592.0,-10,TotalNPK,14809,-10.746142719382835,-1783.0,0.09081540891967432,0.9091845910803257,0.09961837829668252,0.9003816217033175
KOLAR,Kolar,5810.0,-10,TotalNPK,4000,-31.153184165232357,-1810.0,0.031221290557783443,0.9687787094422166,0.01679243449817016,0.9832075655018299
CHIKKABALLAPURA,Chikkaballapura,7132.0,-10,TotalNPK,5757,-19.279304542905216,-1375.0,0.11785636164783082,0.8821436383521691,0.12137405404238323,0.8786259459576168
SHIVAMOGGA,Shivamogga,248.0,-10,TotalNPK,219,-11.693548387096774,-29.0,0.13129566168428727,0.8687043383157127,0.13486089969880494,0.865139100301195
TUMAKURU,Tumakuru,39626.0,-10,TotalNPK,35588,-10.190279109675465,-4038.0,0.39828758918806306,0.6017124108119369,0.3982020829188624,0.6017979170811376
CHIKKAMAGALURU,Chikkamagaluru,3909.0,-10,TotalNPK,3305,-15.45152212842159,-604.0,0.21211811884797666,0.7878818811520234,0.2157384831057792,0.7842615168942209
DAKSHINA KANNADA,Dakshina Kannada,0.0,-10,TotalNPK,0,,0.0,0.02952242070725483,0.9704775792927451,0.029807785730478993,0.970192214269521
UDUPI,Udupi,3623.0,-10,TotalNPK,3534,-2.456527739442451,-89.0,0.023733138899015675,0.9762668611009844,0.02809129772970172,0.9719087022702982
HASSAN,Hassan,521.0,-10,TotalNPK,490,-5.950095969289827,-31.0,0.10607607242678335,0.8939239275732167,0.10515108333063446,0.8948489166693655
KODAGU,Kodagu,45.0,-10,TotalNPK,34,-24.444444444444443,-11.0,0.012424352898286549,0.9875756471017134,0.013116559251222593,0.9868834407487774
MANDYA,Mandya,1021.0,-10,TotalNPK,932,-8.71694417238002,-89.0,0.14847685016405396,0.851523149835946,0.15025423454351136,0.8497457654564886
MYSURU,Mysuru,2170.0,-10,TotalNPK,2042,-5.8986175115207375,-128.0,0.006467371491068172,0.9935326285089319,0.006667584286038156,0.9933324157139618
CHAMARAJANAGAR,Chamarajanagara,8867.0,-10,TotalNPK,8359,-5.729107928273374,-508.0,0.09031474055170738,0.9096852594482926,0.09461195496108216,0.9053880450389178
BELAGAVI,Belagavi,39530.0,-10,TotalNPK,36458,-7.771312926890969,-3072.0,0.2576536638716733,0.7423463361283267,0.2559801794215759,0.7440198205784241
VIJAYAPURA,Vijayapura,27528.0,-10,TotalNPK,26351,-4.275646614356292,-1177.0,0.032545388261028096,0.967454611738972,0.050623441396508706,0.9493765586034912
BAGALKOT,Bagalkote,25444.0,-10,TotalNPK,23291,-8.461719855368653,-2153.0,0.0819832300401021,0.9180167699598979,0.09846163811251091,0.901538361887489
DHARAWAD,Dharwad,21178.0,-10,TotalNPK,19779,-6.605911795259231,-1399.0,0.030200510390083868,0.9697994896099161,0.03476293033649647,0.9652370696635035
GADAG,Gadag,31332.0,-10,TotalNPK,30157,-3.7501595812587767,-1175.0,0.08125410134888805,0.9187458986511119,0.09811741518189682,0.9018825848181031
HAVERI,Haveri,18309.0,-10,TotalNPK,17415,-4.8828445027035885,-894.0,0.0189802614447164,0.9810197385552836,0.02358667339073467,0.9764133266092654
UTTARA KANNADA,Uttara Kannada,3825.0,-10,TotalNPK,3673,-3.973856209150327,-152.0,0.18596573095151295,0.8140342690484871,0.19121028597337822,0.8087897140266218
BALLARI,Ballari,22938.5,-10,TotalNPK,21536,-6.114174858861738,-1402.5,0.11273787823550857,0.8872621217644914,0.11291344921555113,0.8870865507844489
BIDAR,Bidar,261.0,-10,TotalNPK,243,-6.896551724137931,-18.0,0.04160408312067079,0.9583959168793292,0.04462868802020922,0.9553713119797907
KALABURAGI,Kalaburagi,3114.0,-10,TotalNPK,2999,-3.692999357739242,-115.0,0.24246931583424478,0.7575306841657552,0.2469583616715786,0.7530416383284214
YADGIRI,Yadgir,31435.0,-10,TotalNPK,28155,-10.43422936217592,-3280.0,0.17841779074006564,0.8215822092599343,0.16136066759508155,0.8386393324049184
RAICHUR,Raichur,26958.0,-10,TotalNPK,25221,-6.443356332072112,-1737.0,0.007400656215822088,0.9925993437841779,0.0061469702367457635,0.9938530297632542
KOPPAL,Koppal,29982.0,-10,TotalNPK,28670,-4.375958908678541,-1312.0,0.0592023332118119,0.9407976667881881,0.06998413058263431,0.9300158694173657
VIJAYANAGARA,Vijayanagara,22938.5,-10,TotalNPK,21536,-6.114174858861738,-1402.5,0.12175841536031112,0.8782415846396889,0.1217869827595513,0.8782130172404488
BENGALURU,Bengaluru Urban,71.0,-10,AreaUnderOilSeeds_GroundNut,66,-7.042253521126761,-5.0,0.03568355814801312,0.9643164418519868,0.03761985335589396,0.962380146644106
BENGALURU(R),Bengaluru Rural,206.0,-10,AreaUnderOilSeeds_GroundNut,194,-5.825242718446602,-12.0,0.16460517681370762,0.8353948231862924,0.161166706953509,0.838833293046491
RAMANAGARA,Ramanagara,4830.0,-10,AreaUnderOilSeeds_GroundNut,4607,-4.616977225672878,-223.0,0.07478235508567264,0.9252176449143273,0.0690677624687777,0.9309322375312223
CHITRADURGA,Chitradurga,68575.0,-10,AreaUnderOilSeeds_GroundNut,62055,-9.50783813343055,-6520.0,0.6908377688662048,0.30916223113379515,0.6924889211183627,0.3075110788816373
DAVANAGERE,Davanagere,16592.0,-10,AreaUnderOilSeeds_GroundNut,15562,-6.207810993249759,-1030.0,0.09081540891967432,0.9091845910803257,0.0820159535895576,0.9179840464104424
KOLAR,Kolar,5810.0,-10,AreaUnderOilSeeds_GroundNut,5229,-10.0,-581.0,0.031221290557783443,0.9687787094422166,0.035847232293932794,0.9641527677060672
CHIKKABALLAPURA,Chikkaballapura,7132.0,-10,AreaUnderOilSeeds_GroundNut,5815,-18.466068424004487,-1317.0,0.11785636164783082,0.8821436383521691,0.12481938065694409,0.8751806193430559
SHIVAMOGGA,Shivamogga,248.0,-10,AreaUnderOilSeeds_GroundNut,218,-12.096774193548388,-30.0,0.13129566168428727,0.8687043383157127,0.136008379663202,0.863991620336798
TUMAKURU,Tumakuru,39626.0,-10,AreaUnderOilSeeds_GroundNut,35259,-11.020542068338969,-4367.0,0.39828758918806306,0.6017124108119369,0.3896382241559906,0.6103617758440094
CHIKKAMAGALURU,Chikkamagaluru,3909.0,-10,AreaUnderOilSeeds_GroundNut,3502,-10.411870043489383,-407.0,0.21211811884797666,0.7878818811520234,0.21302991585805214,0.7869700841419478
DAKSHINA KANNADA,Dakshina Kannada,0.0,-10,AreaUnderOilSeeds_GroundNut,0,,0.0,0.02952242070725483,0.9704775792927451,0.03021110305374265,0.9697888969462574
UDUPI,Udupi,3623.0,-10,AreaUnderOilSeeds_GroundNut,3496,-3.5053822798785537,-127.0,0.023733138899015675,0.9762668611009844,0.026500684876319396,0.9734993151236806
HASSAN,Hassan,521.0,-10,AreaUnderOilSeeds_GroundNut,461,-11.516314779270633,-60.0,0.10607607242678335,0.8939239275732167,0.10465178739290414,0.8953482126070959
KODAGU,Kodagu,45.0,-10,AreaUnderOilSeeds_GroundNut,40,-11.11111111111111,-5.0,0.012424352898286549,0.9875756471017134,0.01259635269787554,0.9874036473021245
MANDYA,Mandya,1021.0,-10,AreaUnderOilSeeds_GroundNut,926,-9.30460333006856,-95.0,0.14847685016405396,0.851523149835946,0.14735637740713886,0.8526436225928611
MYSURU,Mysuru,2170.0,-10,AreaUnderOilSeeds_GroundNut,2004,-7.649769585253456,-166.0,0.006467371491068172,0.9935326285089319,0.005765047135605515,0.9942349528643945
CHAMARAJANAGAR,Chamarajanagara,8867.0,-10,AreaUnderOilSeeds_GroundNut,8020,-9.552272470959739,-847.0,0.09031474055170738,0.9096852594482926,0.0887545994144979,0.9112454005855021
BELAGAVI,Belagavi,39530.0,-10,AreaUnderOilSeeds_GroundNut,36870,-6.729066531748039,-2660.0,0.2576536638716733,0.7423463361283267,0.2717363629038755,0.7282636370961245
VIJAYAPURA,Vijayapura,27528.0,-10,AreaUnderOilSeeds_GroundNut,25766,-6.400755594303982,-1762.0,0.032545388261028096,0.967454611738972,0.03436628797034885,0.9656337120296512
BAGALKOT,Bagalkote,25444.0,-10,AreaUnderOilSeeds_GroundNut,23572,-7.357333752554631,-1872.0,0.0819832300401021,0.9180167699598979,0.08804769962130371,0.9119523003786962
DHARAWAD,Dharwad,21178.0,-10,AreaUnderOilSeeds_GroundNut,18608,-12.135234677495514,-2570.0,0.030200510390083868,0.9697994896099161,0.046623962613810355,0.9533760373861897
GADAG,Gadag,31332.0,-10,AreaUnderOilSeeds_GroundNut,28405,-9.341886888803778,-2927.0,0.08125410134888805,0.9187458986511119,0.07537322881775388,0.9246267711822461
HAVERI,Haveri,18309.0,-10,AreaUnderOilSeeds_GroundNut,17044,-6.90917035337812,-1265.0,0.0189802614447164,0.9810197385552836,0.0270244138264443,0.9729755861735557
UTTARA KANNADA,Uttara Kannada,3825.0,-10,AreaUnderOilSeeds_GroundNut,3686,-3.633986928104575,-139.0,0.18596573095151295,0.8140342690484871,0.1863056965595037,0.8136943034404963
BALLARI,Ballari,22938.5,-10,AreaUnderOilSeeds_GroundNut,20545,-10.43442247749417,-2393.5,0.11273787823550857,0.8872621217644914,0.12416174591664075,0.8758382540833592
BIDAR,Bidar,261.0,-10,AreaUnderOilSeeds_GroundNut,246,-5.747126436781609,-15.0,0.04160408312067079,0.9583959168793292,0.04325195391185239,0.9567480460881476
KALABURAGI,Kalaburagi,3114.0,-10,AreaUnderOilSeeds_GroundNut,2930,-5.908798972382788,-184.0,0.24246931583424478,0.7575306841657552,0.25133080869121477,0.7486691913087853
YADGIRI,Yadgir,31435.0,-10,AreaUnderOilSeeds_GroundNut,29567,-5.942420868458724,-1868.0,0.17841779074006564,0.8215822092599343,0.1868074020358284,0.8131925979641716
RAICHUR,Raichur,26958.0,-10,AreaUnderOilSeeds_GroundNut,25228,-6.417390014096001,-1730.0,0.007400656215822088,0.9925993437841779,0.007154943195552432,0.9928450568044476
KOPPAL,Koppal,29982.0,-10,AreaUnderOilSeeds_GroundNut,28910,-3.5754786205056366,-1072.0,0.0592023332118119,0.9407976667881881,0.08461848360325513,0.9153815163967449
VIJAYANAGARA,Vijayanagara,22938.5,-10,AreaUnderOilSeeds_GroundNut,20545,-10.43442247749417,-2393.5,0.12175841536031112,0.8782415846396889,0.13227781806462008,0.86772218193538
BENGALURU,Bengaluru Urban,71.0,-10,MotorVehicles_Tractors,42,-40.845070422535215,-29.0,0.03568355814801312,0.9643164418519868,0.03424964040274892,0.9657503595972511
BENGALURU(R),Bengaluru Rural,206.0,-10,MotorVehicles_Tractors,202,-1.9417475728155338,-4.0,0.16460517681370762,0.8353948231862924,0.1525235735975707,0.8474764264024293
RAMANAGARA,Ramanagara,4830.0,-10,MotorVehicles_Tractors,4168,-13.706004140786748,-662.0,0.07478235508567264,0.9252176449143273,0.07588301102764902,0.924116988972351
CHITRADURGA,Chitradurga,68575.0,-10,MotorVehicles_Tractors,62570,-8.75683558148013,-6005.0,0.6908377688662048,0.30916223113379515,0.6970912577912738,0.3029087422087262
DAVANAGERE,Davanagere,16592.0,-10,MotorVehicles_Tractors,15608,-5.930568948891032,-984.0,0.09081540891967432,0.9091845910803257,0.08351180011720205,0.916488199882798
KOLAR,Kolar,5810.0,-10,MotorVehicles_Tractors,3474,-40.2065404475043,-2336.0,0.031221290557783443,0.9687787094422166,0.004435032763305098,0.9955649672366949
CHIKKABALLAPURA,Chikkaballapura,7132.0,-10,MotorVehicles_Tractors,6191,-13.194054963544588,-941.0,0.11785636164783082,0.8821436383521691,0.10630760215225614,0.8936923978477439
SHIVAMOGGA,Shivamogga,248.0,-10,MotorVehicles_Tractors,232,-6.451612903225806,-16.0,0.13129566168428727,0.8687043383157127,0.1366405625699217,0.8633594374300784
TUMAKURU,Tumakuru,39626.0,-10,MotorVehicles_Tractors,34852,-12.047645485287438,-4774.0,0.39828758918806306,0.6017124108119369,0.37921870362337035,0.6207812963766297
CHIKKAMAGALURU,Chikkamagaluru,3909.0,-10,MotorVehicles_Tractors,3313,-15.246866206190843,-596.0,0.21211811884797666,0.7878818811520234,0.2144021553003493,0.7855978446996507
DAKSHINA KANNADA,Dakshina Kannada,0.0,-10,MotorVehicles_Tractors,0,,0.0,0.02952242070725483,0.9704775792927451,0.02870784721112354,0.9712921527888765
UDUPI,Udupi,3623.0,-10,MotorVehicles_Tractors,3358,-7.314380347778085,-265.0,0.023733138899015675,0.9762668611009844,0.02457647434872942,0.9754235256512706
HASSAN,Hassan,521.0,-10,MotorVehicles_Tractors,477,-8.445297504798464,-44.0,0.10607607242678335,0.8939239275732167,0.1019764530392627,0.8980235469607373
KODAGU,Kodagu,45.0,-10,MotorVehicles_Tractors,37,-17.77777777777778,-8.0,0.012424352898286549,0.9875756471017134,0.012577912737733739,0.9874220872622662
MANDYA,Mandya,1021.0,-10,MotorVehicles_Tractors,949,-7.051909892262488,-72.0,0.14847685016405396,0.851523149835946,0.14474029087422086,0.8552597091257792
MYSURU,Mysuru,2170.0,-10,MotorVehicles_Tractors,1995,-8.064516129032258,-175.0,0.006467371491068172,0.9935326285089319,0.008062969474188907,0.9919370305258111
CHAMARAJANAGAR,Chamarajanagara,8867.0,-10,MotorVehicles_Tractors,8535,-3.744220142099921,-332.0,0.09031474055170738,0.9096852594482926,0.09851899206222364,0.9014810079377764
BELAGAVI,Belagavi,39530.0,-10,MotorVehicles_Tractors,38001,-3.8679483936250945,-1529.0,0.2576536638716733,0.7423463361283267,0.277315007191945,0.722684992808055
VIJAYAPURA,Vijayapura,27528.0,-10,MotorVehicles_Tractors,26489,-3.7743388549840162,-1039.0,0.032545388261028096,0.967454611738972,0.03873741409621223,0.9612625859037878
BAGALKOT,Bagalkote,25444.0,-10,MotorVehicles_Tractors,24263,-4.64156579154221,-1181.0,0.0819832300401021,0.9180167699598979,0.08223429758670292,0.917765702413297
DHARAWAD,Dharwad,21178.0,-10,MotorVehicles_Tractors,20146,-4.872981395788082,-1032.0,0.030200510390083868,0.9697994896099161,0.030601726066805224,0.9693982739331948
GADAG,Gadag,31332.0,-10,MotorVehicles_Tractors,28613,-8.678028852291588,-2719.0,0.08125410134888805,0.9187458986511119,0.06921847530765546,0.9307815246923445
HAVERI,Haveri,18309.0,-10,MotorVehicles_Tractors,17893,-2.272106614233437,-416.0,0.0189802614447164,0.9810197385552836,0.036356994451928165,0.9636430055480718
UTTARA KANNADA,Uttara Kannada,3825.0,-10,MotorVehicles_Tractors,3736,-2.3267973856209148,-89.0,0.18596573095151295,0.8140342690484871,0.1948217995844654,0.8051782004155346
BALLARI,Ballari,22938.5,-10,MotorVehicles_Tractors,20496,-10.648037142794864,-2442.5,0.11273787823550857,0.8872621217644914,0.127050845909724,0.8729491540902761
BIDAR,Bidar,261.0,-10,MotorVehicles_Tractors,244,-6.513409961685824,-17.0,0.04160408312067079,0.9583959168793292,0.04337541953012626,0.9566245804698738
KALABURAGI,Kalaburagi,3114.0,-10,MotorVehicles_Tractors,2958,-5.009633911368015,-156.0,0.24246931583424478,0.7575306841657552,0.25413137286239407,0.7458686271376059
YADGIRI,Yadgir,31435.0,-10,MotorVehicles_Tractors,29844,-5.061237474153015,-1591.0,0.17841779074006564,0.8215822092599343,0.18552554472324329,0.8144744552767567
RAICHUR,Raichur,26958.0,-10,MotorVehicles_Tractors,25260,-6.298686846205208,-1698.0,0.007400656215822088,0.9925993437841779,0.01109477385328439,0.9889052261467156
KOPPAL,Koppal,29982.0,-10,MotorVehicles_Tractors,28679,-4.345940897872056,-1303.0,0.0592023332118119,0.9407976667881881,0.07756752437270253,0.9224324756272975
VIJAYANAGARA,Vijayanagara,22938.5,-10,MotorVehicles_Tractors,20496,-10.648037142794864,-2442.5,0.12175841536031112,0.8782415846396889,0.13553619945660866,0.8644638005433913
BENGALURU,Bengaluru Urban,71.0,-10,LivestockCensus_2012_Sheep,67,-5.633802816901409,-4.0,0.03568355814801312,0.9643164418519868,0.03784283760958739,0.9621571623904126
BENGALURU(R),Bengaluru Rural,206.0,-10,LivestockCensus_2012_Sheep,197,-4.368932038834951,-9.0,0.16460517681370762,0.8353948231862924,0.16152175661545884,0.8384782433845411
RAMANAGARA,Ramanagara,4830.0,-10,LivestockCensus_2012_Sheep,4642,-3.8923395445134576,-188.0,0.07478235508567264,0.9252176449143273,0.06947317622456363,0.9305268237754364
CHITRADURGA,Chitradurga,68575.0,-10,LivestockCensus_2012_Sheep,62165,-9.34742982136347,-6410.0,0.6908377688662048,0.30916223113379515,0.6887444703611356,0.3112555296388644
DAVANAGERE,Davanagere,16592.0,-10,LivestockCensus_2012_Sheep,16371,-1.331967213114754,-221.0,0.09081540891967432,0.9091845910803257,0.0720046113836833,0.9279953886163167
KOLAR,Kolar,5810.0,-10,LivestockCensus_2012_Sheep,4507,-22.42685025817556,-1303.0,0.031221290557783443,0.9687787094422166,0.019609104801737318,0.9803908951982627
CHIKKABALLAPURA,Chikkaballapura,7132.0,-10,LivestockCensus_2012_Sheep,6379,-10.558048233314638,-753.0,0.11785636164783082,0.8821436383521691,0.11347221105123462,0.8865277889487654
SHIVAMOGGA,Shivamogga,248.0,-10,LivestockCensus_2012_Sheep,247,-0.4032258064516129,-1.0,0.13129566168428727,0.8687043383157127,0.14200916914662592,0.8579908308533741
TUMAKURU,Tumakuru,39626.0,-10,LivestockCensus_2012_Sheep,35595,-10.172613940342199,-4031.0,0.39828758918806306,0.6017124108119369,0.3923567464466684,0.6076432535533316
CHIKKAMAGALURU,Chikkamagaluru,3909.0,-10,LivestockCensus_2012_Sheep,3672,-6.062931696085956,-237.0,0.21211811884797666,0.7878818811520234,0.2132458549252565,0.7867541450747435
DAKSHINA KANNADA,Dakshina Kannada,0.0,-10,LivestockCensus_2012_Sheep,0,,0.0,0.02952242070725483,0.9704775792927451,0.03151693074881364,0.9684830692511863
UDUPI,Udupi,3623.0,-10,LivestockCensus_2012_Sheep,3622,-0.02760143527463428,-1.0,0.023733138899015675,0.9762668611009844,0.02714549987935333,0.9728545001206467
HASSAN,Hassan,521.0,-10,LivestockCensus_2012_Sheep,499,-4.222648752399232,-22.0,0.10607607242678335,0.8939239275732167,0.10517976353253439,0.8948202364674656
KODAGU,Kodagu,45.0,-10,LivestockCensus_2012_Sheep,44,-2.2222222222222223,-1.0,0.012424352898286549,0.9875756471017134,0.012901150164883777,0.9870988498351162
MANDYA,Mandya,1021.0,-10,LivestockCensus_2012_Sheep,875,-14.299706170421157,-146.0,0.14847685016405396,0.851523149835946,0.14950534866886517,0.8504946513311349
MYSURU,Mysuru,2170.0,-10,LivestockCensus_2012_Sheep,2039,-6.0368663594470044,-131.0,0.006467371491068172,0.9935326285089319,0.005356711976192391,0.9946432880238076
CHAMARAJANAGAR,Chamarajanagara,8867.0,-10,LivestockCensus_2012_Sheep,8070,-8.988383895342281,-797.0,0.09031474055170738,0.9096852594482926,0.08929998123274083,0.9107000187672591
BELAGAVI,Belagavi,39530.0,-10,LivestockCensus_2012_Sheep,37925,-4.060207437389325,-1605.0,0.2576536638716733,0.7423463361283267,0.2742089600257379,0.7257910399742621
VIJAYAPURA,Vijayapura,27528.0,-10,LivestockCensus_2012_Sheep,26728,-2.906131938390003,-800.0,0.032545388261028096,0.967454611738972,0.04713263090163278,0.9528673690983672
BAGALKOT,Bagalkote,25444.0,-10,LivestockCensus_2012_Sheep,23225,-8.721113032542053,-2219.0,0.0819832300401021,0.9180167699598979,0.10475026140110993,0.89524973859889
DHARAWAD,Dharwad,21178.0,-10,LivestockCensus_2012_Sheep,20848,-1.5582207951647937,-330.0,0.030200510390083868,0.9697994896099161,0.024197699670232442,0.9758023003297676
GADAG,Gadag,31332.0,-10,LivestockCensus_2012_Sheep,29774,-4.972552023490361,-1558.0,0.08125410134888805,0.9187458986511119,0.08914524709586241,0.9108547529041375
HAVERI,Haveri,18309.0,-10,LivestockCensus_2012_Sheep,17891,-2.283030203724944,-418.0,0.0189802614447164,0.9810197385552836,0.030035274787144794,0.9699647252128552
UTTARA KANNADA,Uttara Kannada,3825.0,-10,LivestockCensus_2012_Sheep,3819,-0.1568627450980392,-6.0,0.18596573095151295,0.8140342690484871,0.19766106329928415,0.8023389367007159
BALLARI,Ballari,22938.5,-10,LivestockCensus_2012_Sheep,20554,-10.395187130806287,-2384.5,0.11273787823550857,0.8872621217644914,0.13129574519424103,0.868704254805759
BIDAR,Bidar,261.0,-10,LivestockCensus_2012_Sheep,252,-3.4482758620689653,-9.0,0.04160408312067079,0.9583959168793292,0.04555618113086141,0.9544438188691385
KALABURAGI,Kalaburagi,3114.0,-10,LivestockCensus_2012_Sheep,3084,-0.9633911368015413,-30.0,0.24246931583424478,0.7575306841657552,0.2512453416981688,0.7487546583018312
YADGIRI,Yadgir,31435.0,-10,LivestockCensus_2012_Sheep,29128,-7.3389533958962945,-2307.0,0.17841779074006564,0.8215822092599343,0.1712860934609507,0.8287139065390493
RAICHUR,Raichur,26958.0,-10,LivestockCensus_2012_Sheep,25628,-4.933600415461088,-1330.0,0.007400656215822088,0.9925993437841779,0.000398938309338015,0.999601061690662
KOPPAL,Koppal,29982.0,-10,LivestockCensus_2012_Sheep,28629,-4.512707624574745,-1353.0,0.0592023332118119,0.9407976667881881,0.07531569210970801,0.924684307890292
VIJAYANAGARA,Vijayanagara,22938.5,-10,LivestockCensus_2012_Sheep,20554,-10.395187130806287,-2384.5,0.12175841536031112,0.8782415846396889,0.1395747875278157,0.8604252124721843
BENGALURU,Bengaluru Urban,71.0,20,TotalNPK,124,74.64788732394366,53.0,0.03568355814801312,0.9643164418519868,0.03265219242230736,0.9673478075776927
BENGALURU(R),Bengaluru Rural,206.0,20,TotalNPK,278,34.95145631067961,72.0,0.16460517681370762,0.8353948231862924,0.17291978349449613,0.8270802165055039
RAMANAGARA,Ramanagara,4830.0,20,TotalNPK,5339,10.538302277432713,509.0,0.07478235508567264,0.9252176449143273,0.07903180684789882,0.9209681931521012
CHITRADURGA,Chitradurga,68575.0,20,TotalNPK,82215,19.890630696317903,13640.0,0.6908377688662048,0.30916223113379515,0.6972401629872894,0.3027598370127106
DAVANAGERE,Davanagere,16592.0,20,TotalNPK,20157,21.48625843780135,3565.0,0.09081540891967432,0.9091845910803257,0.07758316608891322,0.9224168339110868
KOLAR,Kolar,5810.0,20,TotalNPK,9428,62.27194492254733,3618.0,0.031221290557783443,0.9687787094422166,0.05289180806422186,0.9471081919357781
CHIKKABALLAPURA,Chikkaballapura,7132.0,20,TotalNPK,9881,38.54458777341559,2749.0,0.11785636164783082,0.8821436383521691,0.11256664436741066,0.8874333556325893
SHIVAMOGGA,Shivamogga,248.0,20,TotalNPK,304,22.58064516129032,56.0,0.13129566168428727,0.8687043383157127,0.12594781974092317,0.8740521802590768
TUMAKURU,Tumakuru,39626.0,20,TotalNPK,47701,20.378034623731896,8075.0,0.39828758918806306,0.6017124108119369,0.3984309432585295,0.6015690567414704
CHIKKAMAGALURU,Chikkamagaluru,3909.0,20,TotalNPK,5115,30.851880276285492,1206.0,0.21211811884797666,0.7878818811520234,0.2066949896178139,0.7933050103821861
DAKSHINA KANNADA,Dakshina Kannada,0.0,20,TotalNPK,0,,0.0,0.02952242070725483,0.9704775792927451,0.029076202639421032,0.970923797360579
UDUPI,Udupi,3623.0,20,TotalNPK,3800,4.885454043610268,177.0,0.023733138899015675,0.9762668611009844,0.01719272638812869,0.9828072736118713
HASSAN,Hassan,521.0,20,TotalNPK,582,11.708253358925145,61.0,0.10607607242678335,0.8939239275732167,0.10746619635508525,0.8925338036449147
KODAGU,Kodagu,45.0,20,TotalNPK,65,44.44444444444444,20.0,0.012424352898286549,0.9875756471017134,0.011401001439315616,0.9885989985606843
MANDYA,Mandya,1021.0,20,TotalNPK,1198,17.33594515181195,177.0,0.14847685016405396,0.851523149835946,0.14581037523566262,0.8541896247643374
MYSURU,Mysuru,2170.0,20,TotalNPK,2425,11.751152073732719,255.0,0.006467371491068172,0.9935326285089319,0.006163717083257313,0.9938362829167426
CHAMARAJANAGAR,Chamarajanagara,8867.0,20,TotalNPK,9882,11.446938085034397,1015.0,0.09031474055170738,0.9096852594482926,0.08386142025988769,0.9161385797401123
BELAGAVI,Belagavi,39530.0,20,TotalNPK,45673,15.540096129521883,6143.0,0.2576536638716733,0.7423463361283267,0.2601860974274768,0.7398139025725232
VIJAYAPURA,Vijayapura,27528.0,20,TotalNPK,29880,8.54402789886661,2352.0,0.032545388261028096,0.967454611738972,0.005383445843215928,0.9946165541567841
BAGALKOT,Bagalkote,25444.0,20,TotalNPK,29748,16.91557931142902,4304.0,0.0819832300401021,0.9180167699598979,0.057232865048956916,0.9427671349510431
DHARAWAD,Dharwad,21178.0,20,TotalNPK,23974,13.202379828123526,2796.0,0.030200510390083868,0.9697994896099161,0.023350361856109003,0.9766496381438909
GADAG,Gadag,31332.0,20,TotalNPK,33680,7.493935912166474,2348.0,0.08125410134888805,0.9187458986511119,0.055919583669994166,0.9440804163300058
HAVERI,Haveri,18309.0,20,TotalNPK,20095,9.75476541591567,1786.0,0.0189802614447164,0.9810197385552836,0.012057236687778555,0.9879427633122214
UTTARA KANNADA,Uttara Kannada,3825.0,20,TotalNPK,4127,7.895424836601308,302.0,0.18596573095151295,0.8140342690484871,0.1780964544182935,0.8219035455817065
BALLARI,Ballari,22938.5,20,TotalNPK,25742,12.221810493275498,2803.5,0.11273787823550857,0.8872621217644914,0.112473392933163,0.8875266070668371
BIDAR,Bidar,261.0,20,TotalNPK,296,13.409961685823754,35.0,0.04160408312067079,0.9583959168793292,0.03704920026759107,0.9629507997324089
KALABURAGI,Kalaburagi,3114.0,20,TotalNPK,3342,7.321772639691715,228.0,0.24246931583424478,0.7575306841657552,0.23573962577793994,0.7642603742220601
YADGIRI,Yadgir,31435.0,20,TotalNPK,37994,20.86527755686337,6559.0,0.17841779074006564,0.8215822092599343,0.2040584645948631,0.7959415354051369
RAICHUR,Raichur,26958.0,20,TotalNPK,30430,12.87929371615105,3472.0,0.007400656215822088,0.9925993437841779,0.009287842851061268,0.9907121571489388
KOPPAL,Koppal,29982.0,20,TotalNPK,32604,8.745247148288973,2622.0,0.0592023332118119,0.9407976667881881,0.04300431794684667,0.9569956820531533
VIJAYANAGARA,Vijayanagara,22938.5,20,TotalNPK,25742,12.221810493275498,2803.5,0.12175841536031112,0.8782415846396889,0.12171542094913734,0.8782845790508627
BENGALURU,Bengaluru Urban,71.0,20,AreaUnderOilSeeds_GroundNut,80,12.676056338028168,9.0,0.03568355814801312,0.9643164418519868,0.03273988212662199,0.967260117873378
BENGALURU(R),Bengaluru Rural,206.0,20,AreaUnderOilSeeds_GroundNut,229,11.165048543689322,23.0,0.16460517681370762,0.8353948231862924,0.16983323735189249,0.8301667626481075
RAMANAGARA,Ramanagara,4830.0,20,AreaUnderOilSeeds_GroundNut,5275,9.213250517598343,445.0,0.07478235508567264,0.9252176449143273,0.0834695452930293,0.9165304547069707
CHITRADURGA,Chitradurga,68575.0,20,AreaUnderOilSeeds_GroundNut,81613,19.012759752096244,13038.0,0.6908377688662048,0.30916223113379515,0.6883364169923909,0.3116635830076091
DAVANAGERE,Davanagere,16592.0,20,AreaUnderOilSeeds_GroundNut,18651,12.409594985535199,2059.0,0.09081540891967432,0.9091845910803257,0.10419295945498885,0.8958070405450111
KOLAR,Kolar,5810.0,20,AreaUnderOilSeeds_GroundNut,6970,19.965576592082616,1160.0,0.031221290557783443,0.9687787094422166,0.02417507014813817,0.9758249298518619
CHIKKABALLAPURA,Chikkaballapura,7132.0,20,AreaUnderOilSeeds_GroundNut,9765,36.918115535614135,2633.0,0.11785636164783082,0.8821436383521691,0.10726232340435961,0.8927376765956404
SHIVAMOGGA,Shivamogga,248.0,20,AreaUnderOilSeeds_GroundNut,307,23.790322580645164,59.0,0.13129566168428727,0.8687043383157127,0.12412728364353717,0.8758727163564628
TUMAKURU,Tumakuru,39626.0,20,AreaUnderOilSeeds_GroundNut,48358,22.036036945439864,8732.0,0.39828758918806306,0.6017124108119369,0.411440054193047,0.588559945806953
CHIKKAMAGALURU,Chikkamagaluru,3909.0,20,AreaUnderOilSeeds_GroundNut,4722,20.79815809669992,813.0,0.21211811884797666,0.7878818811520234,0.21073323402609184,0.7892667659739081
DAKSHINA KANNADA,Dakshina Kannada,0.0,20,AreaUnderOilSeeds_GroundNut,0,,0.0,0.02952242070725483,0.9704775792927451,0.02845747613738007,0.97154252386262
UDUPI,Udupi,3623.0,20,AreaUnderOilSeeds_GroundNut,3875,6.955561689207839,252.0,0.023733138899015675,0.9762668611009844,0.019509759474593512,0.9804902405254065
HASSAN,Hassan,521.0,20,AreaUnderOilSeeds_GroundNut,640,22.84069097888676,119.0,0.10607607242678335,0.8939239275732167,0.10824255939617465,0.8917574406038253
KODAGU,Kodagu,45.0,20,AreaUnderOilSeeds_GroundNut,53,17.77777777777778,8.0,0.012424352898286549,0.9875756471017134,0.01217943219830174,0.9878205678016982
MANDYA,Mandya,1021.0,20,AreaUnderOilSeeds_GroundNut,1210,18.51126346718903,189.0,0.14847685016405396,0.851523149835946,0.1501795057160011,0.8498204942839989
MYSURU,Mysuru,2170.0,20,AreaUnderOilSeeds_GroundNut,2501,15.253456221198155,331.0,0.006467371491068172,0.9935326285089319,0.007529437712129199,0.9924705622878708
CHAMARAJANAGAR,Chamarajanagara,8867.0,20,AreaUnderOilSeeds_GroundNut,10559,19.081989398894777,1692.0,0.09031474055170738,0.9096852594482926,0.09267722870947848,0.9073227712905215
BELAGAVI,Belagavi,39530.0,20,AreaUnderOilSeeds_GroundNut,44849,13.455603339236022,5319.0,0.2576536638716733,0.7423463361283267,0.23624667638734032,0.7637533236126597
VIJAYAPURA,Vijayapura,27528.0,20,AreaUnderOilSeeds_GroundNut,31050,12.794245858761988,3522.0,0.032545388261028096,0.967454611738972,0.029767316481442874,0.9702326835185571
BAGALKOT,Bagalkote,25444.0,20,AreaUnderOilSeeds_GroundNut,29187,14.710737305455119,3743.0,0.0819832300401021,0.9180167699598979,0.07275556590249105,0.927244434097509
DHARAWAD,Dharwad,21178.0,20,AreaUnderOilSeeds_GroundNut,26317,24.26574747379356,5139.0,0.030200510390083868,0.9697994896099161,0.005222819893889397,0.9947771801061106
GADAG,Gadag,31332.0,20,AreaUnderOilSeeds_GroundNut,37185,18.680582152432017,5853.0,0.08125410134888805,0.9187458986511119,0.09020446672536409,0.9097955332746359
HAVERI,Haveri,18309.0,20,AreaUnderOilSeeds_GroundNut,20837,13.807417117264734,2528.0,0.0189802614447164,0.9810197385552836,0.006737372022314364,0.9932626279776856
UTTARA KANNADA,Uttara Kannada,3825.0,20,AreaUnderOilSeeds_GroundNut,4102,7.241830065359476,277.0,0.18596573095151295,0.8140342690484871,0.18544839670150587,0.8145516032984941
BALLARI,Ballari,22938.5,20,AreaUnderOilSeeds_GroundNut,27724,20.86230573054036,4785.5,0.11273787823550857,0.8872621217644914,0.09536645947511863,0.9046335405248813
BIDAR,Bidar,261.0,20,AreaUnderOilSeeds_GroundNut,289,10.727969348659004,28.0,0.04160408312067079,0.9583959168793292,0.039111416073419676,0.9608885839265803
KALABURAGI,Kalaburagi,3114.0,20,AreaUnderOilSeeds_GroundNut,3481,11.78548490687219,367.0,0.24246931583424478,0.7575306841657552,0.228991296321256,0.771008703678744
YADGIRI,Yadgir,31435.0,20,AreaUnderOilSeeds_GroundNut,35170,11.88166056942898,3735.0,0.17841779074006564,0.8215822092599343,0.16567213556663768,0.8343278644333623
RAICHUR,Raichur,26958.0,20,AreaUnderOilSeeds_GroundNut,30416,12.827361080198829,3458.0,0.007400656215822088,0.9925993437841779,0.00778062318503181,0.9922193768149682
KOPPAL,Koppal,29982.0,20,AreaUnderOilSeeds_GroundNut,32124,7.144286571943166,2142.0,0.0592023332118119,0.9407976667881881,0.020545746388442976,0.979454253611557
VIJAYANAGARA,Vijayanagara,22938.5,20,AreaUnderOilSeeds_GroundNut,27724,20.86230573054036,4785.5,0.12175841536031112,0.8782415846396889,0.10576337920020912,0.8942366207997909
BENGALURU,Bengaluru Urban,71.0,20,MotorVehicles_Tractors,128,80.28169014084507,57.0,0.03568355814801312,0.9643164418519868,0.037898812404601474,0.9621011875953985
BENGALURU(R),Bengaluru Rural,206.0,20,MotorVehicles_Tractors,212,2.912621359223301,6.0,0.16460517681370762,0.8353948231862924,0.18337614633359392,0.8166238536664061
RAMANAGARA,Ramanagara,4830.0,20,MotorVehicles_Tractors,6152,27.370600414078677,1322.0,0.07478235508567264,0.9252176449143273,0.07307744809699315,0.9269225519030069
CHITRADURGA,Chitradurga,68575.0,20,MotorVehicles_Tractors,80583,17.510754648195405,12008.0,0.6908377688662048,0.30916223113379515,0.6811362197982205,0.3188637802017795
DAVANAGERE,Davanagere,16592.0,20,MotorVehicles_Tractors,18558,11.849083895853424,1966.0,0.09081540891967432,0.9091845910803257,0.10216795105667445,0.8978320489433256
KOLAR,Kolar,5810.0,20,MotorVehicles_Tractors,10481,80.39586919104991,4671.0,0.031221290557783443,0.9687787094422166,0.07283173870419318,0.9271682612958068
CHIKKABALLAPURA,Chikkaballapura,7132.0,20,MotorVehicles_Tractors,9012,26.360067302299495,1880.0,0.11785636164783082,0.8821436383521691,0.13579787300050883,0.8642021269994912
SHIVAMOGGA,Shivamogga,248.0,20,MotorVehicles_Tractors,278,12.096774193548388,30.0,0.13129566168428727,0.8687043383157127,0.12300112927044166,0.8769988707295584
TUMAKURU,Tumakuru,39626.0,20,MotorVehicles_Tractors,49172,24.0902437793368,9546.0,0.39828758918806306,0.6017124108119369,0.42790840322577794,0.572091596774222
CHIKKAMAGALURU,Chikkamagaluru,3909.0,20,MotorVehicles_Tractors,5099,30.442568431823997,1190.0,0.21211811884797666,0.7878818811520234,0.20858174623857212,0.7914182537614278
DAKSHINA KANNADA,Dakshina Kannada,0.0,20,MotorVehicles_Tractors,0,,0.0,0.02952242070725483,0.9704775792927451,0.030766414752491218,0.9692335852475088
UDUPI,Udupi,3623.0,20,MotorVehicles_Tractors,4151,14.5735578250069,528.0,0.023733138899015675,0.9762668611009844,0.022417879701674054,0.9775821202983259
HASSAN,Hassan,521.0,20,MotorVehicles_Tractors,608,16.698656429942417,87.0,0.10607607242678335,0.8939239275732167,0.11243686633657222,0.8875631336634278
KODAGU,Kodagu,45.0,20,MotorVehicles_Tractors,59,31.11111111111111,14.0,0.012424352898286549,0.9875756471017134,0.012198602682948017,0.987801397317052
MANDYA,Mandya,1021.0,20,MotorVehicles_Tractors,1163,13.907933398628794,142.0,0.14847685016405396,0.851523149835946,0.15428564337391262,0.8457143566260874
MYSURU,Mysuru,2170.0,20,MotorVehicles_Tractors,2518,16.036866359447004,348.0,0.006467371491068172,0.9935326285089319,0.003992777632999513,0.9960072223670005
CHAMARAJANAGAR,Chamarajanagara,8867.0,20,MotorVehicles_Tractors,9529,7.4658847411751434,662.0,0.09031474055170738,0.9096852594482926,0.07757632916785592,0.922423670832144
BELAGAVI,Belagavi,39530.0,20,MotorVehicles_Tractors,42587,7.733367062990134,3057.0,0.2576536638716733,0.7423463361283267,0.2271397192956331,0.772860280704367
VIJAYAPURA,Vijayapura,27528.0,20,MotorVehicles_Tractors,29604,7.541412380122058,2076.0,0.032545388261028096,0.967454611738972,0.022922949009096194,0.9770770509909038
BAGALKOT,Bagalkote,25444.0,20,MotorVehicles_Tractors,27804,9.275271183776136,2360.0,0.0819832300401021,0.9180167699598979,0.08160033754017593,0.9183996624598241
DHARAWAD,Dharwad,21178.0,20,MotorVehicles_Tractors,23240,9.736519029181226,2062.0,0.030200510390083868,0.9697994896099161,0.02958440365833981,0.9704155963416602
GADAG,Gadag,31332.0,20,MotorVehicles_Tractors,36768,17.349674454232094,5436.0,0.08125410134888805,0.9187458986511119,0.09993777489403116,0.9000622251059689
HAVERI,Haveri,18309.0,20,MotorVehicles_Tractors,19140,4.538751433721121,831.0,0.0189802614447164,0.9810197385552836,0.007997078433770982,0.992002921566229
UTTARA KANNADA,Uttara Kannada,3825.0,20,MotorVehicles_Tractors,4001,4.601307189542483,176.0,0.18596573095151295,0.8140342690484871,0.17222242904831042,0.8277775709516896
BALLARI,Ballari,22938.5,20,MotorVehicles_Tractors,27823,21.29389454410707,4884.5,0.11273787823550857,0.8872621217644914,0.09050118688628045,0.9094988131137196
BIDAR,Bidar,261.0,20,MotorVehicles_Tractors,294,12.643678160919542,33.0,0.04160408312067079,0.9583959168793292,0.03884193936686398,0.961158060633136
KALABURAGI,Kalaburagi,3114.0,20,MotorVehicles_Tractors,3424,9.955041746949261,310.0,0.24246931583424478,0.7575306841657552,0.22437321353966305,0.775626786460337
YADGIRI,Yadgir,31435.0,20,MotorVehicles_Tractors,34616,10.11929378081756,3181.0,0.17841779074006564,0.8215822092599343,0.16739262623630297,0.832607373763697
RAICHUR,Raichur,26958.0,20,MotorVehicles_Tractors,30353,12.593664218413828,3395.0,0.007400656215822088,0.9925993437841779,0.0016579179231351882,0.9983420820768648
KOPPAL,Koppal,29982.0,20,MotorVehicles_Tractors,32586,8.685211126676005,2604.0,0.0592023332118119,0.9407976667881881,0.030673963491058887,0.9693260365089411
VIJAYANAGARA,Vijayanagara,22938.5,20,MotorVehicles_Tractors,27823,21.29389454410707,4884.5,0.12175841536031112,0.8782415846396889,0.10035201800214272,0.8996479819978573
BENGALURU,Bengaluru Urban,71.0,20,LivestockCensus_2012_Sheep,77,8.450704225352112,6.0,0.03568355814801312,0.9643164418519868,0.03238567953411799,0.967614320465882
BENGALURU(R),Bengaluru Rural,206.0,20,LivestockCensus_2012_Sheep,222,7.766990291262135,16.0,0.16460517681370762,0.8353948231862924,0.16931960586775438,0.8306803941322456
RAMANAGARA,Ramanagara,4830.0,20,LivestockCensus_2012_Sheep,5204,7.743271221532091,374.0,0.07478235508567264,0.9252176449143273,0.08289554512617638,0.9171044548738236
CHITRADURGA,Chitradurga,68575.0,20,LivestockCensus_2012_Sheep,81394,18.69340138534451,12819.0,0.6908377688662048,0.30916223113379515,0.6940536157456324,0.3059463842543676
DAVANAGERE,Davanagere,16592.0,20,LivestockCensus_2012_Sheep,17032,2.651880424300868,440.0,0.09081540891967432,0.9091845910803257,0.11955631455226018,0.8804436854477398
KOLAR,Kolar,5810.0,20,LivestockCensus_2012_Sheep,8414,44.81927710843374,2604.0,0.031221290557783443,0.9687787094422166,0.0489532397965452,0.9510467602034548
CHIKKABALLAPURA,Chikkaballapura,7132.0,20,LivestockCensus_2012_Sheep,8637,21.102075154234438,1505.0,0.11785636164783082,0.8821436383521691,0.12454234955893555,0.8754576504410645
SHIVAMOGGA,Shivamogga,248.0,20,LivestockCensus_2012_Sheep,249,0.4032258064516129,1.0,0.13129566168428727,0.8687043383157127,0.11492247585817136,0.8850775241418286
TUMAKURU,Tumakuru,39626.0,20,LivestockCensus_2012_Sheep,47686,20.340180689446324,8060.0,0.39828758918806306,0.6017124108119369,0.4073483829976938,0.5926516170023062
CHIKKAMAGALURU,Chikkamagaluru,3909.0,20,LivestockCensus_2012_Sheep,4381,12.074699411614223,472.0,0.21211811884797666,0.7878818811520234,0.21040511936646786,0.7895948806335321
DAKSHINA KANNADA,Dakshina Kannada,0.0,20,LivestockCensus_2012_Sheep,0,,0.0,0.02952242070725483,0.9704775792927451,0.026451581197631274,0.9735484188023688
UDUPI,Udupi,3623.0,20,LivestockCensus_2012_Sheep,3623,0.0,0.0,0.023733138899015675,0.9762668611009844,0.018508735287613334,0.9814912647123867
HASSAN,Hassan,521.0,20,LivestockCensus_2012_Sheep,563,8.061420345489443,42.0,0.10607607242678335,0.8939239275732167,0.10745263778656904,0.892547362213431
KODAGU,Kodagu,45.0,20,LivestockCensus_2012_Sheep,45,0.0,0.0,0.012424352898286549,0.9875756471017134,0.011708479740521414,0.9882915202594786
MANDYA,Mandya,1021.0,20,LivestockCensus_2012_Sheep,1311,28.40352595494613,290.0,0.14847685016405396,0.851523149835946,0.14691254883652358,0.8530874511634764
MYSURU,Mysuru,2170.0,20,LivestockCensus_2012_Sheep,2431,12.027649769585254,261.0,0.006467371491068172,0.9935326285089319,0.00815477799346389,0.9918452220065361
CHAMARAJANAGAR,Chamarajanagara,8867.0,20,LivestockCensus_2012_Sheep,10460,17.96549001917221,1593.0,0.09031474055170738,0.9096852594482926,0.09187409391355628,0.9081259060864437
BELAGAVI,Belagavi,39530.0,20,LivestockCensus_2012_Sheep,42739,8.117885150518592,3209.0,0.2576536638716733,0.7423463361283267,0.23237093643266088,0.7676290635673391
VIJAYAPURA,Vijayapura,27528.0,20,LivestockCensus_2012_Sheep,29127,5.808631211857018,1599.0,0.032545388261028096,0.967454611738972,0.010268570164877033,0.989731429835123
BAGALKOT,Bagalkote,25444.0,20,LivestockCensus_2012_Sheep,29881,17.438295865429964,4437.0,0.0819832300401021,0.9180167699598979,0.047202496498513435,0.9527975035014866
DHARAWAD,Dharwad,21178.0,20,LivestockCensus_2012_Sheep,21837,3.1117197091321183,659.0,0.030200510390083868,0.9697994896099161,0.039364080890483266,0.9606359191095167
GADAG,Gadag,31332.0,20,LivestockCensus_2012_Sheep,34446,9.938720796629644,3114.0,0.08125410134888805,0.9187458986511119,0.06919428950536899,0.930805710494631
HAVERI,Haveri,18309.0,20,LivestockCensus_2012_Sheep,19143,4.555136817958381,834.0,0.0189802614447164,0.9810197385552836,0.0020868509086313936,0.9979131490913686
UTTARA KANNADA,Uttara Kannada,3825.0,20,LivestockCensus_2012_Sheep,3836,0.2875816993464052,11.0,0.18596573095151295,0.8140342690484871,0.16809838563039042,0.8319016143696096
BALLARI,Ballari,22938.5,20,LivestockCensus_2012_Sheep,27706,20.783835037164593,4767.5,0.11273787823550857,0.8872621217644914,0.08439021479294717,0.9156097852070528
BIDAR,Bidar,261.0,20,LivestockCensus_2012_Sheep,278,6.513409961685824,17.0,0.04160408312067079,0.9583959168793292,0.035555446347396616,0.9644445536526034
KALABURAGI,Kalaburagi,3114.0,20,LivestockCensus_2012_Sheep,3172,1.8625561978163132,58.0,0.24246931583424478,0.7575306841657552,0.22907503419580477,0.7709249658041952
YADGIRI,Yadgir,31435.0,20,LivestockCensus_2012_Sheep,36047,14.671544456815653,4612.0,0.17841779074006564,0.8215822092599343,0.18930551801525097,0.810694481984749
RAICHUR,Raichur,26958.0,20,LivestockCensus_2012_Sheep,29617,9.863491356925588,2659.0,0.007400656215822088,0.9925993437841779,0.018089785487873766,0.9819102145121262
KOPPAL,Koppal,29982.0,20,LivestockCensus_2012_Sheep,32686,9.018744580081382,2704.0,0.0592023332118119,0.9407976667881881,0.034582401651227335,0.9654175983487727
VIJAYANAGARA,Vijayanagara,22938.5,20,LivestockCensus_2012_Sheep,27706,20.783835037164593,4767.5,0.12175841536031112,0.8782415846396889,0.09454218574669715,0.9054578142533029
BENGALURU,Bengaluru Urban,71.0,-20,TotalNPK,17,-76.05633802816901,-54.0,0.03568355814801312,0.9643164418519868,0.04022099246368369,0.9597790075363163
BENGALURU(R),Bengaluru Rural,206.0,-20,TotalNPK,133,-35.43689320388349,-73.0,0.16460517681370762,0.8353948231862924,0.15216441548039464,0.8478355845196054
RAMANAGARA,Ramanagara,4830.0,-20,TotalNPK,4320,-10.559006211180124,-510.0,0.07478235508567264,0.9252176449143273,0.0684239268940911,0.9315760731059088
CHITRADURGA,Chitradurga,68575.0,-20,TotalNPK,54934,-19.89208895370033,-13641.0,0.6908377688662048,0.30916223113379515,0.6812684312083591,0.3187315687916409
DAVANAGERE,Davanagere,16592.0,-20,TotalNPK,13026,-21.49228543876567,-3566.0,0.09081540891967432,0.9091845910803257,0.11062062353612218,0.8893793764638778
KOLAR,Kolar,5810.0,-20,TotalNPK,2191,-62.28915662650603,-3619.0,0.031221290557783443,0.9687787094422166,0.0012105435613645465,0.9987894564386355
CHIKKABALLAPURA,Chikkaballapura,7132.0,-20,TotalNPK,4382,-38.55860908581043,-2750.0,0.11785636164783082,0.8821436383521691,0.1257751726314001,0.8742248273686
SHIVAMOGGA,Shivamogga,248.0,-20,TotalNPK,191,-22.983870967741936,-57.0,0.13129566168428727,0.8687043383157127,0.1393017075035497,0.8606982924964504
TUMAKURU,Tumakuru,39626.0,-20,TotalNPK,31550,-20.38055821935093,-8076.0,0.39828758918806306,0.6017124108119369,0.3980802937551035,0.6019197062448964
CHIKKAMAGALURU,Chikkamagaluru,3909.0,-20,TotalNPK,2702,-30.877462266564336,-1207.0,0.21211811884797666,0.7878818811520234,0.22024091247158925,0.7797590875284107
DAKSHINA KANNADA,Dakshina Kannada,0.0,-20,TotalNPK,0,,0.0,0.02952242070725483,0.9704775792927451,0.030172570721229107,0.9698274292787709
UDUPI,Udupi,3623.0,-20,TotalNPK,3445,-4.913055478884902,-178.0,0.023733138899015675,0.9762668611009844,0.033517493719736405,0.9664825062802636
HASSAN,Hassan,521.0,-20,TotalNPK,459,-11.900191938579654,-62.0,0.10607607242678335,0.8939239275732167,0.10400055824565237,0.8959994417543476
KODAGU,Kodagu,45.0,-20,TotalNPK,24,-46.666666666666664,-21.0,0.012424352898286549,0.9875756471017134,0.013962209196490332,0.9860377908035096
MANDYA,Mandya,1021.0,-20,TotalNPK,843,-17.43388834476004,-178.0,0.14847685016405396,0.851523149835946,0.15247023701168674,0.8475297629883133
MYSURU,Mysuru,2170.0,-20,TotalNPK,1914,-11.797235023041475,-256.0,0.006467371491068172,0.9935326285089319,0.00692194269487021,0.9930780573051298
CHAMARAJANAGAR,Chamarajanagara,8867.0,-20,TotalNPK,7851,-11.458215856546747,-1016.0,0.09031474055170738,0.9096852594482926,0.09997451487239234,0.9000254851276077
BELAGAVI,Belagavi,39530.0,-20,TotalNPK,33386,-15.542625853781939,-6144.0,0.2576536638716733,0.7423463361283267,0.25386827829759345,0.7461317217024066
VIJAYAPURA,Vijayapura,27528.0,-20,TotalNPK,25175,-8.547660563789595,-2353.0,0.032545388261028096,0.967454611738972,0.07319692722175702,0.926803072778243
BAGALKOT,Bagalkote,25444.0,-20,TotalNPK,21139,-16.919509511083163,-4305.0,0.0819832300401021,0.9180167699598979,0.11902646812538686,0.8809735318746131
DHARAWAD,Dharwad,21178.0,-20,TotalNPK,18381,-13.207101709320993,-2797.0,0.030200510390083868,0.9697994896099161,0.040453089161539335,0.9595469108384607
GADAG,Gadag,31332.0,-20,TotalNPK,28983,-7.497127537342014,-2349.0,0.08125410134888805,0.9187458986511119,0.11917157732135703,0.8808284226786429
HAVERI,Haveri,18309.0,-20,TotalNPK,16522,-9.760227210661423,-1787.0,0.0189802614447164,0.9810197385552836,0.029341703550754383,0.9706582964492456
UTTARA KANNADA,Uttara Kannada,3825.0,-20,TotalNPK,3522,-7.92156862745098,-303.0,0.18596573095151295,0.8140342690484871,0.19774638657297844,0.8022536134270215
BALLARI,Ballari,22938.5,-20,TotalNPK,20134,-12.226169976240818,-2804.5,0.11273787823550857,0.8872621217644914,0.11313576291549865,0.8868642370845014
BIDAR,Bidar,261.0,-20,TotalNPK,225,-13.793103448275861,-36.0,0.04160408312067079,0.9583959168793292,0.04842174245458186,0.9515782575454181
KALABURAGI,Kalaburagi,3114.0,-20,TotalNPK,2885,-7.353885677585099,-229.0,0.24246931583424478,0.7575306841657552,0.2525454788170046,0.7474545211829954
YADGIRI,Yadgir,31435.0,-20,TotalNPK,24875,-20.86845872435184,-6560.0,0.17841779074006564,0.8215822092599343,0.14004684409169788,0.8599531559083021
RAICHUR,Raichur,26958.0,-20,TotalNPK,23485,-12.883003190147639,-3473.0,0.007400656215822088,0.9925993437841779,0.004576400771835298,0.9954235992281647
KOPPAL,Koppal,29982.0,-20,TotalNPK,27359,-8.748582482823027,-2623.0,0.0592023332118119,0.9407976667881881,0.08344558925255763,0.9165544107474424
VIJAYANAGARA,Vijayanagara,22938.5,-20,TotalNPK,20134,-12.226169976240818,-2804.5,0.12175841536031112,0.8782415846396889,0.12182497785221058,0.8781750221477894
BENGALURU,Bengaluru Urban,71.0,-20,AreaUnderOilSeeds_GroundNut,61,-14.084507042253522,-10.0,0.03568355814801312,0.9643164418519868,0.040010083549409395,0.9599899164505906
BENGALURU(R),Bengaluru Rural,206.0,-20,AreaUnderOilSeeds_GroundNut,182,-11.650485436893204,-24.0,0.16460517681370762,0.8353948231862924,0.15692523768366465,0.8430747623163354
RAMANAGARA,Ramanagara,4830.0,-20,AreaUnderOilSeeds_GroundNut,4384,-9.233954451345756,-446.0,0.07478235508567264,0.9252176449143273,0.062017430135407656,0.9379825698645924
CHITRADURGA,Chitradurga,68575.0,-20,AreaUnderOilSeeds_GroundNut,55536,-19.01421800947867,-13039.0,0.6908377688662048,0.30916223113379515,0.6945260731777585,0.3054739268222415
DAVANAGERE,Davanagere,16592.0,-20,AreaUnderOilSeeds_GroundNut,14532,-12.415621986499518,-2060.0,0.09081540891967432,0.9091845910803257,0.07115804763276673,0.9288419523672333
KOLAR,Kolar,5810.0,-20,AreaUnderOilSeeds_GroundNut,4649,-19.98278829604131,-1161.0,0.031221290557783443,0.9687787094422166,0.041576634975511374,0.9584233650244887
CHIKKABALLAPURA,Chikkaballapura,7132.0,-20,AreaUnderOilSeeds_GroundNut,4498,-36.93213684800897,-2634.0,0.11785636164783082,0.8821436383521691,0.13342696629213485,0.8665730337078652
SHIVAMOGGA,Shivamogga,248.0,-20,AreaUnderOilSeeds_GroundNut,188,-24.193548387096776,-60.0,0.13129566168428727,0.8687043383157127,0.14183232497839238,0.8581676750216076
TUMAKURU,Tumakuru,39626.0,-20,AreaUnderOilSeeds_GroundNut,30893,-22.038560541058903,-8733.0,0.39828758918806306,0.6017124108119369,0.37896653907889866,0.6210334609211013
CHIKKAMAGALURU,Chikkamagaluru,3909.0,-20,AreaUnderOilSeeds_GroundNut,3095,-20.823740086978766,-814.0,0.21211811884797666,0.7878818811520234,0.21415966991809687,0.7858403300819031
DAKSHINA KANNADA,Dakshina Kannada,0.0,-20,AreaUnderOilSeeds_GroundNut,0,,0.0,0.02952242070725483,0.9704775792927451,0.031069936617689427,0.9689300633823106
UDUPI,Udupi,3623.0,-20,AreaUnderOilSeeds_GroundNut,3370,-6.9831631244824734,-253.0,0.023733138899015675,0.9762668611009844,0.029935537309132818,0.9700644626908672
HASSAN,Hassan,521.0,-20,AreaUnderOilSeeds_GroundNut,401,-23.032629558541267,-120.0,0.10607607242678335,0.8939239275732167,0.10289721982137713,0.8971027801786229
KODAGU,Kodagu,45.0,-20,AreaUnderOilSeeds_GroundNut,36,-20.0,-9.0,0.012424352898286549,0.9875756471017134,0.012790502256794394,0.9872094977432057
MANDYA,Mandya,1021.0,-20,AreaUnderOilSeeds_GroundNut,831,-18.60920666013712,-190.0,0.14847685016405396,0.851523149835946,0.1459773840391818,0.8540226159608182
MYSURU,Mysuru,2170.0,-20,AreaUnderOilSeeds_GroundNut,1838,-15.299539170506913,-332.0,0.006467371491068172,0.9935326285089319,0.004906727167963115,0.9950932728320369
CHAMARAJANAGAR,Chamarajanagara,8867.0,-20,AreaUnderOilSeeds_GroundNut,7174,-19.093267170407128,-1693.0,0.09031474055170738,0.9096852594482926,0.08684456928838949,0.9131554307116105
BELAGAVI,Belagavi,39530.0,-20,AreaUnderOilSeeds_GroundNut,34210,-13.458133063496078,-5320.0,0.2576536638716733,0.7423463361283267,0.28911696917314894,0.710883030826851
VIJAYAPURA,Vijayapura,27528.0,-20,AreaUnderOilSeeds_GroundNut,24005,-12.797878523684975,-3523.0,0.032545388261028096,0.967454611738972,0.03662849322961681,0.9633715067703832
BAGALKOT,Bagalkote,25444.0,-20,AreaUnderOilSeeds_GroundNut,21700,-14.714667505109261,-3744.0,0.0819832300401021,0.9180167699598979,0.09554523192163644,0.9044547680783636
DHARAWAD,Dharwad,21178.0,-20,AreaUnderOilSeeds_GroundNut,16038,-24.27046935499103,-5140.0,0.030200510390083868,0.9697994896099161,0.06690705128205127,0.9330929487179487
GADAG,Gadag,31332.0,-20,AreaUnderOilSeeds_GroundNut,25478,-18.683773777607556,-5854.0,0.08125410134888805,0.9187458986511119,0.06810254352389189,0.9318974564761081
HAVERI,Haveri,18309.0,-20,AreaUnderOilSeeds_GroundNut,15780,-13.812878912010488,-2529.0,0.0189802614447164,0.9810197385552836,0.036972157056426674,0.9630278429435734
UTTARA KANNADA,Uttara Kannada,3825.0,-20,AreaUnderOilSeeds_GroundNut,3547,-7.26797385620915,-278.0,0.18596573095151295,0.8140342690484871,0.18672932872371073,0.8132706712762893
BALLARI,Ballari,22938.5,-20,AreaUnderOilSeeds_GroundNut,18152,-20.866665213505676,-4786.5,0.11273787823550857,0.8872621217644914,0.13826809894225622,0.8617319010577438
BIDAR,Bidar,261.0,-20,AreaUnderOilSeeds_GroundNut,232,-11.11111111111111,-29.0,0.04160408312067079,0.9583959168793292,0.045267934312878136,0.9547320656871219
KALABURAGI,Kalaburagi,3114.0,-20,AreaUnderOilSeeds_GroundNut,2746,-11.817597944765575,-368.0,0.24246931583424478,0.7575306841657552,0.2622803226735811,0.737719677326419
YADGIRI,Yadgir,31435.0,-20,AreaUnderOilSeeds_GroundNut,27699,-11.884841736917448,-3736.0,0.17841779074006564,0.8215822092599343,0.19715139729184677,0.8028486027081532
RAICHUR,Raichur,26958.0,-20,AreaUnderOilSeeds_GroundNut,23499,-12.831070554195415,-3459.0,0.007400656215822088,0.9925993437841779,0.006842408527801824,0.9931575914721982
KOPPAL,Koppal,29982.0,-20,AreaUnderOilSeeds_GroundNut,27839,-7.1476219064772195,-2143.0,0.0592023332118119,0.9407976667881881,0.11601123595505619,0.8839887640449438
VIJAYANAGARA,Vijayanagara,22938.5,-20,AreaUnderOilSeeds_GroundNut,18152,-20.866665213505676,-4786.5,0.12175841536031112,0.8782415846396889,0.145266133679055,0.854733866320945
BENGALURU,Bengaluru Urban,71.0,-20,MotorVehicles_Tractors,13,-81.69014084507043,-58.0,0.03568355814801312,0.9643164418519868,0.03252837393487254,0.9674716260651275
BENGALURU(R),Bengaluru Rural,206.0,-20,MotorVehicles_Tractors,199,-3.3980582524271843,-7.0,0.16460517681370762,0.8353948231862924,0.13786727009157446,0.8621327299084256
RAMANAGARA,Ramanagara,4830.0,-20,MotorVehicles_Tractors,3507,-27.391304347826086,-1323.0,0.07478235508567264,0.9252176449143273,0.07721245978149419,0.9227875402185058
CHITRADURGA,Chitradurga,68575.0,-20,MotorVehicles_Tractors,56566,-17.512212905577833,-12009.0,0.6908377688662048,0.30916223113379515,0.7046706502139094,0.2953293497860906
DAVANAGERE,Davanagere,16592.0,-20,MotorVehicles_Tractors,14625,-11.855110896817743,-1967.0,0.09081540891967432,0.9091845910803257,0.07464436823062143,0.9253556317693785
KOLAR,Kolar,5810.0,-20,MotorVehicles_Tractors,1138,-80.4130808950086,-4672.0,0.031221290557783443,0.9687787094422166,0.028055722518827562,0.9719442774811724
CHIKKABALLAPURA,Chikkaballapura,7132.0,-20,MotorVehicles_Tractors,5251,-26.374088614694337,-1881.0,0.11785636164783082,0.8821436383521691,0.09229926104020086,0.9077007389597991
SHIVAMOGGA,Shivamogga,248.0,-20,MotorVehicles_Tractors,217,-12.5,-31.0,0.13129566168428727,0.8687043383157127,0.14311423823498215,0.8568857617650179
TUMAKURU,Tumakuru,39626.0,-20,MotorVehicles_Tractors,30079,-24.092767374955837,-9547.0,0.39828758918806306,0.6017124108119369,0.3560973022663791,0.6439026977336209
CHIKKAMAGALURU,Chikkamagaluru,3909.0,-20,MotorVehicles_Tractors,2718,-30.46815042210284,-1191.0,0.21211811884797666,0.7878818811520234,0.2171622529434643,0.7828377470565357
DAKSHINA KANNADA,Dakshina Kannada,0.0,-20,MotorVehicles_Tractors,0,,0.0,0.02952242070725483,0.9704775792927451,0.027733090549093096,0.9722669094509069
UDUPI,Udupi,3623.0,-20,MotorVehicles_Tractors,3094,-14.601159260281534,-529.0,0.023733138899015675,0.9762668611009844,0.025602835625640846,0.9743971643743592
HASSAN,Hassan,521.0,-20,MotorVehicles_Tractors,433,-16.89059500959693,-88.0,0.10607607242678335,0.8939239275732167,0.09701941095357636,0.9029805890464236
KODAGU,Kodagu,45.0,-20,MotorVehicles_Tractors,30,-33.33333333333333,-15.0,0.012424352898286549,0.9875756471017134,0.012752065433888436,0.9872479345661116
MANDYA,Mandya,1021.0,-20,MotorVehicles_Tractors,878,-14.005876591576886,-143.0,0.14847685016405396,0.851523149835946,0.14020436304493866,0.8597956369550613
MYSURU,Mysuru,2170.0,-20,MotorVehicles_Tractors,1821,-16.082949308755758,-349.0,0.006467371491068172,0.9935326285089319,0.009992751829721036,0.990007248170279
CHAMARAJANAGAR,Chamarajanagara,8867.0,-20,MotorVehicles_Tractors,8204,-7.477162512687493,-663.0,0.09031474055170738,0.9096852594482926,0.10846327004443188,0.8915367299555681
BELAGAVI,Belagavi,39530.0,-20,MotorVehicles_Tractors,36472,-7.735896787250189,-3058.0,0.2576536638716733,0.7423463361283267,0.3011278860092636,0.6988721139907363
VIJAYAPURA,Vijayapura,27528.0,-20,MotorVehicles_Tractors,25451,-7.545045045045046,-2077.0,0.032545388261028096,0.967454611738972,0.046253933458261065,0.953746066541739
BAGALKOT,Bagalkote,25444.0,-20,MotorVehicles_Tractors,23083,-9.279201383430278,-2361.0,0.0819832300401021,0.9180167699598979,0.08253014178128198,0.917469858218718
DHARAWAD,Dharwad,21178.0,-20,MotorVehicles_Tractors,19115,-9.741240910378695,-2063.0,0.030200510390083868,0.9697994896099161,0.031078739879079276,0.9689212601209207
GADAG,Gadag,31332.0,-20,MotorVehicles_Tractors,25895,-17.352866079407633,-5437.0,0.08125410134888805,0.9187458986511119,0.054639081528025435,0.9453609184719746
HAVERI,Haveri,18309.0,-20,MotorVehicles_Tractors,17477,-4.544213228466874,-832.0,0.0189802614447164,0.9810197385552836,0.05741207489607597,0.942587925103924
UTTARA KANNADA,Uttara Kannada,3825.0,-20,MotorVehicles_Tractors,3648,-4.627450980392156,-177.0,0.18596573095151295,0.8140342690484871,0.20554750203302333,0.7944524979669767
BALLARI,Ballari,22938.5,-20,MotorVehicles_Tractors,18053,-21.29825402707239,-4885.5,0.11273787823550857,0.8872621217644914,0.1444178986872477,0.8555821013127523
BIDAR,Bidar,261.0,-20,MotorVehicles_Tractors,227,-13.026819923371647,-34.0,0.04160408312067079,0.9583959168793292,0.04553972350882155,0.9544602764911785
KALABURAGI,Kalaburagi,3114.0,-20,MotorVehicles_Tractors,2803,-9.987154784842646,-311.0,0.24246931583424478,0.7575306841657552,0.2682530141781282,0.7317469858218718
YADGIRI,Yadgir,31435.0,-20,MotorVehicles_Tractors,28253,-10.12247494830603,-3182.0,0.17841779074006564,0.8215822092599343,0.19412721422762796,0.805872785772372
RAICHUR,Raichur,26958.0,-20,MotorVehicles_Tractors,23562,-12.597373692410416,-3396.0,0.007400656215822088,0.9925993437841779,0.015581798253367696,0.9844182017466323
KOPPAL,Koppal,29982.0,-20,MotorVehicles_Tractors,27377,-8.68854646121006,-2605.0,0.0592023332118119,0.9407976667881881,0.09984442951596367,0.9001555704840363
VIJAYANAGARA,Vijayanagara,22938.5,-20,MotorVehicles_Tractors,18053,-21.29825402707239,-4885.5,0.12175841536031112,0.8782415846396889,0.15225577201852697,0.8477442279814731
BENGALURU,Bengaluru Urban,71.0,-20,LivestockCensus_2012_Sheep,64,-9.859154929577464,-7.0,0.03568355814801312,0.9643164418519868,0.040498609990135416,0.9595013900098646
BENGALURU(R),Bengaluru Rural,206.0,-20,LivestockCensus_2012_Sheep,189,-8.25242718446602,-17.0,0.16460517681370762,0.8353948231862924,0.15772576450542553,0.8422742354945745
RAMANAGARA,Ramanagara,4830.0,-20,LivestockCensus_2012_Sheep,4455,-7.763975155279502,-375.0,0.07478235508567264,0.9252176449143273,0.06293964666846022,0.9370603533315398
CHITRADURGA,Chitradurga,68575.0,-20,LivestockCensus_2012_Sheep,55755,-18.69485964272694,-12820.0,0.6908377688662048,0.30916223113379515,0.6861555017487221,0.3138444982512779
DAVANAGERE,Davanagere,16592.0,-20,LivestockCensus_2012_Sheep,16151,-2.657907425265188,-441.0,0.09081540891967432,0.9091845910803257,0.0488595940573342,0.9511404059426658
KOLAR,Kolar,5810.0,-20,LivestockCensus_2012_Sheep,3205,-44.836488812392425,-2605.0,0.031221290557783443,0.9687787094422166,0.0053358443188951665,0.9946641556811049
CHIKKABALLAPURA,Chikkaballapura,7132.0,-20,LivestockCensus_2012_Sheep,5626,-21.116096466629276,-1506.0,0.11785636164783082,0.8821436383521691,0.10809792843691149,0.8919020715630885
SHIVAMOGGA,Shivamogga,248.0,-20,LivestockCensus_2012_Sheep,246,-0.8064516129032258,-2.0,0.13129566168428727,0.8687043383157127,0.15520043045466778,0.8447995695453322
TUMAKURU,Tumakuru,39626.0,-20,LivestockCensus_2012_Sheep,31565,-20.34270428506536,-8061.0,0.39828758918806306,0.6017124108119369,0.385067322597589,0.614932677402411
CHIKKAMAGALURU,Chikkamagaluru,3909.0,-20,LivestockCensus_2012_Sheep,3436,-12.100281401893067,-473.0,0.21211811884797666,0.7878818811520234,0.2146252097825947,0.7853747902174053
DAKSHINA KANNADA,Dakshina Kannada,0.0,-20,LivestockCensus_2012_Sheep,0,,0.0,0.02952242070725483,0.9704775792927451,0.033987983140525514,0.9660120168594745
UDUPI,Udupi,3623.0,-20,LivestockCensus_2012_Sheep,3622,-0.02760143527463428,-1.0,0.023733138899015675,0.9762668611009844,0.03135593220338982,0.9686440677966102
HASSAN,Hassan,521.0,-20,LivestockCensus_2012_Sheep,478,-8.253358925143955,-43.0,0.10607607242678335,0.8939239275732167,0.10407138373240069,0.8959286162675993
KODAGU,Kodagu,45.0,-20,LivestockCensus_2012_Sheep,44,-2.2222222222222223,-1.0,0.012424352898286549,0.9875756471017134,0.01347562251517054,0.9865243774848295
MANDYA,Mandya,1021.0,-20,LivestockCensus_2012_Sheep,730,-28.50146914789422,-291.0,0.14847685016405396,0.851523149835946,0.1507631602546857,0.8492368397453143
MYSURU,Mysuru,2170.0,-20,LivestockCensus_2012_Sheep,1908,-12.073732718894009,-262.0,0.006467371491068172,0.9935326285089319,0.004004125190565866,0.9959958748094342
CHAMARAJANAGAR,Chamarajanagara,8867.0,-20,LivestockCensus_2012_Sheep,7273,-17.976767790684562,-1594.0,0.09031474055170738,0.9096852594482926,0.08803993662750725,0.9119600633724927
BELAGAVI,Belagavi,39530.0,-20,LivestockCensus_2012_Sheep,36320,-8.12041487477865,-3210.0,0.2576536638716733,0.7423463361283267,0.29456730338086273,0.7054326966191373
VIJAYAPURA,Vijayapura,27528.0,-20,LivestockCensus_2012_Sheep,25928,-5.812263876780006,-1600.0,0.032545388261028096,0.967454611738972,0.06506681015155596,0.9349331898484441
BAGALKOT,Bagalkote,25444.0,-20,LivestockCensus_2012_Sheep,21006,-17.442226065084107,-4438.0,0.0819832300401021,0.9180167699598979,0.13275939377634294,0.8672406062236571
DHARAWAD,Dharwad,21178.0,-20,LivestockCensus_2012_Sheep,20518,-3.1164415903295875,-660.0,0.030200510390083868,0.9697994896099161,0.016823603264281284,0.9831763967357188
GADAG,Gadag,31332.0,-20,LivestockCensus_2012_Sheep,28217,-9.941912421805183,-3115.0,0.08125410134888805,0.9187458986511119,0.09886108869159715,0.9011389113084028
HAVERI,Haveri,18309.0,-20,LivestockCensus_2012_Sheep,17474,-4.560598612704134,-835.0,0.0189802614447164,0.9810197385552836,0.04364246640275693,0.9563575335972431
UTTARA KANNADA,Uttara Kannada,3825.0,-20,LivestockCensus_2012_Sheep,3813,-0.3137254901960784,-12.0,0.18596573095151295,0.8140342690484871,0.21205273069679853,0.7879472693032015
BALLARI,Ballari,22938.5,-20,LivestockCensus_2012_Sheep,18170,-20.788194520129913,-4768.5,0.11273787823550857,0.8872621217644914,0.15412326889324468,0.8458767311067553
BIDAR,Bidar,261.0,-20,LivestockCensus_2012_Sheep,243,-6.896551724137931,-18.0,0.04160408312067079,0.9583959168793292,0.050434938570531794,0.9495650614294682
KALABURAGI,Kalaburagi,3114.0,-20,LivestockCensus_2012_Sheep,3055,-1.8946692357096981,-59.0,0.24246931583424478,0.7575306841657552,0.26202732191432754,0.7379726780856725
YADGIRI,Yadgir,31435.0,-20,LivestockCensus_2012_Sheep,26822,-14.67472562430412,-4613.0,0.17841779074006564,0.8215822092599343,0.16252652975816811,0.8374734702418318
RAICHUR,Raichur,26958.0,-20,LivestockCensus_2012_Sheep,24298,-9.867200830922176,-2660.0,0.007400656215822088,0.9925993437841779,0.008203748542731537,0.9917962514572685
KOPPAL,Koppal,29982.0,-20,LivestockCensus_2012_Sheep,27277,-9.022079914615436,-2705.0,0.0592023332118119,0.9407976667881881,0.09514483006008428,0.9048551699399157
VIJAYANAGARA,Vijayanagara,22938.5,-20,LivestockCensus_2012_Sheep,18170,-20.788194520129913,-4768.5,0.12175841536031112,0.8782415846396889,0.1614922428481751,0.8385077571518249
