District,Original Maize Production Value,Perturbation,Factor,New Maize Production Values,Percentage Change,Change,Initial Stress,Initial Stability,Stress,Stability
BENGALURU,2879,10,TotalNPK,3894,35.2552969781174,1015,0.03982434326688501,0.960175656733115,0.04041898059895056,0.9595810194010495
BENGALURU(R),42583,10,TotalNPK,49619,16.523025620552804,7036,0.008581672125402659,0.9914183278745974,0.010181148935323195,0.9898188510646768
RAMANAGARA,10450,10,TotalNPK,10965,4.92822966507177,515,0.07660864232474762,0.9233913576752524,0.0783660920305799,0.9216339079694201
CHITRADURGA,271975,10,TotalNPK,297241,9.289824432392683,25266,0.14489911447171566,0.8551008855282843,0.13772647444760372,0.8622735255523963
DAVANAGERE,593544,10,TotalNPK,653109,10.035481783995795,59565,0.6682534628154498,0.33174653718455016,0.6692815951599707,0.33071840484002935
KOLAR,1759,10,TotalNPK,2270,29.050596930073908,511,0.12177361745717251,0.8782263825428275,0.12981447201003202,0.870185527989968
CHIKKABALLAPURA,105491,10,TotalNPK,124487,18.0072233650264,18996,0.11527536290485627,0.8847246370951437,0.1267476026206958,0.8732523973793043
SHIVAMOGGA,226532,10,TotalNPK,250699,10.668249960270513,24167,0.013504980254201882,0.9864950197457981,0.018422346040247506,0.9815776539597525
TUMAKURU,66868,10,TotalNPK,73232,9.517257881198779,6364,0.09076231681463982,0.9092376831853601,0.09522147145422892,0.9047785285457711
CHIKKAMAGALURU,61353,10,TotalNPK,76954,25.428259416817433,15601,0.2559670627379171,0.7440329372620829,0.2410986746250845,0.7589013253749155
DAKSHINA KANNADA,0,10,TotalNPK,0,,0,0.17408987370776222,0.8259101262922378,0.1792384578990643,0.8207615421009357
UDUPI,109,10,TotalNPK,113,3.669724770642202,4,0.13121899977086787,0.8687810002291321,0.13490933366405913,0.8650906663359409
HASSAN,333937,10,TotalNPK,366530,9.760224233912385,32593,0.47762227119359874,0.5223777288064013,0.4725461855014502,0.5274538144985498
KODAGU,17921,10,TotalNPK,24652,37.559287986161486,6731,0.23437071781255195,0.7656292821874481,0.2261046777796662,0.7738953222203337
MANDYA,19387,10,TotalNPK,22158,14.293082993758704,2771,0.2019597536155702,0.7980402463844298,0.1997234764794238,0.8002765235205762
MYSURU,137154,10,TotalNPK,150439,9.686192163553379,13285,0.012419045597293538,0.9875809544027064,0.010176708635158904,0.989823291364841
CHAMARAJANAGAR,147886,10,TotalNPK,161830,9.428884410965203,13944,0.15537573176265507,0.8446242682373449,0.15409781011541207,0.845902189884588
BELAGAVI,576758,10,TotalNPK,631048,9.412960028296096,54290,0.7253265132829243,0.2746734867170757,0.7263173528461558,0.27368264715384416
VIJAYAPURA,226327,10,TotalNPK,238042,5.176138949396228,11715,0.09608756890811804,0.903912431091882,0.08021815654048553,0.9197818434595144
BAGALKOT,251699,10,TotalNPK,277490,10.246762998661099,25791,0.04244302023101909,0.9575569797689809,0.0508735907788746,0.9491264092211253
DHARAWAD,90634,10,TotalNPK,97883,7.998102257430986,7249,0.33286201191487064,0.6671379880851294,0.32438612850228676,0.6756138714977132
GADAG,138476,10,TotalNPK,144762,4.5394147722349,6286,0.18330281447421884,0.8166971855257812,0.19047750288017998,0.80952249711982
HAVERI,413487,10,TotalNPK,437919,5.908771013357131,24432,0.38823575000336963,0.6117642499966304,0.3632255215329404,0.6367744784670596
UTTARA KANNADA,24088,10,TotalNPK,25241,4.786615742278313,1153,0.3999973043279016,0.6000026956720984,0.3954797744327516,0.6045202255672484
BALLARI,104045,10,TotalNPK,116579,12.046710557931664,12534,0.23687905674582324,0.7631209432541768,0.22770756051877578,0.7722924394812243
BIDAR,2791,10,TotalNPK,3162,13.292726621282695,371,0.019931125577884706,0.9800688744221153,0.019166785329860714,0.9808332146701393
KALABURAGI,14621,10,TotalNPK,15680,7.243006634293141,1059,0.1055400554409895,0.8944599445590105,0.1007417342791683,0.8992582657208317
YADGIRI,2673,10,TotalNPK,3222,20.53872053872054,549,0.13121857857210248,0.8687814214278975,0.12497658634827165,0.8750234136517283
RAICHUR,723,10,TotalNPK,814,12.586445366528354,91,0.25992377987141646,0.7400762201285835,0.2565933098456766,0.7434066901543235
KOPPAL,190252,10,TotalNPK,206654,8.621197149044425,16402,0.11870122518296872,0.8812987748170313,0.11546189074105548,0.8845381092589445
VIJAYANAGARA,104045,10,TotalNPK,116579,12.046710557931664,12534,0.3053716320946721,0.6946283679053279,0.29520085212932806,0.7047991478706719
BENGALURU,2879,10,SowingSeedsDistributed_Maize,2911,1.1114970475859673,32,0.03982434326688501,0.960175656733115,0.03923951704727881,0.9607604829527212
BENGALURU(R),42583,10,SowingSeedsDistributed_Maize,43571,2.320174717610314,988,0.008581672125402659,0.9914183278745974,0.003103577352154857,0.9968964226478452
RAMANAGARA,10450,10,SowingSeedsDistributed_Maize,12359,18.267942583732058,1909,0.07660864232474762,0.9233913576752524,0.07553238975142876,0.9244676102485713
CHITRADURGA,271975,10,SowingSeedsDistributed_Maize,308697,13.501976284584979,36722,0.14489911447171566,0.8551008855282843,0.1647386250976916,0.8352613749023083
DAVANAGERE,593544,10,SowingSeedsDistributed_Maize,638489,7.572311404040813,44945,0.6682534628154498,0.33174653718455016,0.6541535301835009,0.34584646981649914
KOLAR,1759,10,SowingSeedsDistributed_Maize,2136,21.43263217737351,377,0.12177361745717251,0.8782263825428275,0.13371726059493586,0.8662827394050642
CHIKKABALLAPURA,105491,10,SowingSeedsDistributed_Maize,131455,24.61252618706809,25964,0.11527536290485627,0.8847246370951437,0.14083040845913816,0.8591695915408618
SHIVAMOGGA,226532,10,SowingSeedsDistributed_Maize,254521,12.355428813589251,27989,0.013504980254201882,0.9864950197457981,0.022011655643245198,0.9779883443567547
TUMAKURU,66868,10,SowingSeedsDistributed_Maize,78902,17.996650116647725,12034,0.09076231681463982,0.9092376831853601,0.09039936475021497,0.9096006352497851
CHIKKAMAGALURU,61353,10,SowingSeedsDistributed_Maize,71895,17.18253386142487,10542,0.2559670627379171,0.7440329372620829,0.2558659137879767,0.7441340862120234
DAKSHINA KANNADA,0,10,SowingSeedsDistributed_Maize,0,,0,0.17408987370776222,0.8259101262922378,0.17891185282753502,0.8210881471724649
UDUPI,109,10,SowingSeedsDistributed_Maize,109,0.0,0,0.13121899977086787,0.8687810002291321,0.13950866812114224,0.8604913318788577
HASSAN,333937,10,SowingSeedsDistributed_Maize,366120,9.637446584235947,32183,0.47762227119359874,0.5223777288064013,0.4860530095271806,0.5139469904728193
KODAGU,17921,10,SowingSeedsDistributed_Maize,18809,4.955080631661179,888,0.23437071781255195,0.7656292821874481,0.2362452602942259,0.7637547397057741
MANDYA,19387,10,SowingSeedsDistributed_Maize,22250,14.76762779181926,2863,0.2019597536155702,0.7980402463844298,0.20180519946310743,0.7981948005368926
MYSURU,137154,10,SowingSeedsDistributed_Maize,142827,4.136226431602432,5673,0.012419045597293538,0.9875809544027064,0.0034593391585446,0.9965406608414554
CHAMARAJANAGAR,147886,10,SowingSeedsDistributed_Maize,155294,5.009263892457704,7408,0.15537573176265507,0.8446242682373449,0.15058782009817973,0.8494121799018203
BELAGAVI,576758,10,SowingSeedsDistributed_Maize,627159,8.738673759184962,50401,0.7253265132829243,0.2746734867170757,0.7314030468809957,0.26859695311900433
VIJAYAPURA,226327,10,SowingSeedsDistributed_Maize,237705,5.0272393483764635,11378,0.09608756890811804,0.903912431091882,0.08361490957557605,0.916385090424424
BAGALKOT,251699,10,SowingSeedsDistributed_Maize,275781,9.567777384892272,24082,0.04244302023101909,0.9575569797689809,0.04649101237452796,0.9535089876254721
DHARAWAD,90634,10,SowingSeedsDistributed_Maize,101115,11.564092945252334,10481,0.33286201191487064,0.6671379880851294,0.34082458742437227,0.6591754125756277
GADAG,138476,10,SowingSeedsDistributed_Maize,155911,12.590629423149139,17435,0.18330281447421884,0.8166971855257812,0.18154849071121718,0.8184515092887829
HAVERI,413487,10,SowingSeedsDistributed_Maize,461522,11.617052047585535,48035,0.38823575000336963,0.6117642499966304,0.4076631368299667,0.5923368631700333
UTTARA KANNADA,24088,10,SowingSeedsDistributed_Maize,30319,25.86765194287612,6231,0.3999973043279016,0.6000026956720984,0.4049657864113556,0.5950342135886444
BALLARI,104045,10,SowingSeedsDistributed_Maize,114140,9.702532558027777,10095,0.23687905674582324,0.7631209432541768,0.2437650229123536,0.7562349770876464
BIDAR,2791,10,SowingSeedsDistributed_Maize,2877,3.081332855607309,86,0.019931125577884706,0.9800688744221153,0.01930495278697049,0.9806950472130295
KALABURAGI,14621,10,SowingSeedsDistributed_Maize,15203,3.9805758840024623,582,0.1055400554409895,0.8944599445590105,0.10318423653344067,0.8968157634665593
YADGIRI,2673,10,SowingSeedsDistributed_Maize,2673,0.0,0,0.13121857857210248,0.8687814214278975,0.12825175270573702,0.871748247294263
RAICHUR,723,10,SowingSeedsDistributed_Maize,773,6.915629322268327,50,0.25992377987141646,0.7400762201285835,0.2616712269122882,0.7383287730877117
KOPPAL,190252,10,SowingSeedsDistributed_Maize,208937,9.82118453419675,18685,0.11870122518296872,0.8812987748170313,0.12026518859369542,0.8797348114063046
VIJAYANAGARA,104045,10,SowingSeedsDistributed_Maize,114140,9.702532558027777,10095,0.3053716320946721,0.6946283679053279,0.3139850490768048,0.6860149509231952
BENGALURU,2879,10,LivestockCensus_2012_Cattle,3812,32.407085793678355,933,0.03982434326688501,0.960175656733115,0.04485876289789205,0.955141237102108
BENGALURU(R),42583,10,LivestockCensus_2012_Cattle,51689,21.38412042364324,9106,0.008581672125402659,0.9914183278745974,0.008366081810939952,0.9916339181890601
RAMANAGARA,10450,10,LivestockCensus_2012_Cattle,13261,26.89952153110048,2811,0.07660864232474762,0.9233913576752524,0.08025153334867074,0.9197484666513293
CHITRADURGA,271975,10,LivestockCensus_2012_Cattle,302461,11.209118485154885,30486,0.14489911447171566,0.8551008855282843,0.15826411940634877,0.8417358805936512
DAVANAGERE,593544,10,LivestockCensus_2012_Cattle,624698,5.248810534686561,31154,0.6682534628154498,0.33174653718455016,0.6336046592306364,0.36639534076936364
KOLAR,1759,10,LivestockCensus_2012_Cattle,2587,47.072200113700966,828,0.12177361745717251,0.8782263825428275,0.13921350442358765,0.8607864955764124
CHIKKABALLAPURA,105491,10,LivestockCensus_2012_Cattle,131389,24.54996160809927,25898,0.11527536290485627,0.8847246370951437,0.13523151908593273,0.8647684809140672
SHIVAMOGGA,226532,10,LivestockCensus_2012_Cattle,264619,16.8130771811488,38087,0.013504980254201882,0.9864950197457981,0.04524344991321849,0.9547565500867815
TUMAKURU,66868,10,LivestockCensus_2012_Cattle,80668,20.63767422384399,13800,0.09076231681463982,0.9092376831853601,0.08765480209277252,0.9123451979072275
CHIKKAMAGALURU,61353,10,LivestockCensus_2012_Cattle,70112,14.276400502012942,8759,0.2559670627379171,0.7440329372620829,0.25674046280937785,0.7432595371906221
DAKSHINA KANNADA,0,10,LivestockCensus_2012_Cattle,0,,0,0.17408987370776222,0.8259101262922378,0.17854806474886575,0.8214519352511342
UDUPI,109,10,LivestockCensus_2012_Cattle,129,18.34862385321101,20,0.13121899977086787,0.8687810002291321,0.1436421784741166,0.8563578215258834
HASSAN,333937,10,LivestockCensus_2012_Cattle,366539,9.762919353051624,32602,0.47762227119359874,0.5223777288064013,0.4844244536573176,0.5155755463426823
KODAGU,17921,10,LivestockCensus_2012_Cattle,19561,9.151275040455332,1640,0.23437071781255195,0.7656292821874481,0.23908501457835457,0.7609149854216455
MANDYA,19387,10,LivestockCensus_2012_Cattle,21281,9.769433125290144,1894,0.2019597536155702,0.7980402463844298,0.20963658188840945,0.7903634181115906
MYSURU,137154,10,LivestockCensus_2012_Cattle,150442,9.688379485833442,13288,0.012419045597293538,0.9875809544027064,0.011402886874159773,0.9885971131258402
CHAMARAJANAGAR,147886,10,LivestockCensus_2012_Cattle,165243,11.736743167034067,17357,0.15537573176265507,0.8446242682373449,0.16210952885491708,0.837890471145083
BELAGAVI,576758,10,LivestockCensus_2012_Cattle,638961,10.784939263954726,62203,0.7253265132829243,0.2746734867170757,0.7448695616790383,0.2551304383209617
VIJAYAPURA,226327,10,LivestockCensus_2012_Cattle,245342,8.401560573859946,19015,0.09608756890811804,0.903912431091882,0.08911342006789141,0.9108865799321086
BAGALKOT,251699,10,LivestockCensus_2012_Cattle,281257,11.743391908589228,29558,0.04244302023101909,0.9575569797689809,0.05003372662807276,0.9499662733719272
DHARAWAD,90634,10,LivestockCensus_2012_Cattle,103706,14.422843524505153,13072,0.33286201191487064,0.6671379880851294,0.3363366465245923,0.6636633534754077
GADAG,138476,10,LivestockCensus_2012_Cattle,151875,9.676044946416708,13399,0.18330281447421884,0.8166971855257812,0.19052068234882213,0.8094793176511779
HAVERI,413487,10,LivestockCensus_2012_Cattle,450700,8.9997992681753,37213,0.38823575000336963,0.6117642499966304,0.3903403896549018,0.6096596103450982
UTTARA KANNADA,24088,10,LivestockCensus_2012_Cattle,32912,36.632348057123885,8824,0.3999973043279016,0.6000026956720984,0.40489325639593027,0.5951067436040698
BALLARI,104045,10,LivestockCensus_2012_Cattle,115602,11.107693786342448,11557,0.23687905674582324,0.7631209432541768,0.23394698580977563,0.7660530141902244
BIDAR,2791,10,LivestockCensus_2012_Cattle,3960,41.88462916517377,1169,0.019931125577884706,0.9800688744221153,0.021483314318088274,0.9785166856819117
KALABURAGI,14621,10,LivestockCensus_2012_Cattle,17687,20.969837904384107,3066,0.1055400554409895,0.8944599445590105,0.10409138168578885,0.8959086183142111
YADGIRI,2673,10,LivestockCensus_2012_Cattle,3290,23.082678638234196,617,0.13121857857210248,0.8687814214278975,0.13249321946096865,0.8675067805390313
RAICHUR,723,10,LivestockCensus_2012_Cattle,815,12.72475795297372,92,0.25992377987141646,0.7400762201285835,0.2663261138003728,0.7336738861996273
KOPPAL,190252,10,LivestockCensus_2012_Cattle,209444,10.087673191346216,19192,0.11870122518296872,0.8812987748170313,0.11959071054414902,0.880409289455851
VIJAYANAGARA,104045,10,LivestockCensus_2012_Cattle,115602,11.107693786342448,11557,0.3053716320946721,0.6946283679053279,0.3028792054601142,0.6971207945398858
BENGALURU,2879,10,AreaUnderCereals_Maize,3252,12.955887460923933,373,0.03982434326688501,0.960175656733115,0.04002399765247036,0.9599760023475297
BENGALURU(R),42583,10,AreaUnderCereals_Maize,47500,11.546861423572787,4917,0.008581672125402659,0.9914183278745974,0.0065039476291947895,0.9934960523708052
RAMANAGARA,10450,10,AreaUnderCereals_Maize,11107,6.287081339712919,657,0.07660864232474762,0.9233913576752524,0.07841240626397111,0.9215875937360289
CHITRADURGA,271975,10,AreaUnderCereals_Maize,302468,11.211692251126022,30493,0.14489911447171566,0.8551008855282843,0.1474746388445483,0.8525253611554517
DAVANAGERE,593544,10,AreaUnderCereals_Maize,650897,9.662805116385643,57353,0.6682534628154498,0.33174653718455016,0.6643301474734098,0.3356698525265902
KOLAR,1759,10,AreaUnderCereals_Maize,1970,11.995451961341672,211,0.12177361745717251,0.8782263825428275,0.1295827143157827,0.8704172856842173
CHIKKABALLAPURA,105491,10,AreaUnderCereals_Maize,125130,18.61675403588932,19639,0.11527536290485627,0.8847246370951437,0.1285641199759716,0.8714358800240284
SHIVAMOGGA,226532,10,AreaUnderCereals_Maize,241028,6.399095933466353,14496,0.013504980254201882,0.9864950197457981,0.0012235422808831165,0.9987764577191169
TUMAKURU,66868,10,AreaUnderCereals_Maize,74874,11.972842017108333,8006,0.09076231681463982,0.9092376831853601,0.09257488402268606,0.9074251159773139
CHIKKAMAGALURU,61353,10,AreaUnderCereals_Maize,71949,17.270549117402574,10596,0.2559670627379171,0.7440329372620829,0.24847117571158397,0.751528824288416
DAKSHINA KANNADA,0,10,AreaUnderCereals_Maize,0,,0,0.17408987370776222,0.8259101262922378,0.17582044470937797,0.824179555290622
UDUPI,109,10,AreaUnderCereals_Maize,112,2.7522935779816518,3,0.13121899977086787,0.8687810002291321,0.12977667741593524,0.8702233225840648
HASSAN,333937,10,AreaUnderCereals_Maize,366368,9.711712089406085,32431,0.47762227119359874,0.5223777288064013,0.4758072321734468,0.5241927678265532
KODAGU,17921,10,AreaUnderCereals_Maize,19335,7.890184699514537,1414,0.23437071781255195,0.7656292821874481,0.2359876703482527,0.7640123296517474
MANDYA,19387,10,AreaUnderCereals_Maize,21393,10.347139835972559,2006,0.2019597536155702,0.7980402463844298,0.20327025627710682,0.7967297437228932
MYSURU,137154,10,AreaUnderCereals_Maize,152448,11.150968983770069,15294,0.012419045597293538,0.9875809544027064,0.014974719502471229,0.9850252804975288
CHAMARAJANAGAR,147886,10,AreaUnderCereals_Maize,163708,10.698781493853375,15822,0.15537573176265507,0.8446242682373449,0.15679695353745166,0.8432030464625484
BELAGAVI,576758,10,AreaUnderCereals_Maize,613119,6.3043772258035435,36361,0.7253265132829243,0.2746734867170757,0.7041482753799757,0.2958517246200243
VIJAYAPURA,226327,10,AreaUnderCereals_Maize,237473,4.924732798119535,11146,0.09608756890811804,0.903912431091882,0.08929216143260765,0.9107078385673923
BAGALKOT,251699,10,AreaUnderCereals_Maize,263980,4.879240680336434,12281,0.04244302023101909,0.9575569797689809,0.03590399095402197,0.964096009045978
DHARAWAD,90634,10,AreaUnderCereals_Maize,99200,9.451199329170068,8566,0.33286201191487064,0.6671379880851294,0.3266373174250304,0.6733626825749697
GADAG,138476,10,AreaUnderCereals_Maize,147946,6.838730177070394,9470,0.18330281447421884,0.8166971855257812,0.18419613899851175,0.8158038610014883
HAVERI,413487,10,AreaUnderCereals_Maize,460808,11.444374309228584,47321,0.38823575000336963,0.6117642499966304,0.40088919049952826,0.5991108095004718
UTTARA KANNADA,24088,10,AreaUnderCereals_Maize,25356,5.264031883095317,1268,0.3999973043279016,0.6000026956720984,0.3956039127542453,0.6043960872457548
BALLARI,104045,10,AreaUnderCereals_Maize,117333,12.77139699168629,13288,0.23687905674582324,0.7631209432541768,0.23322408482887025,0.7667759151711298
BIDAR,2791,10,AreaUnderCereals_Maize,3159,13.185238265854531,368,0.019931125577884706,0.9800688744221153,0.018686520294301553,0.9813134797056985
KALABURAGI,14621,10,AreaUnderCereals_Maize,15322,4.794473702209151,701,0.1055400554409895,0.8944599445590105,0.10119112547761012,0.8988088745223899
YADGIRI,2673,10,AreaUnderCereals_Maize,2929,9.577254021698465,256,0.13121857857210248,0.8687814214278975,0.12568450410228757,0.8743154958977124
RAICHUR,723,10,AreaUnderCereals_Maize,1415,95.71230982019364,692,0.25992377987141646,0.7400762201285835,0.25126494668127214,0.7487350533187278
KOPPAL,190252,10,AreaUnderCereals_Maize,203098,6.752097218426087,12846,0.11870122518296872,0.8812987748170313,0.1129158684092875,0.8870841315907125
VIJAYANAGARA,104045,10,AreaUnderCereals_Maize,117333,12.77139699168629,13288,0.3053716320946721,0.6946283679053279,0.30177636912343014,0.6982236308765699
BENGALURU,2879,10,NetAreaIrrigatedUnderDifferentSources_TubeWells_NetIrrigatedArea,3125,8.544633553317125,246,0.03982434326688501,0.960175656733115,0.04202254236743094,0.957977457632569
BENGALURU(R),42583,10,NetAreaIrrigatedUnderDifferentSources_TubeWells_NetIrrigatedArea,47074,10.546462203226639,4491,0.008581672125402659,0.9914183278745974,0.003637649934077253,0.9963623500659228
RAMANAGARA,10450,10,NetAreaIrrigatedUnderDifferentSources_TubeWells_NetIrrigatedArea,11447,9.54066985645933,997,0.07660864232474762,0.9233913576752524,0.08416760459208283,0.9158323954079172
CHITRADURGA,271975,10,NetAreaIrrigatedUnderDifferentSources_TubeWells_NetIrrigatedArea,311457,14.51677543891902,39482,0.14489911447171566,0.8551008855282843,0.1783290992700261,0.8216709007299738
DAVANAGERE,593544,10,NetAreaIrrigatedUnderDifferentSources_TubeWells_NetIrrigatedArea,621940,4.784144056716941,28396,0.6682534628154498,0.33174653718455016,0.6558502427886934,0.3441497572113066
KOLAR,1759,10,NetAreaIrrigatedUnderDifferentSources_TubeWells_NetIrrigatedArea,2040,15.974985787379193,281,0.12177361745717251,0.8782263825428275,0.1358153519632119,0.8641846480367881
CHIKKABALLAPURA,105491,10,NetAreaIrrigatedUnderDifferentSources_TubeWells_NetIrrigatedArea,125944,19.388383843171457,20453,0.11527536290485627,0.8847246370951437,0.13249723981948958,0.8675027601805104
SHIVAMOGGA,226532,10,NetAreaIrrigatedUnderDifferentSources_TubeWells_NetIrrigatedArea,234902,3.694842229795349,8370,0.013504980254201882,0.9864950197457981,0.007467601376338506,0.9925323986236615
TUMAKURU,66868,10,NetAreaIrrigatedUnderDifferentSources_TubeWells_NetIrrigatedArea,81502,21.884907579111086,14634,0.09076231681463982,0.9092376831853601,0.08121155462860452,0.9187884453713955
CHIKKAMAGALURU,61353,10,NetAreaIrrigatedUnderDifferentSources_TubeWells_NetIrrigatedArea,65885,7.386761853536095,4532,0.2559670627379171,0.7440329372620829,0.2597963055692097,0.7402036944307904
DAKSHINA KANNADA,0,10,NetAreaIrrigatedUnderDifferentSources_TubeWells_NetIrrigatedArea,0,,0,0.17408987370776222,0.8259101262922378,0.17134168890889795,0.8286583110911021
UDUPI,109,10,NetAreaIrrigatedUnderDifferentSources_TubeWells_NetIrrigatedArea,109,0.0,0,0.13121899977086787,0.8687810002291321,0.1306854358941377,0.8693145641058623
HASSAN,333937,10,NetAreaIrrigatedUnderDifferentSources_TubeWells_NetIrrigatedArea,342329,2.513048868499148,8392,0.47762227119359874,0.5223777288064013,0.46316338124792317,0.5368366187520768
KODAGU,17921,10,NetAreaIrrigatedUnderDifferentSources_TubeWells_NetIrrigatedArea,17934,0.07254059483287763,13,0.23437071781255195,0.7656292821874481,0.22986247333612034,0.7701375266638797
MANDYA,19387,10,NetAreaIrrigatedUnderDifferentSources_TubeWells_NetIrrigatedArea,19939,2.847268788363336,552,0.2019597536155702,0.7980402463844298,0.20685886098337464,0.7931411390166254
MYSURU,137154,10,NetAreaIrrigatedUnderDifferentSources_TubeWells_NetIrrigatedArea,140355,2.3338728728290827,3201,0.012419045597293538,0.9875809544027064,0.005582130109013733,0.9944178698909862
CHAMARAJANAGAR,147886,10,NetAreaIrrigatedUnderDifferentSources_TubeWells_NetIrrigatedArea,167331,13.148641521171713,19445,0.15537573176265507,0.8446242682373449,0.177000996880728,0.822999003119272
BELAGAVI,576758,10,NetAreaIrrigatedUnderDifferentSources_TubeWells_NetIrrigatedArea,621420,7.743629043723711,44662,0.7253265132829243,0.2746734867170757,0.7380580120268836,0.2619419879731164
VIJAYAPURA,226327,10,NetAreaIrrigatedUnderDifferentSources_TubeWells_NetIrrigatedArea,252318,11.483826498826918,25991,0.09608756890811804,0.903912431091882,0.10665530437019655,0.8933446956298035
BAGALKOT,251699,10,NetAreaIrrigatedUnderDifferentSources_TubeWells_NetIrrigatedArea,289569,15.045749089189867,37870,0.04244302023101909,0.9575569797689809,0.06993279094446403,0.930067209055536
DHARAWAD,90634,10,NetAreaIrrigatedUnderDifferentSources_TubeWells_NetIrrigatedArea,94912,4.720082971070459,4278,0.33286201191487064,0.6671379880851294,0.3438937035726919,0.6561062964273081
GADAG,138476,10,NetAreaIrrigatedUnderDifferentSources_TubeWells_NetIrrigatedArea,150399,8.610156272567087,11923,0.18330281447421884,0.8166971855257812,0.19078666293027813,0.8092133370697219
HAVERI,413487,10,NetAreaIrrigatedUnderDifferentSources_TubeWells_NetIrrigatedArea,438591,6.071291237693083,25104,0.38823575000336963,0.6117642499966304,0.39273724153455325,0.6072627584654468
UTTARA KANNADA,24088,10,NetAreaIrrigatedUnderDifferentSources_TubeWells_NetIrrigatedArea,24763,2.8022251743606774,675,0.3999973043279016,0.6000026956720984,0.4071514937132199,0.5928485062867801
BALLARI,104045,10,NetAreaIrrigatedUnderDifferentSources_TubeWells_NetIrrigatedArea,116704,12.166850881829976,12659,0.23687905674582324,0.7631209432541768,0.23621961695891658,0.7637803830410834
BIDAR,2791,10,NetAreaIrrigatedUnderDifferentSources_TubeWells_NetIrrigatedArea,3039,8.885704048728055,248,0.019931125577884706,0.9800688744221153,0.01989580988519793,0.9801041901148021
KALABURAGI,14621,10,NetAreaIrrigatedUnderDifferentSources_TubeWells_NetIrrigatedArea,15413,5.416866151426031,792,0.1055400554409895,0.8944599445590105,0.11356936896378,0.88643063103622
YADGIRI,2673,10,NetAreaIrrigatedUnderDifferentSources_TubeWells_NetIrrigatedArea,2782,4.077815188926301,109,0.13121857857210248,0.8687814214278975,0.13941591364654685,0.8605840863534532
RAICHUR,723,10,NetAreaIrrigatedUnderDifferentSources_TubeWells_NetIrrigatedArea,740,2.351313969571231,17,0.25992377987141646,0.7400762201285835,0.27757372093771104,0.722426279062289
KOPPAL,190252,10,NetAreaIrrigatedUnderDifferentSources_TubeWells_NetIrrigatedArea,205498,8.013581985997519,15246,0.11870122518296872,0.8812987748170313,0.11363604206193523,0.8863639579380648
VIJAYANAGARA,104045,10,NetAreaIrrigatedUnderDifferentSources_TubeWells_NetIrrigatedArea,116704,12.166850881829976,12659,0.3053716320946721,0.6946283679053279,0.30666543396469115,0.6933345660353089
BENGALURU,2879,-10,TotalNPK,1863,-35.29003126085446,-1016,0.03982434326688501,0.960175656733115,0.03909711636059913,0.9609028836394009
BENGALURU(R),42583,-10,TotalNPK,35546,-16.52537397553014,-7037,0.008581672125402659,0.9914183278745974,0.006625366588136596,0.9933746334118634
RAMANAGARA,10450,-10,TotalNPK,9934,-4.937799043062201,-516,0.07660864232474762,0.9233913576752524,0.07445924738472372,0.9255407526152762
CHITRADURGA,271975,-10,TotalNPK,246708,-9.290192113245704,-25267,0.14489911447171566,0.8551008855282843,0.15367224866942086,0.8463277513305791
DAVANAGERE,593544,-10,TotalNPK,533978,-10.035650263501948,-59566,0.6682534628154498,0.33174653718455016,0.6669972046289048,0.33300279537109523
KOLAR,1759,-10,TotalNPK,1247,-29.10744741330301,-512,0.12177361745717251,0.8782263825428275,0.11193906865076839,0.8880609313492316
CHIKKABALLAPURA,105491,-10,TotalNPK,86494,-18.008171313192594,-18997,0.11527536290485627,0.8847246370951437,0.10124387147036021,0.8987561285296398
SHIVAMOGGA,226532,-10,TotalNPK,202364,-10.668691399007646,-24168,0.013504980254201882,0.9864950197457981,0.007490570772578642,0.9925094292274214
TUMAKURU,66868,-10,TotalNPK,60503,-9.518753364838188,-6365,0.09076231681463982,0.9092376831853601,0.08530849050495927,0.9146915094950407
CHIKKAMAGALURU,61353,-10,TotalNPK,45751,-25.429889328965167,-15602,0.2559670627379171,0.7440329372620829,0.2741533492819127,0.7258466507180873
DAKSHINA KANNADA,0,-10,TotalNPK,0,,0,0.17408987370776222,0.8259101262922378,0.16779108877144752,0.8322089112285525
UDUPI,109,-10,TotalNPK,104,-4.587155963302752,-5,0.13121899977086787,0.8687810002291321,0.1267060627965946,0.8732939372034054
HASSAN,333937,-10,TotalNPK,301343,-9.760523691594521,-32594,0.47762227119359874,0.5223777288064013,0.4838314187725587,0.5161685812274412
KODAGU,17921,-10,TotalNPK,11189,-37.56486803191786,-6732,0.23437071781255195,0.7656292821874481,0.24448198240376948,0.7555180175962305
MANDYA,19387,-10,TotalNPK,16615,-14.298241089389796,-2772,0.2019597536155702,0.7980402463844298,0.20469532452647865,0.7953046754735213
MYSURU,137154,-10,TotalNPK,123868,-9.686921270980067,-13286,0.012419045597293538,0.9875809544027064,0.015161673327365566,0.9848383266726344
CHAMARAJANAGAR,147886,-10,TotalNPK,133941,-9.429560607494961,-13945,0.15537573176265507,0.8446242682373449,0.15693904992340507,0.8430609500765949
BELAGAVI,576758,-10,TotalNPK,522467,-9.41313341124007,-54291,0.7253265132829243,0.2746734867170757,0.7241159748154418,0.27588402518455823
VIJAYAPURA,226327,-10,TotalNPK,214611,-5.176580787974921,-11716,0.09608756890811804,0.903912431091882,0.11549764222496056,0.8845023577750395
BAGALKOT,251699,-10,TotalNPK,225907,-10.247160298610643,-25792,0.04244302023101909,0.9575569797689809,0.03213166085494157,0.9678683391450584
DHARAWAD,90634,-10,TotalNPK,83384,-7.999205596133901,-7250,0.33286201191487064,0.6671379880851294,0.3432294963462914,0.6567705036537086
GADAG,138476,-10,TotalNPK,132189,-4.540136919032902,-6287,0.18330281447421884,0.8166971855257812,0.1745277895344002,0.8254722104655998
HAVERI,413487,-10,TotalNPK,389054,-5.909012858929059,-24433,0.38823575000336963,0.6117642499966304,0.41882651131159493,0.581173488688405
UTTARA KANNADA,24088,-10,TotalNPK,22934,-4.7907671869810695,-1154,0.3999973043279016,0.6000026956720984,0.40552344853158745,0.5944765514684125
BALLARI,104045,-10,TotalNPK,91510,-12.04767168052285,-12535,0.23687905674582324,0.7631209432541768,0.24809716612187876,0.7519028338781213
BIDAR,2791,-10,TotalNPK,2419,-13.328556073092082,-372,0.019931125577884706,0.9800688744221153,0.020866028188427237,0.9791339718115728
KALABURAGI,14621,-10,TotalNPK,13561,-7.249846111757062,-1060,0.1055400554409895,0.8944599445590105,0.11140908426938936,0.8885909157306107
YADGIRI,2673,-10,TotalNPK,2123,-20.5761316872428,-550,0.13121857857210248,0.8687814214278975,0.13885341093952686,0.8611465890604731
RAICHUR,723,-10,TotalNPK,631,-12.72475795297372,-92,0.25992377987141646,0.7400762201285835,0.2639977676982947,0.7360022323017053
KOPPAL,190252,-10,TotalNPK,173849,-8.62172276769758,-16403,0.11870122518296872,0.8812987748170313,0.12266348051792397,0.877336519482076
VIJAYANAGARA,104045,-10,TotalNPK,91510,-12.04767168052285,-12535,0.3053716320946721,0.6946283679053279,0.31781209463061527,0.6821879053693847
BENGALURU,2879,-10,SowingSeedsDistributed_Maize,2846,-1.1462313303230287,-33,0.03982434326688501,0.960175656733115,0.04050506928570648,0.9594949307142935
BENGALURU(R),42583,-10,SowingSeedsDistributed_Maize,41594,-2.3225230725876527,-989,0.008581672125402659,0.9914183278745974,0.0221816339104408,0.9778183660895592
RAMANAGARA,10450,-10,SowingSeedsDistributed_Maize,8540,-18.277511961722485,-1910,0.07660864232474762,0.9233913576752524,0.07786138483917185,0.9221386151608282
CHITRADURGA,271975,-10,SowingSeedsDistributed_Maize,235252,-13.502343965438,-36723,0.14489911447171566,0.8551008855282843,0.12180904779091423,0.8781909522090858
DAVANAGERE,593544,-10,SowingSeedsDistributed_Maize,548598,-7.572479883546965,-44946,0.6682534628154498,0.33174653718455016,0.6846649702210605,0.31533502977893946
KOLAR,1759,-10,SowingSeedsDistributed_Maize,1381,-21.489482660602615,-378,0.12177361745717251,0.8782263825428275,0.10787316031046414,0.8921268396895359
CHIKKABALLAPURA,105491,-10,SowingSeedsDistributed_Maize,79526,-24.613474135234288,-25965,0.11527536290485627,0.8847246370951437,0.08553318337531915,0.9144668166246809
SHIVAMOGGA,226532,-10,SowingSeedsDistributed_Maize,198542,-12.355870252326383,-27990,0.013504980254201882,0.9864950197457981,0.0036040962599207527,0.9963959037400792
TUMAKURU,66868,-10,SowingSeedsDistributed_Maize,54833,-17.99814560028713,-12035,0.09076231681463982,0.9092376831853601,0.09118490614777511,0.9088150938522249
CHIKKAMAGALURU,61353,-10,SowingSeedsDistributed_Maize,50810,-17.184163773572607,-10543,0.2559670627379171,0.7440329372620829,0.2560857729287071,0.7439142270712928
DAKSHINA KANNADA,0,-10,SowingSeedsDistributed_Maize,0,,0,0.17408987370776222,0.8259101262922378,0.16847673524147008,0.8315232647585299
UDUPI,109,-10,SowingSeedsDistributed_Maize,109,0.0,0,0.13121899977086787,0.8687810002291321,0.12156989270832194,0.878430107291678
HASSAN,333937,-10,SowingSeedsDistributed_Maize,301753,-9.637746041918087,-32184,0.47762227119359874,0.5223777288064013,0.4678106737538234,0.5321893262461765
KODAGU,17921,-10,SowingSeedsDistributed_Maize,17032,-4.960660677417555,-889,0.23437071781255195,0.7656292821874481,0.232190055377526,0.767809944622474
MANDYA,19387,-10,SowingSeedsDistributed_Maize,16523,-14.772785887450354,-2864,0.2019597536155702,0.7980402463844298,0.20214000051039197,0.7978599994896081
MYSURU,137154,-10,SowingSeedsDistributed_Maize,131480,-4.13695553902912,-5674,0.012419045597293538,0.9875809544027064,0.022846875125319466,0.9771531248746805
CHAMARAJANAGAR,147886,-10,SowingSeedsDistributed_Maize,140477,-5.009940088987463,-7409,0.15537573176265507,0.8446242682373449,0.1609484540592565,0.8390515459407435
BELAGAVI,576758,-10,SowingSeedsDistributed_Maize,526356,-8.738847142128934,-50402,0.7253265132829243,0.2746734867170757,0.7182556261597746,0.28174437384022544
VIJAYAPURA,226327,-10,SowingSeedsDistributed_Maize,214948,-5.027681186955158,-11379,0.09608756890811804,0.903912431091882,0.11060375721384319,0.8893962427861568
BAGALKOT,251699,-10,SowingSeedsDistributed_Maize,227616,-9.568174684841816,-24083,0.04244302023101909,0.9575569797689809,0.03773181819838933,0.9622681818016107
DHARAWAD,90634,-10,SowingSeedsDistributed_Maize,80152,-11.565196283955249,-10482,0.33286201191487064,0.6671379880851294,0.3235953284554446,0.6764046715445554
GADAG,138476,-10,SowingSeedsDistributed_Maize,121040,-12.59135156994714,-17436,0.18330281447421884,0.8166971855257812,0.18534492860502075,0.8146550713949793
HAVERI,413487,-10,SowingSeedsDistributed_Maize,365451,-11.617293893157463,-48036,0.38823575000336963,0.6117642499966304,0.36562577958463466,0.6343742204153653
UTTARA KANNADA,24088,-10,SowingSeedsDistributed_Maize,17856,-25.87180338757888,-6232,0.3999973043279016,0.6000026956720984,0.3942158010054721,0.6057841989945278
BALLARI,104045,-10,SowingSeedsDistributed_Maize,93949,-9.703493680618964,-10096,0.23687905674582324,0.7631209432541768,0.2288652164244128,0.7711347835755872
BIDAR,2791,-10,SowingSeedsDistributed_Maize,2704,-3.1171623074166965,-87,0.019931125577884706,0.9800688744221153,0.020659936784312008,0.979340063215688
KALABURAGI,14621,-10,SowingSeedsDistributed_Maize,14038,-3.9874153614663843,-583,0.1055400554409895,0.8944599445590105,0.1082826890850252,0.8917173109149747
YADGIRI,2673,-10,SowingSeedsDistributed_Maize,2673,0.0,0,0.13121857857210248,0.8687814214278975,0.13466995261861447,0.8653300473813855
RAICHUR,723,-10,SowingSeedsDistributed_Maize,672,-7.053941908713693,-51,0.25992377987141646,0.7400762201285835,0.2578908417456863,0.7421091582543138
KOPPAL,190252,-10,SowingSeedsDistributed_Maize,171566,-9.821710152849903,-18686,0.11870122518296872,0.8812987748170313,0.11688121356621783,0.8831187864337822
VIJAYANAGARA,104045,-10,SowingSeedsDistributed_Maize,93949,-9.703493680618964,-10096,0.3053716320946721,0.6946283679053279,0.2953474128596896,0.7046525871403104
BENGALURU,2879,-10,LivestockCensus_2012_Cattle,1945,-32.441820076415425,-934,0.03982434326688501,0.960175656733115,0.03309453065404907,0.9669054693459509
BENGALURU(R),42583,-10,LivestockCensus_2012_Cattle,33476,-21.386468778620575,-9107,0.008581672125402659,0.9914183278745974,0.008608987729134106,0.9913910122708659
RAMANAGARA,10450,-10,LivestockCensus_2012_Cattle,7638,-26.90909090909091,-2812,0.07660864232474762,0.9233913576752524,0.07052698399150767,0.9294730160084923
CHITRADURGA,271975,-10,LivestockCensus_2012_Cattle,241488,-11.209486166007904,-30487,0.14489911447171566,0.8551008855282843,0.12603980518822389,0.8739601948117761
DAVANAGERE,593544,-10,LivestockCensus_2012_Cattle,562389,-5.248979014192714,-31155,0.6682534628154498,0.33174653718455016,0.6906731817300837,0.30932681826991626
KOLAR,1759,-10,LivestockCensus_2012_Cattle,930,-47.12905059693007,-829,0.12177361745717251,0.8782263825428275,0.09887106611260177,0.9011289338873982
CHIKKABALLAPURA,105491,-10,LivestockCensus_2012_Cattle,79592,-24.550909556265463,-25899,0.11527536290485627,0.8847246370951437,0.0896787336404754,0.9103212663595246
SHIVAMOGGA,226532,-10,LivestockCensus_2012_Cattle,188444,-16.81351861988593,-38088,0.013504980254201882,0.9864950197457981,0.022897318404165035,0.977102681595835
TUMAKURU,66868,-10,LivestockCensus_2012_Cattle,53067,-20.6391697074834,-13801,0.09076231681463982,0.9092376831853601,0.0919912323015869,0.9080087676984131
CHIKKAMAGALURU,61353,-10,LivestockCensus_2012_Cattle,52593,-14.278030414160678,-8760,0.2559670627379171,0.7440329372620829,0.24859737400878848,0.7514026259912115
DAKSHINA KANNADA,0,-10,LivestockCensus_2012_Cattle,0,,0,0.17408987370776222,0.8259101262922378,0.16460803820842868,0.8353919617915713
UDUPI,109,-10,LivestockCensus_2012_Cattle,88,-19.26605504587156,-21,0.13121899977086787,0.8687810002291321,0.11377711868475379,0.8862228813152462
HASSAN,333937,-10,LivestockCensus_2012_Cattle,301334,-9.763218810733761,-32603,0.47762227119359874,0.5223777288064013,0.45778129847252824,0.5422187015274718
KODAGU,17921,-10,LivestockCensus_2012_Cattle,16280,-9.156855086211706,-1641,0.23437071781255195,0.7656292821874481,0.22307157501302483,0.7769284249869752
MANDYA,19387,-10,LivestockCensus_2012_Cattle,17492,-9.774591220921236,-1895,0.2019597536155702,0.7980402463844298,0.18811605490150055,0.8118839450984995
MYSURU,137154,-10,LivestockCensus_2012_Cattle,123865,-9.68910859326013,-13289,0.012419045597293538,0.9875809544027064,0.013258616366963072,0.986741383633037
CHAMARAJANAGAR,147886,-10,LivestockCensus_2012_Cattle,130528,-11.737419363563827,-17358,0.15537573176265507,0.8446242682373449,0.14378481798185955,0.8562151820181405
BELAGAVI,576758,-10,LivestockCensus_2012_Cattle,514554,-10.7851126468987,-62204,0.7253265132829243,0.2746734867170757,0.684728541987841,0.31527145801215894
VIJAYAPURA,226327,-10,LivestockCensus_2012_Cattle,207311,-8.402002412438641,-19016,0.09608756890811804,0.903912431091882,0.1015745329300538,0.8984254670699462
BAGALKOT,251699,-10,LivestockCensus_2012_Cattle,222140,-11.74378920853877,-29559,0.04244302023101909,0.9575569797689809,0.03274246117900603,0.967257538820994
DHARAWAD,90634,-10,LivestockCensus_2012_Cattle,77561,-14.423946863208068,-13073,0.33286201191487064,0.6671379880851294,0.32047301778662096,0.679526982213379
GADAG,138476,-10,LivestockCensus_2012_Cattle,125076,-9.676767093214709,-13400,0.18330281447421884,0.8166971855257812,0.17045369968880203,0.829546300311198
HAVERI,413487,-10,LivestockCensus_2012_Cattle,376273,-9.000041113747228,-37214,0.38823575000336963,0.6117642499966304,0.3759990225372728,0.6240009774627272
UTTARA KANNADA,24088,-10,LivestockCensus_2012_Cattle,15263,-36.636499501826634,-8825,0.3999973043279016,0.6000026956720984,0.38429094452416385,0.6157090554758362
BALLARI,104045,-10,LivestockCensus_2012_Cattle,92487,-11.108654908933635,-11558,0.23687905674582324,0.7631209432541768,0.23420316847286432,0.7657968315271357
BIDAR,2791,-10,LivestockCensus_2012_Cattle,1621,-41.92045861698316,-1170,0.019931125577884706,0.9800688744221153,0.01766215199799427,0.9823378480020057
KALABURAGI,14621,-10,LivestockCensus_2012_Cattle,11554,-20.976677381848027,-3067,0.1055400554409895,0.8944599445590105,0.10450951209927649,0.8954904879007235
YADGIRI,2673,-10,LivestockCensus_2012_Cattle,2055,-23.120089786756452,-618,0.13121857857210248,0.8687814214278975,0.12644272914299534,0.8735572708570046
RAICHUR,723,-10,LivestockCensus_2012_Cattle,630,-12.863070539419086,-93,0.25992377987141646,0.7400762201285835,0.24605815547601395,0.753941844523986
KOPPAL,190252,-10,LivestockCensus_2012_Cattle,171059,-10.08819880999937,-19193,0.11870122518296872,0.8812987748170313,0.11468040804496532,0.8853195919550347
VIJAYANAGARA,104045,-10,LivestockCensus_2012_Cattle,92487,-11.108654908933635,-11558,0.3053716320946721,0.6946283679053279,0.3004592906333516,0.6995407093666484
BENGALURU,2879,-10,AreaUnderCereals_Maize,2505,-12.990621743660993,-374,0.03982434326688501,0.960175656733115,0.03927397686141274,0.9607260231385872
BENGALURU(R),42583,-10,AreaUnderCereals_Maize,37665,-11.549209778550127,-4918,0.008581672125402659,0.9914183278745974,0.011017476073101946,0.988982523926898
RAMANAGARA,10450,-10,AreaUnderCereals_Maize,9792,-6.296650717703349,-658,0.07660864232474762,0.9233913576752524,0.07383992479589042,0.9261600752041096
CHITRADURGA,271975,-10,AreaUnderCereals_Maize,241481,-11.212059931979041,-30494,0.14489911447171566,0.8551008855282843,0.14066943500692092,0.8593305649930791
DAVANAGERE,593544,-10,AreaUnderCereals_Maize,536190,-9.662973595891795,-57354,0.6682534628154498,0.33174653718455016,0.6677791224706819,0.33222087752931806
KOLAR,1759,-10,AreaUnderCereals_Maize,1547,-12.052302444570778,-212,0.12177361745717251,0.8782263825428275,0.1114201437464378,0.8885798562535622
CHIKKABALLAPURA,105491,-10,AreaUnderCereals_Maize,85851,-18.61770198405551,-19640,0.11527536290485627,0.8847246370951437,0.09837230475429129,0.9016276952457087
SHIVAMOGGA,226532,-10,AreaUnderCereals_Maize,212035,-6.399537372203485,-14497,0.013504980254201882,0.9864950197457981,0.03114012686992501,0.968859873130075
TUMAKURU,66868,-10,AreaUnderCereals_Maize,58861,-11.974337500747742,-8007,0.09076231681463982,0.9092376831853601,0.0878728614888764,0.9121271385111236
CHIKKAMAGALURU,61353,-10,AreaUnderCereals_Maize,50756,-17.27217902955031,-10597,0.2559670627379171,0.7440329372620829,0.2630042201856205,0.7369957798143796
DAKSHINA KANNADA,0,-10,AreaUnderCereals_Maize,0,,0,0.17408987370776222,0.8259101262922378,0.17064893152428962,0.8293510684757104
UDUPI,109,-10,AreaUnderCereals_Maize,105,-3.669724770642202,-4,0.13121899977086787,0.8687810002291321,0.13193565459403844,0.8680643454059616
HASSAN,333937,-10,AreaUnderCereals_Maize,301505,-9.712011547088222,-32432,0.47762227119359874,0.5223777288064013,0.47609160689568397,0.523908393104316
KODAGU,17921,-10,AreaUnderCereals_Maize,16506,-7.895764745270911,-1415,0.23437071781255195,0.7656292821874481,0.2306000291144519,0.7693999708855481
MANDYA,19387,-10,AreaUnderCereals_Maize,17380,-10.352297931603651,-2007,0.2019597536155702,0.7980402463844298,0.1988097617302867,0.8011902382697134
MYSURU,137154,-10,AreaUnderCereals_Maize,121859,-11.151698091196756,-15295,0.012419045597293538,0.9875809544027064,0.009244146884876986,0.990755853115123
CHAMARAJANAGAR,147886,-10,AreaUnderCereals_Maize,132063,-10.699457690383133,-15823,0.15537573176265507,0.8446242682373449,0.15245486643128375,0.8475451335687163
BELAGAVI,576758,-10,AreaUnderCereals_Maize,540396,-6.304550608747517,-36362,0.7253265132829243,0.2746734867170757,0.745191304154731,0.254808695845269
VIJAYAPURA,226327,-10,AreaUnderCereals_Maize,215180,-4.9251746366982285,-11147,0.09608756890811804,0.903912431091882,0.10352482253754652,0.8964751774624535
BAGALKOT,251699,-10,AreaUnderCereals_Maize,239417,-4.879637980285977,-12282,0.04244302023101909,0.9575569797689809,0.04998889703106607,0.950011102968934
DHARAWAD,90634,-10,AreaUnderCereals_Maize,82067,-9.452302667872983,-8567,0.33286201191487064,0.6671379880851294,0.3377694320461292,0.6622305679538708
GADAG,138476,-10,AreaUnderCereals_Maize,129005,-6.839452323868396,-9471,0.18330281447421884,0.8166971855257812,0.18080048176310917,0.8191995182368909
HAVERI,413487,-10,AreaUnderCereals_Maize,366165,-11.444616154800514,-47322,0.38823575000336963,0.6117642499966304,0.3699739238843895,0.6300260761156105
UTTARA KANNADA,24088,-10,AreaUnderCereals_Maize,22819,-5.268183327798074,-1269,0.3999973043279016,0.6000026956720984,0.4021765520100074,0.5978234479899927
BALLARI,104045,-10,AreaUnderCereals_Maize,90756,-12.772358114277477,-13289,0.23687905674582324,0.7631209432541768,0.23943816862343278,0.7605618313765672
BIDAR,2791,-10,AreaUnderCereals_Maize,2422,-13.22106771766392,-369,0.019931125577884706,0.9800688744221153,0.021275138972161156,0.9787248610278388
KALABURAGI,14621,-10,AreaUnderCereals_Maize,13919,-4.801313179673073,-702,0.1055400554409895,0.8944599445590105,0.10995701917359368,0.8900429808264063
YADGIRI,2673,-10,AreaUnderCereals_Maize,2416,-9.614665170220727,-257,0.13121857857210248,0.8687814214278975,0.13686321389006087,0.8631367861099392
RAICHUR,723,-10,AreaUnderCereals_Maize,30,-95.850622406639,-693,0.25992377987141646,0.7400762201285835,0.2683306316108927,0.7316693683891073
KOPPAL,190252,-10,AreaUnderCereals_Maize,177405,-6.752622837079242,-12847,0.11870122518296872,0.8812987748170313,0.12474592706089607,0.875254072939104
VIJAYANAGARA,104045,-10,AreaUnderCereals_Maize,90756,-12.772358114277477,-13289,0.3053716320946721,0.6946283679053279,0.3073258622689041,0.6926741377310959
BENGALURU,2879,-10,NetAreaIrrigatedUnderDifferentSources_TubeWells_NetIrrigatedArea,2632,-8.579367836054185,-247,0.03982434326688501,0.960175656733115,0.03740531224619435,0.9625946877538056
BENGALURU(R),42583,-10,NetAreaIrrigatedUnderDifferentSources_TubeWells_NetIrrigatedArea,38091,-10.548810558203977,-4492,0.008581672125402659,0.9914183278745974,0.014022546346348821,0.9859774536536512
RAMANAGARA,10450,-10,NetAreaIrrigatedUnderDifferentSources_TubeWells_NetIrrigatedArea,9452,-9.55023923444976,-998,0.07660864232474762,0.9233913576752524,0.06829019706377278,0.9317098029362272
CHITRADURGA,271975,-10,NetAreaIrrigatedUnderDifferentSources_TubeWells_NetIrrigatedArea,232492,-14.517143119772038,-39483,0.14489911447171566,0.8551008855282843,0.10810992538224579,0.8918900746177543
DAVANAGERE,593544,-10,NetAreaIrrigatedUnderDifferentSources_TubeWells_NetIrrigatedArea,565147,-4.784312536223094,-28397,0.6682534628154498,0.33174653718455016,0.6819042951067009,0.3180957048932991
KOLAR,1759,-10,NetAreaIrrigatedUnderDifferentSources_TubeWells_NetIrrigatedArea,1477,-16.0318362706083,-282,0.12177361745717251,0.8782263825428275,0.10632101028581943,0.8936789897141806
CHIKKABALLAPURA,105491,-10,NetAreaIrrigatedUnderDifferentSources_TubeWells_NetIrrigatedArea,85037,-19.38933179133765,-20454,0.11527536290485627,0.8847246370951437,0.0963230215619417,0.9036769784380583
SHIVAMOGGA,226532,-10,NetAreaIrrigatedUnderDifferentSources_TubeWells_NetIrrigatedArea,218161,-3.6952836685324812,-8371,0.013504980254201882,0.9864950197457981,0.020149093952546826,0.9798509060474532
TUMAKURU,66868,-10,NetAreaIrrigatedUnderDifferentSources_TubeWells_NetIrrigatedArea,52233,-21.886403062750492,-14635,0.09076231681463982,0.9092376831853601,0.10127301897938566,0.8987269810206143
CHIKKAMAGALURU,61353,-10,NetAreaIrrigatedUnderDifferentSources_TubeWells_NetIrrigatedArea,56820,-7.38839176568383,-4533,0.2559670627379171,0.7440329372620829,0.2517537156577972,0.7482462843422029
DAKSHINA KANNADA,0,-10,NetAreaIrrigatedUnderDifferentSources_TubeWells_NetIrrigatedArea,0,,0,0.17408987370776222,0.8259101262922378,0.17711276889021793,0.8228872311097821
UDUPI,109,-10,NetAreaIrrigatedUnderDifferentSources_TubeWells_NetIrrigatedArea,108,-0.9174311926605505,-1,0.13121899977086787,0.8687810002291321,0.13180685733092454,0.8681931426690754
HASSAN,333937,-10,NetAreaIrrigatedUnderDifferentSources_TubeWells_NetIrrigatedArea,325544,-2.5133483261812857,-8393,0.47762227119359874,0.5223777288064013,0.493534720465059,0.506465279534941
KODAGU,17921,-10,NetAreaIrrigatedUnderDifferentSources_TubeWells_NetIrrigatedArea,17907,-0.07812064058925283,-14,0.23437071781255195,0.7656292821874481,0.23933301129322693,0.7606669887067731
MANDYA,19387,-10,NetAreaIrrigatedUnderDifferentSources_TubeWells_NetIrrigatedArea,18834,-2.852426883994429,-553,0.2019597536155702,0.7980402463844298,0.1965686803610388,0.8034313196389612
MYSURU,137154,-10,NetAreaIrrigatedUnderDifferentSources_TubeWells_NetIrrigatedArea,133952,-2.334601980255771,-3202,0.012419045597293538,0.9875809544027064,0.01994304136799807,0.9800569586320019
CHAMARAJANAGAR,147886,-10,NetAreaIrrigatedUnderDifferentSources_TubeWells_NetIrrigatedArea,128440,-13.149317717701473,-19446,0.15537573176265507,0.8446242682373449,0.13157756595481648,0.8684224340451835
BELAGAVI,576758,-10,NetAreaIrrigatedUnderDifferentSources_TubeWells_NetIrrigatedArea,532095,-7.743802426667684,-44663,0.7253265132829243,0.2746734867170757,0.7113168786174215,0.28868312138257846
VIJAYAPURA,226327,-10,NetAreaIrrigatedUnderDifferentSources_TubeWells_NetIrrigatedArea,200335,-11.484268337405613,-25992,0.09608756890811804,0.903912431091882,0.08445802596492591,0.9155419740350741
BAGALKOT,251699,-10,NetAreaIrrigatedUnderDifferentSources_TubeWells_NetIrrigatedArea,213828,-15.046146389139409,-37871,0.04244302023101909,0.9575569797689809,0.012190810532480945,0.987809189467519
DHARAWAD,90634,-10,NetAreaIrrigatedUnderDifferentSources_TubeWells_NetIrrigatedArea,86355,-4.721186309773374,-4279,0.33286201191487064,0.6671379880851294,0.32072230764739085,0.6792776923526092
GADAG,138476,-10,NetAreaIrrigatedUnderDifferentSources_TubeWells_NetIrrigatedArea,126552,-8.610878419365088,-11924,0.18330281447421884,0.8166971855257812,0.17506722018468518,0.8249327798153148
HAVERI,413487,-10,NetAreaIrrigatedUnderDifferentSources_TubeWells_NetIrrigatedArea,388382,-6.071533083265012,-25105,0.38823575000336963,0.6117642499966304,0.3832825795766412,0.6167174204233588
UTTARA KANNADA,24088,-10,NetAreaIrrigatedUnderDifferentSources_TubeWells_NetIrrigatedArea,23412,-2.806376619063434,-676,0.3999973043279016,0.6000026956720984,0.3921248807832299,0.6078751192167702
BALLARI,104045,-10,NetAreaIrrigatedUnderDifferentSources_TubeWells_NetIrrigatedArea,91385,-12.167812004421164,-12660,0.23687905674582324,0.7631209432541768,0.23760518439071093,0.762394815609289
BIDAR,2791,-10,NetAreaIrrigatedUnderDifferentSources_TubeWells_NetIrrigatedArea,2542,-8.921533500537441,-249,0.019931125577884706,0.9800688744221153,0.019970025497790842,0.9800299745022092
KALABURAGI,14621,-10,NetAreaIrrigatedUnderDifferentSources_TubeWells_NetIrrigatedArea,13828,-5.423705628889953,-793,0.1055400554409895,0.8944599445590105,0.09670404337278618,0.9032959566272138
YADGIRI,2673,-10,NetAreaIrrigatedUnderDifferentSources_TubeWells_NetIrrigatedArea,2563,-4.11522633744856,-110,0.13121857857210248,0.8687814214278975,0.12219770549373288,0.8778022945062671
RAICHUR,723,-10,NetAreaIrrigatedUnderDifferentSources_TubeWells_NetIrrigatedArea,705,-2.4896265560165975,-18,0.25992377987141646,0.7400762201285835,0.24050061311481788,0.7594993868851821
KOPPAL,190252,-10,NetAreaIrrigatedUnderDifferentSources_TubeWells_NetIrrigatedArea,175005,-8.014107604650674,-15247,0.11870122518296872,0.8812987748170313,0.12427563094203808,0.8757243690579619
VIJAYANAGARA,104045,-10,NetAreaIrrigatedUnderDifferentSources_TubeWells_NetIrrigatedArea,91385,-12.167812004421164,-12660,0.3053716320946721,0.6946283679053279,0.3039483532603021,0.6960516467396979
BENGALURU,2879,20,TotalNPK,4909,70.5105939562348,2030,0.03982434326688501,0.960175656733115,0.04091416143403375,0.9590858385659663
BENGALURU(R),42583,20,TotalNPK,56655,33.04605124110561,14072,0.008581672125402659,0.9914183278745974,0.011512681095871197,0.9884873189041288
RAMANAGARA,10450,20,TotalNPK,11480,9.85645933014354,1030,0.07660864232474762,0.9233913576752524,0.0798299365068229,0.9201700634931771
CHITRADURGA,271975,20,TotalNPK,322507,18.579648864785366,50532,0.14489911447171566,0.8551008855282843,0.1317517802644964,0.8682482197355036
DAVANAGERE,593544,20,TotalNPK,712675,20.07113204749774,119131,0.6682534628154498,0.33174653718455016,0.6701380947369652,0.3298619052630348
KOLAR,1759,20,TotalNPK,2782,58.158044343376915,1023,0.12177361745717251,0.8782263825428275,0.1365096292138773,0.8634903707861227
CHIKKABALLAPURA,105491,20,TotalNPK,143483,36.0144467300528,37992,0.11527536290485627,0.8847246370951437,0.13630102547912207,0.863698974520878
SHIVAMOGGA,226532,20,TotalNPK,274866,21.336499920541026,48334,0.013504980254201882,0.9864950197457981,0.022517136142000238,0.9774828638579998
TUMAKURU,66868,20,TotalNPK,79597,19.036011246036967,12729,0.09076231681463982,0.9092376831853601,0.09893409638735354,0.9010659036126465
CHIKKAMAGALURU,61353,20,TotalNPK,92556,50.85814874578261,31203,0.2559670627379171,0.7440329372620829,0.22871455131321128,0.7712854486867887
DAKSHINA KANNADA,0,20,TotalNPK,0,,0,0.17408987370776222,0.8259101262922378,0.18352685305363597,0.816473146946364
UDUPI,109,20,TotalNPK,117,7.339449541284404,8,0.13121899977086787,0.8687810002291321,0.13798295155575824,0.8620170484442418
HASSAN,333937,20,TotalNPK,399124,19.520747925506907,65187,0.47762227119359874,0.5223777288064013,0.468318892435776,0.531681107564224
KODAGU,17921,20,TotalNPK,31383,75.11857597232297,13462,0.23437071781255195,0.7656292821874481,0.21922054232293822,0.7807794576770618
MANDYA,19387,20,TotalNPK,24929,28.586165987517408,5542,0.2019597536155702,0.7980402463844298,0.19786129722524293,0.8021387027747571
MYSURU,137154,20,TotalNPK,163724,19.372384327106758,26570,0.012419045597293538,0.9875809544027064,0.008308836426140942,0.991691163573859
CHAMARAJANAGAR,147886,20,TotalNPK,175774,18.857768821930406,27888,0.15537573176265507,0.8446242682373449,0.15303329006910582,0.8469667099308942
BELAGAVI,576758,20,TotalNPK,685339,18.826093439536166,108581,0.7253265132829243,0.2746734867170757,0.7271426667134389,0.27285733328656114
VIJAYAPURA,226327,20,TotalNPK,249757,10.352277898792456,23430,0.09608756890811804,0.903912431091882,0.06700024555372364,0.9329997544462764
BAGALKOT,251699,20,TotalNPK,303282,20.493923297271742,51583,0.04244302023101909,0.9575569797689809,0.057895674746553494,0.9421043252534465
DHARAWAD,90634,20,TotalNPK,105132,15.996204514861972,14498,0.33286201191487064,0.6671379880851294,0.31732697232258744,0.6826730276774126
GADAG,138476,20,TotalNPK,151048,9.0788295444698,12572,0.18330281447421884,0.8166971855257812,0.19645300151842407,0.803546998481576
HAVERI,413487,20,TotalNPK,462351,11.817542026714262,48864,0.38823575000336963,0.6117642499966304,0.34239530140466756,0.6576046985953324
UTTARA KANNADA,24088,20,TotalNPK,26394,9.573231484556626,2306,0.3999973043279016,0.6000026956720984,0.39171712211035886,0.6082828778896412
BALLARI,104045,20,TotalNPK,129113,24.09342111586333,25068,0.23687905674582324,0.7631209432541768,0.2200692561726694,0.7799307438273306
BIDAR,2791,20,TotalNPK,3534,26.621282694374777,743,0.019931125577884706,0.9800688744221153,0.018528782404321743,0.9814712175956782
KALABURAGI,14621,20,TotalNPK,16739,14.486013268586282,2118,0.1055400554409895,0.8944599445590105,0.096746296231335,0.903253703768665
YADGIRI,2673,20,TotalNPK,3772,41.11485222596334,1099,0.13121857857210248,0.8687814214278975,0.11977689690251515,0.8802231030974849
RAICHUR,723,20,TotalNPK,906,25.311203319502074,183,0.25992377987141646,0.7400762201285835,0.2538183604027081,0.7461816395972919
KOPPAL,190252,20,TotalNPK,223056,17.24239429808885,32804,0.11870122518296872,0.8812987748170313,0.1127633212895078,0.8872366787104922
VIJAYANAGARA,104045,20,TotalNPK,129113,24.09342111586333,25068,0.3053716320946721,0.6946283679053279,0.2867300429134365,0.7132699570865635
BENGALURU,2879,20,SowingSeedsDistributed_Maize,2944,2.2577283779089963,65,0.03982434326688501,0.960175656733115,0.03873082297511833,0.9612691770248817
BENGALURU(R),42583,20,SowingSeedsDistributed_Maize,44560,4.642697790197967,1977,0.008581672125402659,0.9914183278745974,0.013251296758287193,0.9867487032417128
RAMANAGARA,10450,20,SowingSeedsDistributed_Maize,14268,36.535885167464116,3818,0.07660864232474762,0.9233913576752524,0.07459846218001712,0.9254015378199829
CHITRADURGA,271975,20,SowingSeedsDistributed_Maize,345419,27.003952569169957,73444,0.14489911447171566,0.8551008855282843,0.1819678535632504,0.8180321464367496
DAVANAGERE,593544,20,SowingSeedsDistributed_Maize,683435,15.144791287587777,89891,0.6682534628154498,0.33174653718455016,0.641908398994296,0.35809160100570403
KOLAR,1759,20,SowingSeedsDistributed_Maize,2514,42.922114837976125,755,0.12177361745717251,0.8782263825428275,0.14408978176417656,0.8559102182358235
CHIKKABALLAPURA,105491,20,SowingSeedsDistributed_Maize,157420,49.226000322302376,51929,0.11527536290485627,0.8847246370951437,0.1630245256193591,0.8369754743806409
SHIVAMOGGA,226532,20,SowingSeedsDistributed_Maize,282510,24.710857627178502,55978,0.013504980254201882,0.9864950197457981,0.029398845537615126,0.9706011544623849
TUMAKURU,66868,20,SowingSeedsDistributed_Maize,90936,35.99330023329545,24068,0.09076231681463982,0.9092376831853601,0.09008485497105481,0.9099151450289452
CHIKKAMAGALURU,61353,20,SowingSeedsDistributed_Maize,82438,34.36669763499747,21085,0.2559670627379171,0.7440329372620829,0.25577664925810695,0.744223350741893
DAKSHINA KANNADA,0,20,SowingSeedsDistributed_Maize,0,,0,0.17408987370776222,0.8259101262922378,0.18310044115387708,0.816899558846123
UDUPI,109,20,SowingSeedsDistributed_Maize,109,0.0,0,0.13121899977086787,0.8687810002291321,0.1467081726865027,0.8532918273134973
HASSAN,333937,20,SowingSeedsDistributed_Maize,398304,19.275192626154038,64367,0.47762227119359874,0.5223777288064013,0.4933748881264007,0.5066251118735994
KODAGU,17921,20,SowingSeedsDistributed_Maize,19698,9.915741309078735,1777,0.23437071781255195,0.7656292821874481,0.237872414104243,0.762127585895757
MANDYA,19387,20,SowingSeedsDistributed_Maize,25113,29.53525558363852,5726,0.2019597536155702,0.7980402463844298,0.20167155618310445,0.7983284438168956
MYSURU,137154,20,SowingSeedsDistributed_Maize,148501,8.273181970631553,11347,0.012419045597293538,0.9875809544027064,0.004321552159312847,0.9956784478406872
CHAMARAJANAGAR,147886,20,SowingSeedsDistributed_Maize,162703,10.019203981445166,14817,0.15537573176265507,0.8446242682373449,0.14643040913425076,0.8535695908657492
BELAGAVI,576758,20,SowingSeedsDistributed_Maize,677561,17.477520901313895,100803,0.7253265132829243,0.2746734867170757,0.7366798598257331,0.26332014017426686
VIJAYAPURA,226327,20,SowingSeedsDistributed_Maize,249083,10.054478696752927,22756,0.09608756890811804,0.903912431091882,0.07278146422117687,0.9272185357788232
BAGALKOT,251699,20,SowingSeedsDistributed_Maize,299864,19.13595206973409,48165,0.04244302023101909,0.9575569797689809,0.050006803865766336,0.9499931961342336
DHARAWAD,90634,20,SowingSeedsDistributed_Maize,111597,23.12928922920758,20963,0.33286201191487064,0.6671379880851294,0.3477386291307879,0.6522613708692121
GADAG,138476,20,SowingSeedsDistributed_Maize,173347,25.181980993096275,34871,0.18330281447421884,0.8166971855257812,0.18002401733261286,0.8199759826673871
HAVERI,413487,20,SowingSeedsDistributed_Maize,509557,23.23410409517107,96070,0.38823575000336963,0.6117642499966304,0.42453405016048135,0.5754659498395187
UTTARA KANNADA,24088,20,SowingSeedsDistributed_Maize,36550,51.73530388575224,12462,0.3999973043279016,0.6000026956720984,0.40928076554463844,0.5907192344553616
BALLARI,104045,20,SowingSeedsDistributed_Maize,124235,19.405065116055553,20190,0.23687905674582324,0.7631209432541768,0.24974576953185018,0.7502542304681499
BIDAR,2791,20,SowingSeedsDistributed_Maize,2964,6.198495163024006,173,0.019931125577884706,0.9800688744221153,0.01876111115175547,0.9812388888482445
KALABURAGI,14621,20,SowingSeedsDistributed_Maize,15786,7.967991245468846,1165,0.1055400554409895,0.8944599445590105,0.1011371478877533,0.8988628521122467
YADGIRI,2673,20,SowingSeedsDistributed_Maize,2673,0.0,0,0.13121857857210248,0.8687814214278975,0.12567593601927518,0.8743240639807248
RAICHUR,723,20,SowingSeedsDistributed_Maize,824,13.96957123098202,101,0.25992377987141646,0.7400762201285835,0.2631875745315941,0.7368124254684059
KOPPAL,190252,20,SowingSeedsDistributed_Maize,227623,19.642894687046653,37371,0.11870122518296872,0.8812987748170313,0.12162385596289335,0.8783761440371066
VIJAYANAGARA,104045,20,SowingSeedsDistributed_Maize,124235,19.405065116055553,20190,0.3053716320946721,0.6946283679053279,0.3214658306934822,0.6785341693065178
BENGALURU,2879,20,LivestockCensus_2012_Cattle,4746,64.84890587009379,1867,0.03982434326688501,0.960175656733115,0.04804510784923356,0.9519548921507665
BENGALURU(R),42583,20,LivestockCensus_2012_Cattle,60795,42.76824084728648,18212,0.008581672125402659,0.9914183278745974,0.007982725867272139,0.9920172741327279
RAMANAGARA,10450,20,LivestockCensus_2012_Cattle,16072,53.79904306220096,5622,0.07660864232474762,0.9233913576752524,0.08141461911906486,0.9185853808809351
CHITRADURGA,271975,20,LivestockCensus_2012_Cattle,332947,22.41823697030977,60972,0.14489911447171566,0.8551008855282843,0.16578860295166326,0.8342113970483367
DAVANAGERE,593544,20,LivestockCensus_2012_Cattle,655852,10.497621069373121,62308,0.6682534628154498,0.33174653718455016,0.5891049264746431,0.4108950735253569
KOLAR,1759,20,LivestockCensus_2012_Cattle,3416,94.20125071063103,1657,0.12177361745717251,0.8782263825428275,0.1506423604178195,0.8493576395821805
CHIKKABALLAPURA,105491,20,LivestockCensus_2012_Cattle,157287,49.09992321619854,51796,0.11527536290485627,0.8847246370951437,0.14888670838776663,0.8511132916122334
SHIVAMOGGA,226532,20,LivestockCensus_2012_Cattle,302707,33.62659580103473,76175,0.013504980254201882,0.9864950197457981,0.07102817600447253,0.9289718239955275
TUMAKURU,66868,20,LivestockCensus_2012_Cattle,94468,41.27534844768798,27600,0.09076231681463982,0.9092376831853601,0.0829261872298879,0.9170738127701121
CHIKKAMAGALURU,61353,20,LivestockCensus_2012_Cattle,78872,28.55443091617362,17519,0.2559670627379171,0.7440329372620829,0.2512477211363634,0.7487522788636366
DAKSHINA KANNADA,0,20,LivestockCensus_2012_Cattle,0,,0,0.17408987370776222,0.8259101262922378,0.17804857351489808,0.8219514264851019
UDUPI,109,20,LivestockCensus_2012_Cattle,149,36.69724770642202,40,0.13121899977086787,0.8687810002291321,0.15072080141022642,0.8492791985897736
HASSAN,333937,20,LivestockCensus_2012_Cattle,399142,19.526138163785383,65205,0.47762227119359874,0.5223777288064013,0.47858632217284397,0.5214136778271561
KODAGU,17921,20,LivestockCensus_2012_Cattle,21202,18.308130126667038,3281,0.23437071781255195,0.7656292821874481,0.23735103342441996,0.76264896657558
MANDYA,19387,20,LivestockCensus_2012_Cattle,23175,19.538866250580288,3788,0.2019597536155702,0.7980402463844298,0.21111694268387995,0.7888830573161201
MYSURU,137154,20,LivestockCensus_2012_Cattle,163730,19.376758971666884,26576,0.012419045597293538,0.9875809544027064,0.010268639005995756,0.9897313609940043
CHAMARAJANAGAR,147886,20,LivestockCensus_2012_Cattle,182601,23.47416253059789,34715,0.15537573176265507,0.8446242682373449,0.1639302645315504,0.8360697354684496
BELAGAVI,576758,20,LivestockCensus_2012_Cattle,701164,21.569878527909452,124406,0.7253265132829243,0.2746734867170757,0.7435798187014735,0.2564201812985265
VIJAYAPURA,226327,20,LivestockCensus_2012_Cattle,264357,16.803121147719892,38030,0.09608756890811804,0.903912431091882,0.08107518355192223,0.9189248164480778
BAGALKOT,251699,20,LivestockCensus_2012_Cattle,310816,23.487181117127996,59117,0.04244302023101909,0.9575569797689809,0.05526210701062806,0.9447378929893719
DHARAWAD,90634,20,LivestockCensus_2012_Cattle,116778,28.845687049010305,26144,0.33286201191487064,0.6671379880851294,0.3312267172872537,0.6687732827127463
GADAG,138476,20,LivestockCensus_2012_Cattle,165275,19.352812039631416,26799,0.18330281447421884,0.8166971855257812,0.19206857657919035,0.8079314234208097
HAVERI,413487,20,LivestockCensus_2012_Cattle,487913,17.9995985363506,74426,0.38823575000336963,0.6117642499966304,0.3827765584900863,0.6172234415099137
UTTARA KANNADA,24088,20,LivestockCensus_2012_Cattle,41737,73.26884755895051,17649,0.3999973043279016,0.6000026956720984,0.39934337758356103,0.6006566224164389
BALLARI,104045,20,LivestockCensus_2012_Cattle,127159,22.215387572684897,23114,0.23687905674582324,0.7631209432541768,0.225864827221999,0.774135172778001
BIDAR,2791,20,LivestockCensus_2012_Cattle,5129,83.76925833034754,2338,0.019931125577884706,0.9800688744221153,0.02228437284287271,0.9777156271571273
KALABURAGI,14621,20,LivestockCensus_2012_Cattle,20754,41.946515286232135,6133,0.1055400554409895,0.8944599445590105,0.10037214308397656,0.8996278569160234
YADGIRI,2673,20,LivestockCensus_2012_Cattle,3908,46.20276842499065,1235,0.13121857857210248,0.8687814214278975,0.1303998303772964,0.8696001696227036
RAICHUR,723,20,LivestockCensus_2012_Cattle,908,25.587828492392806,185,0.25992377987141646,0.7400762201285835,0.26536930019225174,0.7346306998077483
KOPPAL,190252,20,LivestockCensus_2012_Cattle,228637,20.175872001345585,38385,0.11870122518296872,0.8812987748170313,0.11748121694781818,0.8825187830521818
VIJAYANAGARA,104045,20,LivestockCensus_2012_Cattle,127159,22.215387572684897,23114,0.3053716320946721,0.6946283679053279,0.2935188248873778,0.7064811751126222
BENGALURU,2879,20,AreaUnderCereals_Maize,3625,25.911774921847865,746,0.03982434326688501,0.960175656733115,0.04019131662548535,0.9598086833745146
BENGALURU(R),42583,20,AreaUnderCereals_Maize,52417,23.093722847145575,9834,0.008581672125402659,0.9914183278745974,0.004762160254147552,0.9952378397458524
RAMANAGARA,10450,20,AreaUnderCereals_Maize,11764,12.574162679425838,1314,0.07660864232474762,0.9233913576752524,0.07992460289445819,0.9200753971055418
CHITRADURGA,271975,20,AreaUnderCereals_Maize,332962,22.423752183105066,60987,0.14489911447171566,0.8551008855282843,0.14963332156724318,0.8503666784327568
DAVANAGERE,593544,20,AreaUnderCereals_Maize,708250,19.325610232771286,114706,0.6682534628154498,0.33174653718455016,0.6610412989763501,0.3389587010236499
KOLAR,1759,20,AreaUnderCereals_Maize,2182,24.04775440591245,423,0.12177361745717251,0.8782263825428275,0.13612566184256972,0.8638743381574303
CHIKKABALLAPURA,105491,20,AreaUnderCereals_Maize,144769,37.23350807177864,39278,0.11527536290485627,0.8847246370951437,0.13969972937992706,0.860300270620073
SHIVAMOGGA,226532,20,AreaUnderCereals_Maize,255524,12.798191866932706,28992,0.013504980254201882,0.9864950197457981,0.013567243205082957,0.986432756794917
TUMAKURU,66868,20,AreaUnderCereals_Maize,82881,23.947179517856075,16013,0.09076231681463982,0.9092376831853601,0.09409328828601689,0.9059067117139831
CHIKKAMAGALURU,61353,20,AreaUnderCereals_Maize,82546,34.542728146952875,21193,0.2559670627379171,0.7440329372620829,0.24218849276385462,0.7578115072361453
DAKSHINA KANNADA,0,20,AreaUnderCereals_Maize,0,,0,0.17408987370776222,0.8259101262922378,0.17727144369925874,0.8227285563007413
UDUPI,109,20,AreaUnderCereals_Maize,115,5.5045871559633035,6,0.13121899977086787,0.8687810002291321,0.12856865513589835,0.8714313448641017
HASSAN,333937,20,AreaUnderCereals_Maize,398800,19.42372363649431,64863,0.47762227119359874,0.5223777288064013,0.47428662195552423,0.5257133780444758
KODAGU,17921,20,AreaUnderCereals_Maize,20749,15.780369399029073,2828,0.23437071781255195,0.7656292821874481,0.23734368749264623,0.7626563125073538
MANDYA,19387,20,AreaUnderCereals_Maize,23400,20.699437767576214,4013,0.2019597536155702,0.7980402463844298,0.20436794917049064,0.7956320508295094
MYSURU,137154,20,AreaUnderCereals_Maize,167743,22.302667074966827,30589,0.012419045597293538,0.9875809544027064,0.017117190257677356,0.9828828097423227
CHAMARAJANAGAR,147886,20,AreaUnderCereals_Maize,179530,21.39756298770675,31644,0.15537573176265507,0.8446242682373449,0.15798705730085894,0.8420129426991411
BELAGAVI,576758,20,AreaUnderCereals_Maize,649481,12.608927834551059,72723,0.7253265132829243,0.2746734867170757,0.6864008471584893,0.31359915284151074
VIJAYAPURA,226327,20,AreaUnderCereals_Maize,248619,9.84946559623907,22292,0.09608756890811804,0.903912431091882,0.08359647017296151,0.9164035298270385
BAGALKOT,251699,20,AreaUnderCereals_Maize,276261,9.758481360672867,24562,0.04244302023101909,0.9575569797689809,0.030423155665372403,0.9695768443346275
DHARAWAD,90634,20,AreaUnderCereals_Maize,107766,18.902398658340136,17132,0.33286201191487064,0.6671379880851294,0.3214218143310978,0.6785781856689022
GADAG,138476,20,AreaUnderCereals_Maize,157417,13.67818250093879,18941,0.18330281447421884,0.8166971855257812,0.1849439766022893,0.8150560233977107
HAVERI,413487,20,AreaUnderCereals_Maize,508129,22.888748618457168,94642,0.38823575000336963,0.6117642499966304,0.41149251172406837,0.5885074882759316
UTTARA KANNADA,24088,20,AreaUnderCereals_Maize,26625,10.53221521089339,2537,0.3999973043279016,0.6000026956720984,0.3919209318743382,0.6080790681256618
BALLARI,104045,20,AreaUnderCereals_Maize,130622,25.54375510596377,26577,0.23687905674582324,0.7631209432541768,0.23016045585194897,0.769839544148051
BIDAR,2791,20,AreaUnderCereals_Maize,3527,26.370476531709063,736,0.019931125577884706,0.9800688744221153,0.017644899399929404,0.9823551006000706
KALABURAGI,14621,20,AreaUnderCereals_Maize,16024,9.595786881882225,1403,0.1055400554409895,0.8944599445590105,0.09754512295564183,0.9024548770443581
YADGIRI,2673,20,AreaUnderCereals_Maize,3185,19.15450804339693,512,0.13121857857210248,0.8687814214278975,0.1210476526650194,0.8789523473349806
RAICHUR,723,20,AreaUnderCereals_Maize,2108,191.56293222683266,1385,0.25992377987141646,0.7400762201285835,0.24400734204024002,0.75599265795976
KOPPAL,190252,20,AreaUnderCereals_Maize,215944,13.504194436852174,25692,0.11870122518296872,0.8812987748170313,0.10806636074832335,0.8919336392516767
VIJAYANAGARA,104045,20,AreaUnderCereals_Maize,130622,25.54375510596377,26577,0.3053716320946721,0.6946283679053279,0.2987626779621132,0.7012373220378868
BENGALURU,2879,20,NetAreaIrrigatedUnderDifferentSources_TubeWells_NetIrrigatedArea,3372,17.12400138937131,493,0.03982434326688501,0.960175656733115,0.04298638457969953,0.9570136154203005
BENGALURU(R),42583,20,NetAreaIrrigatedUnderDifferentSources_TubeWells_NetIrrigatedArea,51565,21.092924406453278,8982,0.008581672125402659,0.9914183278745974,0.000855148682671697,0.9991448513173283
RAMANAGARA,10450,20,NetAreaIrrigatedUnderDifferentSources_TubeWells_NetIrrigatedArea,12444,19.08133971291866,1994,0.07660864232474762,0.9233913576752524,0.08891444459624401,0.911085555403756
CHITRADURGA,271975,20,NetAreaIrrigatedUnderDifferentSources_TubeWells_NetIrrigatedArea,350940,29.033918558691056,78965,0.14489911447171566,0.8551008855282843,0.20390371770485055,0.7960962822951494
DAVANAGERE,593544,20,NetAreaIrrigatedUnderDifferentSources_TubeWells_NetIrrigatedArea,650336,9.568288113433882,56792,0.6682534628154498,0.33174653718455016,0.6292921953170001,0.3707078046829999
KOLAR,1759,20,NetAreaIrrigatedUnderDifferentSources_TubeWells_NetIrrigatedArea,2322,32.00682205798749,563,0.12177361745717251,0.8782263825428275,0.1451162993200547,0.8548837006799452
CHIKKABALLAPURA,105491,20,NetAreaIrrigatedUnderDifferentSources_TubeWells_NetIrrigatedArea,146398,38.7777156345091,40907,0.11527536290485627,0.8847246370951437,0.14471169508905046,0.8552883049109495
SHIVAMOGGA,226532,20,NetAreaIrrigatedUnderDifferentSources_TubeWells_NetIrrigatedArea,243273,7.39012589832783,16741,0.013504980254201882,0.9864950197457981,0.0019126745465655182,0.9980873254534345
TUMAKURU,66868,20,NetAreaIrrigatedUnderDifferentSources_TubeWells_NetIrrigatedArea,96137,43.771310641861575,29269,0.09076231681463982,0.9092376831853601,0.07077989637070112,0.9292201036292989
CHIKKAMAGALURU,61353,20,NetAreaIrrigatedUnderDifferentSources_TubeWells_NetIrrigatedArea,70417,14.77352370707219,9064,0.2559670627379171,0.7440329372620829,0.25706727668645324,0.7429327233135468
DAKSHINA KANNADA,0,20,NetAreaIrrigatedUnderDifferentSources_TubeWells_NetIrrigatedArea,0,,0,0.17408987370776222,0.8259101262922378,0.1648420692316123,0.8351579307683877
UDUPI,109,20,NetAreaIrrigatedUnderDifferentSources_TubeWells_NetIrrigatedArea,109,0.0,0,0.13121899977086787,0.8687810002291321,0.1271207942553706,0.8728792057446294
HASSAN,333937,20,NetAreaIrrigatedUnderDifferentSources_TubeWells_NetIrrigatedArea,350721,5.026097736998296,16784,0.47762227119359874,0.5223777288064013,0.43932888243657325,0.5606711175634267
KODAGU,17921,20,NetAreaIrrigatedUnderDifferentSources_TubeWells_NetIrrigatedArea,17947,0.14508118966575526,26,0.23437071781255195,0.7656292821874481,0.22041147024219704,0.7795885297578029
MANDYA,19387,20,NetAreaIrrigatedUnderDifferentSources_TubeWells_NetIrrigatedArea,20491,5.694537576726672,1104,0.2019597536155702,0.7980402463844298,0.20633494624543788,0.7936650537545621
MYSURU,137154,20,NetAreaIrrigatedUnderDifferentSources_TubeWells_NetIrrigatedArea,143557,4.668474853084854,6403,0.012419045597293538,0.9875809544027064,0.000641061249123609,0.9993589387508763
CHAMARAJANAGAR,147886,20,NetAreaIrrigatedUnderDifferentSources_TubeWells_NetIrrigatedArea,186777,26.297959238873187,38891,0.15537573176265507,0.8446242682373449,0.19208767275749916,0.8079123272425008
BELAGAVI,576758,20,NetAreaIrrigatedUnderDifferentSources_TubeWells_NetIrrigatedArea,666083,15.487431470391394,89325,0.7253265132829243,0.2746734867170757,0.7319550266258108,0.2680449733741892
VIJAYAPURA,226327,20,NetAreaIrrigatedUnderDifferentSources_TubeWells_NetIrrigatedArea,278310,22.96809483623253,51983,0.09608756890811804,0.903912431091882,0.11355101391268047,0.8864489860873195
BAGALKOT,251699,20,NetAreaIrrigatedUnderDifferentSources_TubeWells_NetIrrigatedArea,327440,30.091895478329274,75741,0.04244302023101909,0.9575569797689809,0.0927761254978734,0.9072238745021266
DHARAWAD,90634,20,NetAreaIrrigatedUnderDifferentSources_TubeWells_NetIrrigatedArea,99190,9.440165942140919,8556,0.33286201191487064,0.6671379880851294,0.34559469315385627,0.6544053068461437
GADAG,138476,20,NetAreaIrrigatedUnderDifferentSources_TubeWells_NetIrrigatedArea,162323,17.22103469193218,23847,0.18330281447421884,0.8166971855257812,0.1929439938952267,0.8070560061047733
HAVERI,413487,20,NetAreaIrrigatedUnderDifferentSources_TubeWells_NetIrrigatedArea,463695,12.142582475386167,50208,0.38823575000336963,0.6117642499966304,0.38746329554382003,0.61253670445618
UTTARA KANNADA,24088,20,NetAreaIrrigatedUnderDifferentSources_TubeWells_NetIrrigatedArea,25438,5.604450348721355,1350,0.3999973043279016,0.6000026956720984,0.4039016158646896,0.5960983841353105
BALLARI,104045,20,NetAreaIrrigatedUnderDifferentSources_TubeWells_NetIrrigatedArea,129363,24.333701763659953,25318,0.23687905674582324,0.7631209432541768,0.23004790694252822,0.7699520930574718
BIDAR,2791,20,NetAreaIrrigatedUnderDifferentSources_TubeWells_NetIrrigatedArea,3288,17.807237549265494,497,0.019931125577884706,0.9800688744221153,0.01939397942899008,0.9806060205710099
KALABURAGI,14621,20,NetAreaIrrigatedUnderDifferentSources_TubeWells_NetIrrigatedArea,16206,10.840571780315985,1585,0.1055400554409895,0.8944599445590105,0.11803934344518624,0.8819606565548137
YADGIRI,2673,20,NetAreaIrrigatedUnderDifferentSources_TubeWells_NetIrrigatedArea,2892,8.19304152637486,219,0.13121857857210248,0.8687814214278975,0.1434240677713338,0.8565759322286662
RAICHUR,723,20,NetAreaIrrigatedUnderDifferentSources_TubeWells_NetIrrigatedArea,757,4.702627939142462,34,0.25992377987141646,0.7400762201285835,0.28674024108106655,0.7132597589189335
KOPPAL,190252,20,NetAreaIrrigatedUnderDifferentSources_TubeWells_NetIrrigatedArea,220744,16.027163971995037,30492,0.11870122518296872,0.8812987748170313,0.10643538417884854,0.8935646158211514
VIJAYANAGARA,104045,20,NetAreaIrrigatedUnderDifferentSources_TubeWells_NetIrrigatedArea,129363,24.333701763659953,25318,0.3053716320946721,0.6946283679053279,0.30056889807026055,0.6994311019297395
BENGALURU,2879,-20,TotalNPK,848,-70.54532823897186,-2031,0.03982434326688501,0.960175656733115,0.03818727182280381,0.9618127281771962
BENGALURU(R),42583,-20,TotalNPK,28510,-33.048399596082945,-14073,0.008581672125402659,0.9914183278745974,0.004178646408606865,0.9958213535913931
RAMANAGARA,10450,-20,TotalNPK,9419,-9.866028708133971,-1031,0.07660864232474762,0.9233913576752524,0.07176968542111076,0.9282303145788893
CHITRADURGA,271975,-20,TotalNPK,221442,-18.580016545638387,-50533,0.14489911447171566,0.8551008855282843,0.16464971375091697,0.835350286249083
DAVANAGERE,593544,-20,TotalNPK,474412,-20.071300527003896,-119132,0.6682534628154498,0.33174653718455016,0.665423724526361,0.334576275473639
KOLAR,1759,-20,TotalNPK,735,-58.21489482660602,-1024,0.12177361745717251,0.8782263825428275,0.0996370243585744,0.9003629756414256
CHIKKABALLAPURA,105491,-20,TotalNPK,67498,-36.015394678218996,-37993,0.11527536290485627,0.8847246370951437,0.08369026640697677,0.9163097335930233
SHIVAMOGGA,226532,-20,TotalNPK,178197,-21.336941359278157,-48335,0.013504980254201882,0.9864950197457981,3.3304385217980403e-05,0.999966695614782
TUMAKURU,66868,-20,TotalNPK,54138,-19.037506729676377,-12730,0.09076231681463982,0.9092376831853601,0.0784866318727182,0.9215133681272818
CHIKKAMAGALURU,61353,-20,TotalNPK,30149,-50.859778657930335,-31204,0.2559670627379171,0.7440329372620829,0.296907389719123,0.703092610280877
DAKSHINA KANNADA,0,-20,TotalNPK,0,,0,0.17408987370776222,0.8259101262922378,0.15991163798554844,0.8400883620144516
UDUPI,109,-20,TotalNPK,100,-8.256880733944955,-9,0.13121899977086787,0.8687810002291321,0.12105880542650692,0.8789411945734931
HASSAN,333937,-20,TotalNPK,268749,-19.521047383189043,-65188,0.47762227119359874,0.5223777288064013,0.49159872291032547,0.5084012770896745
KODAGU,17921,-20,TotalNPK,4458,-75.12415601807935,-13463,0.23437071781255195,0.7656292821874481,0.25713093260710096,0.742869067392899
MANDYA,19387,-20,TotalNPK,13844,-28.5913240831485,-5543,0.2019597536155702,0.7980402463844298,0.20811699535424905,0.791883004645751
MYSURU,137154,-20,TotalNPK,110583,-19.373113434533444,-26571,0.012419045597293538,0.9875809544027064,0.018593543165012716,0.9814064568349873
CHAMARAJANAGAR,147886,-20,TotalNPK,119997,-18.858445018460166,-27889,0.15537573176265507,0.8446242682373449,0.15889494082499317,0.8411050591750069
BELAGAVI,576758,-20,TotalNPK,468176,-18.82626682248014,-108582,0.7253265132829243,0.2746734867170757,0.72259976560458,0.27740023439542005
VIJAYAPURA,226327,-20,TotalNPK,202896,-10.35271973737115,-23431,0.09608756890811804,0.903912431091882,0.13978356365353317,0.8602164363464668
BAGALKOT,251699,-20,TotalNPK,200115,-20.494320597221286,-51584,0.04244302023101909,0.9575569797689809,0.01922969908012445,0.9807703009198756
DHARAWAD,90634,-20,TotalNPK,76135,-15.997307853564887,-14499,0.33286201191487064,0.6671379880851294,0.3561998853317371,0.6438001146682629
GADAG,138476,-20,TotalNPK,125903,-9.0795516912678,-12573,0.18330281447421884,0.8166971855257812,0.16354862139117182,0.8364513786088281
HAVERI,413487,-20,TotalNPK,364622,-11.81778387228619,-48865,0.38823575000336963,0.6117642499966304,0.45709937474479684,0.5429006252552031
UTTARA KANNADA,24088,-20,TotalNPK,21781,-9.577382929259382,-2307,0.3999973043279016,0.6000026956720984,0.41243686921915973,0.5875631307808402
BALLARI,104045,-20,TotalNPK,78976,-24.094382238454514,-25069,0.23687905674582324,0.7631209432541768,0.26213170950867304,0.737868290491327
BIDAR,2791,-20,TotalNPK,2047,-26.657112146184165,-744,0.019931125577884706,0.9800688744221153,0.022037806800839776,0.9779621931991602
KALABURAGI,14621,-20,TotalNPK,12502,-14.492852746050202,-2119,0.1055400554409895,0.8944599445590105,0.11875050940251652,0.8812494905974835
YADGIRI,2673,-20,TotalNPK,1573,-41.1522633744856,-1100,0.13121857857210248,0.8687814214278975,0.14840686997799382,0.8515931300220062
RAICHUR,723,-20,TotalNPK,539,-25.44951590594744,-184,0.25992377987141646,0.7400762201285835,0.26909605996475633,0.7309039400352437
KOPPAL,190252,-20,TotalNPK,157447,-17.242919916742004,-32805,0.11870122518296872,0.8812987748170313,0.12762156100604538,0.8723784389939546
VIJAYANAGARA,104045,-20,TotalNPK,78976,-24.094382238454514,-25069,0.3053716320946721,0.6946283679053279,0.3333761934071371,0.6666238065928629
BENGALURU,2879,-20,SowingSeedsDistributed_Maize,2813,-2.2924626606460574,-66,0.03982434326688501,0.960175656733115,0.041308284291534624,0.9586917157084653
BENGALURU(R),42583,-20,SowingSeedsDistributed_Maize,40605,-4.645046145175305,-1978,0.008581672125402659,0.9914183278745974,0.03820812783429828,0.9617918721657017
RAMANAGARA,10450,-20,SowingSeedsDistributed_Maize,6631,-36.54545454545455,-3819,0.07660864232474762,0.9233913576752524,0.0793365260139938,0.9206634739860062
CHITRADURGA,271975,-20,SowingSeedsDistributed_Maize,198530,-27.004320250022978,-73445,0.14489911447171566,0.8551008855282843,0.09459865144981061,0.9054013485501894
DAVANAGERE,593544,-20,SowingSeedsDistributed_Maize,503652,-15.14495976709393,-89892,0.6682534628154498,0.33174653718455016,0.7040039551118629,0.29599604488813713
KOLAR,1759,-20,SowingSeedsDistributed_Maize,1003,-42.97896532120523,-756,0.12177361745717251,0.8782263825428275,0.09149174429963546,0.9085082557003645
CHIKKABALLAPURA,105491,-20,SowingSeedsDistributed_Maize,53561,-49.226948270468576,-51930,0.11527536290485627,0.8847246370951437,0.05048194652921726,0.9495180534707828
SHIVAMOGGA,226532,-20,SowingSeedsDistributed_Maize,170553,-24.711299065915632,-55979,0.013504980254201882,0.9864950197457981,0.00806270996640529,0.9919372900335948
TUMAKURU,66868,-20,SowingSeedsDistributed_Maize,42799,-35.99479571693486,-24069,0.09076231681463982,0.9092376831853601,0.0916817848151388,0.9083182151848612
CHIKKAMAGALURU,61353,-20,SowingSeedsDistributed_Maize,40267,-34.36832754714521,-21086,0.2559670627379171,0.7440329372620829,0.25622652148705855,0.7437734785129415
DAKSHINA KANNADA,0,-20,SowingSeedsDistributed_Maize,0,,0,0.17408987370776222,0.8259101262922378,0.16186176169259725,0.8381382383074027
UDUPI,109,-20,SowingSeedsDistributed_Maize,109,0.0,0,0.13121899977086787,0.8687810002291321,0.1101996021062162,0.8898003978937838
HASSAN,333937,-20,SowingSeedsDistributed_Maize,269569,-19.275492083836173,-64368,0.47762227119359874,0.5223777288064013,0.4562472368487236,0.5437527631512764
KODAGU,17921,-20,SowingSeedsDistributed_Maize,16143,-9.92132135483511,-1778,0.23437071781255195,0.7656292821874481,0.22962018748395052,0.7703798125160495
MANDYA,19387,-20,SowingSeedsDistributed_Maize,13660,-29.540413679269612,-5727,0.2019597536155702,0.7980402463844298,0.20235122664061694,0.7976487733593831
MYSURU,137154,-20,SowingSeedsDistributed_Maize,125806,-8.27391107805824,-11348,0.012419045597293538,0.9875809544027064,0.03513537124840166,0.9648646287515983
CHAMARAJANAGAR,147886,-20,SowingSeedsDistributed_Maize,133068,-10.019880177974926,-14818,0.15537573176265507,0.8446242682373449,0.16751447427985994,0.83248552572014
BELAGAVI,576758,-20,SowingSeedsDistributed_Maize,475954,-17.47769428425787,-100804,0.7253265132829243,0.2746734867170757,0.7099219302216611,0.29007806977833894
VIJAYAPURA,226327,-20,SowingSeedsDistributed_Maize,203570,-10.054920535331622,-22757,0.09608756890811804,0.903912431091882,0.12771278581242607,0.8722872141875739
BAGALKOT,251699,-20,SowingSeedsDistributed_Maize,203533,-19.136349369683632,-48166,0.04244302023101909,0.9575569797689809,0.032179361940387397,0.9678206380596126
DHARAWAD,90634,-20,SowingSeedsDistributed_Maize,69670,-23.130392567910498,-20964,0.33286201191487064,0.6671379880851294,0.3126757165662004,0.6873242834337996
GADAG,138476,-20,SowingSeedsDistributed_Maize,103604,-25.18270313989428,-34872,0.18330281447421884,0.8166971855257812,0.18775237096816272,0.8122476290318372
HAVERI,413487,-20,SowingSeedsDistributed_Maize,317416,-23.234345940742998,-96071,0.38823575000336963,0.6117642499966304,0.33898122399706826,0.6610187760029318
UTTARA KANNADA,24088,-20,SowingSeedsDistributed_Maize,11625,-51.739455330454994,-12463,0.3999973043279016,0.6000026956720984,0.3874012214783224,0.6125987785216775
BALLARI,104045,-20,SowingSeedsDistributed_Maize,83854,-19.40602623864674,-20191,0.23687905674582324,0.7631209432541768,0.21941992827246928,0.7805800717275307
BIDAR,2791,-20,SowingSeedsDistributed_Maize,2617,-6.234324614833393,-174,0.019931125577884706,0.9800688744221153,0.021518826491307493,0.9784811735086925
KALABURAGI,14621,-20,SowingSeedsDistributed_Maize,13455,-7.974830722932769,-1166,0.1055400554409895,0.8944599445590105,0.11151549085479656,0.8884845091452034
YADGIRI,2673,-20,SowingSeedsDistributed_Maize,2673,0.0,0,0.13121857857210248,0.8687814214278975,0.13873799104672804,0.861262008953272
RAICHUR,723,-20,SowingSeedsDistributed_Maize,621,-14.107883817427386,-102,0.25992377987141646,0.7400762201285835,0.2554958582513323,0.7445041417486677
KOPPAL,190252,-20,SowingSeedsDistributed_Maize,152880,-19.643420305699806,-37372,0.11870122518296872,0.8812987748170313,0.11473557138659232,0.8852644286134077
VIJAYANAGARA,104045,-20,SowingSeedsDistributed_Maize,83854,-19.40602623864674,-20191,0.3053716320946721,0.6946283679053279,0.2835330744244041,0.7164669255755959
BENGALURU,2879,-20,LivestockCensus_2012_Cattle,1011,-64.88364015283085,-1868,0.03982434326688501,0.960175656733115,0.025577192767795794,0.9744228072322042
BENGALURU(R),42583,-20,LivestockCensus_2012_Cattle,24370,-42.770589202263814,-18213,0.008581672125402659,0.9914183278745974,0.008640243959829451,0.9913597560401706
RAMANAGARA,10450,-20,LivestockCensus_2012_Cattle,4827,-53.80861244019138,-5623,0.07660864232474762,0.9233913576752524,0.06373111711389497,0.936268882886105
CHITRADURGA,271975,-20,LivestockCensus_2012_Cattle,211002,-22.41860465116279,-60973,0.14489911447171566,0.8551008855282843,0.1049686108784248,0.8950313891215752
DAVANAGERE,593544,-20,LivestockCensus_2012_Cattle,531235,-10.497789548879274,-62309,0.6682534628154498,0.33174653718455016,0.7157218556759251,0.28427814432407494
KOLAR,1759,-20,LivestockCensus_2012_Cattle,101,-94.25810119386014,-1658,0.12177361745717251,0.8782263825428275,0.0732839515468672,0.9267160484531328
CHIKKABALLAPURA,105491,-20,LivestockCensus_2012_Cattle,53694,-49.10087116436473,-51797,0.11527536290485627,0.8847246370951437,0.0610803128558924,0.9389196871441076
SHIVAMOGGA,226532,-20,LivestockCensus_2012_Cattle,150356,-33.62703723977186,-76176,0.013504980254201882,0.9864950197457981,0.06357035963368374,0.9364296403663163
TUMAKURU,66868,-20,LivestockCensus_2012_Cattle,39267,-41.27684393132739,-27601,0.09076231681463982,0.9092376831853601,0.09336357732453623,0.9066364226754637
CHIKKAMAGALURU,61353,-20,LivestockCensus_2012_Cattle,43833,-28.556060828321357,-17520,0.2559670627379171,0.7440329372620829,0.240363895988996,0.759636104011004
DAKSHINA KANNADA,0,-20,LivestockCensus_2012_Cattle,0,,0,0.17408987370776222,0.8259101262922378,0.15401423099005146,0.8459857690099486
UDUPI,109,-20,LivestockCensus_2012_Cattle,68,-37.61467889908257,-41,0.13121899977086787,0.8687810002291321,0.09428736811392323,0.9057126318860768
HASSAN,333937,-20,LivestockCensus_2012_Cattle,268731,-19.526437621467522,-65206,0.47762227119359874,0.5223777288064013,0.4356113584383559,0.5643886415616441
KODAGU,17921,-20,LivestockCensus_2012_Cattle,14639,-18.313710172423413,-3282,0.23437071781255195,0.7656292821874481,0.21044735380763696,0.789552646192363
MANDYA,19387,-20,LivestockCensus_2012_Cattle,15598,-19.544024346211376,-3789,0.2019597536155702,0.7980402463844298,0.17264751004734252,0.8273524899526574
MYSURU,137154,-20,LivestockCensus_2012_Cattle,110577,-19.377488079093574,-26577,0.012419045597293538,0.9875809544027064,0.014198047944883163,0.9858019520551169
CHAMARAJANAGAR,147886,-20,LivestockCensus_2012_Cattle,113170,-23.474838727127654,-34716,0.15537573176265507,0.8446242682373449,0.130832243106472,0.869167756893528
BELAGAVI,576758,-20,LivestockCensus_2012_Cattle,452351,-21.570051910853426,-124407,0.7253265132829243,0.2746734867170757,0.6393686409969223,0.36063135900307774
VIJAYAPURA,226327,-20,LivestockCensus_2012_Cattle,188296,-16.803562986298587,-38031,0.09608756890811804,0.903912431091882,0.10770638229785306,0.892293617702147
BAGALKOT,251699,-20,LivestockCensus_2012_Cattle,192581,-23.48757841707754,-59118,0.04244302023101909,0.9575569797689809,0.02190330079908137,0.9780966992009186
DHARAWAD,90634,-20,LivestockCensus_2012_Cattle,64489,-28.846790387713224,-26145,0.33286201191487064,0.6671379880851294,0.3066293636526207,0.6933706363473793
GADAG,138476,-20,LivestockCensus_2012_Cattle,111676,-19.353534186429417,-26800,0.18330281447421884,0.8166971855257812,0.15609852513482733,0.8439014748651726
HAVERI,413487,-20,LivestockCensus_2012_Cattle,339060,-17.999840381922528,-74427,0.38823575000336963,0.6117642499966304,0.3623271379763328,0.6376728620236671
UTTARA KANNADA,24088,-20,LivestockCensus_2012_Cattle,6438,-73.27299900365327,-17650,0.3999973043279016,0.6000026956720984,0.36674315510084987,0.6332568448991501
BALLARI,104045,-20,LivestockCensus_2012_Cattle,80930,-22.216348695276082,-23115,0.23687905674582324,0.7631209432541768,0.2312121754025996,0.7687878245974004
BIDAR,2791,-20,LivestockCensus_2012_Cattle,452,-83.80508778215693,-2339,0.019931125577884706,0.9800688744221153,0.01512513294493021,0.9848748670550698
KALABURAGI,14621,-20,LivestockCensus_2012_Cattle,8487,-41.953354763696055,-6134,0.1055400554409895,0.8944599445590105,0.10335915367022128,0.8966408463297787
YADGIRI,2673,-20,LivestockCensus_2012_Cattle,1437,-46.240179573512904,-1236,0.13121857857210248,0.8687814214278975,0.12110710576926091,0.8788928942307391
RAICHUR,723,-20,LivestockCensus_2012_Cattle,537,-25.72614107883817,-186,0.25992377987141646,0.7400762201285835,0.23056651011322674,0.7694334898867733
KOPPAL,190252,-20,LivestockCensus_2012_Cattle,151866,-20.17639761999874,-38386,0.11870122518296872,0.8812987748170313,0.11018701704518716,0.8898129829548128
VIJAYANAGARA,104045,-20,LivestockCensus_2012_Cattle,80930,-22.216348695276082,-23115,0.3053716320946721,0.6946283679053279,0.2949695834549054,0.7050304165450946
BENGALURU,2879,-20,AreaUnderCereals_Maize,2132,-25.946509204584927,-747,0.03982434326688501,0.960175656733115,0.037268969835306795,0.9627310301646932
BENGALURU(R),42583,-20,AreaUnderCereals_Maize,32748,-23.096071202122914,-9835,0.008581672125402659,0.9914183278745974,0.013501989316340932,0.986498010683659
RAMANAGARA,10450,-20,AreaUnderCereals_Maize,9135,-12.583732057416269,-1315,0.07660864232474762,0.9233913576752524,0.06803025979995879,0.9319697402000412
CHITRADURGA,271975,-20,AreaUnderCereals_Maize,210987,-22.424119863958083,-60988,0.14489911447171566,0.8551008855282843,0.1308316293372644,0.8691683706627356
DAVANAGERE,593544,-20,AreaUnderCereals_Maize,478837,-19.32577871227744,-114707,0.6682534628154498,0.33174653718455016,0.6441366023639312,0.3558633976360688
KOLAR,1759,-20,AreaUnderCereals_Maize,1335,-24.104604889141555,-424,0.12177361745717251,0.8782263825428275,0.0953940589978918,0.9046059410021082
CHIKKABALLAPURA,105491,-20,AreaUnderCereals_Maize,66212,-37.23445601994483,-39279,0.11527536290485627,0.8847246370951437,0.07509405001558694,0.924905949984413
SHIVAMOGGA,226532,-20,AreaUnderCereals_Maize,197539,-12.79863330566984,-28993,0.013504980254201882,0.9864950197457981,0.0508040483776373,0.9491959516223627
TUMAKURU,66868,-20,AreaUnderCereals_Maize,50854,-23.948675001495484,-16014,0.09076231681463982,0.9092376831853601,0.08143770847061543,0.9185622915293845
CHIKKAMAGALURU,61353,-20,AreaUnderCereals_Maize,40159,-34.54435805910062,-21194,0.2559670627379171,0.7440329372620829,0.2621886668976402,0.7378113331023598
DAKSHINA KANNADA,0,-20,AreaUnderCereals_Maize,0,,0,0.17408987370776222,0.8259101262922378,0.16070367112083314,0.8392963288791668
UDUPI,109,-20,AreaUnderCereals_Maize,102,-6.422018348623854,-7,0.13121899977086787,0.8687810002291321,0.12821579723239337,0.8717842027676066
HASSAN,333937,-20,AreaUnderCereals_Maize,269073,-19.424023094176444,-64864,0.47762227119359874,0.5223777288064013,0.4578320414665462,0.5421679585334538
KODAGU,17921,-20,AreaUnderCereals_Maize,15092,-15.785949444785446,-2829,0.23437071781255195,0.7656292821874481,0.2181914129165544,0.7818085870834456
MANDYA,19387,-20,AreaUnderCereals_Maize,15373,-20.704595863207302,-4014,0.2019597536155702,0.7980402463844298,0.18823291644871368,0.8117670835512864
MYSURU,137154,-20,AreaUnderCereals_Maize,106564,-22.303396182393513,-30590,0.012419045597293538,0.9875809544027064,0.005189757794791305,0.9948102422052088
CHAMARAJANAGAR,147886,-20,AreaUnderCereals_Maize,116241,-21.398239184236505,-31645,0.15537573176265507,0.8446242682373449,0.1437505613940537,0.8562494386059463
BELAGAVI,576758,-20,AreaUnderCereals_Maize,504034,-12.609101217495034,-72724,0.7253265132829243,0.2746734867170757,0.742789718959532,0.25721028104046795
VIJAYAPURA,226327,-20,AreaUnderCereals_Maize,204034,-9.849907434817764,-22293,0.09608756890811804,0.903912431091882,0.10869315389858453,0.8913068461014155
BAGALKOT,251699,-20,AreaUnderCereals_Maize,227136,-9.75887866062241,-24563,0.04244302023101909,0.9575569797689809,0.05713578074722209,0.9428642192527779
DHARAWAD,90634,-20,AreaUnderCereals_Maize,73501,-18.90350199704305,-17133,0.33286201191487064,0.6671379880851294,0.3318621506808059,0.6681378493191941
GADAG,138476,-20,AreaUnderCereals_Maize,119534,-13.678904647736791,-18942,0.18330281447421884,0.8166971855257812,0.1716082552665367,0.8283917447334633
HAVERI,413487,-20,AreaUnderCereals_Maize,318844,-22.8889904640291,-94643,0.38823575000336963,0.6117642499966304,0.3357078886526315,0.6642921113473685
UTTARA KANNADA,24088,-20,AreaUnderCereals_Maize,21550,-10.536366655596147,-2538,0.3999973043279016,0.6000026956720984,0.3908372564870734,0.6091627435129265
BALLARI,104045,-20,AreaUnderCereals_Maize,77467,-25.544716228554954,-26578,0.23687905674582324,0.7631209432541768,0.2341712351876886,0.7658287648123114
BIDAR,2791,-20,AreaUnderCereals_Maize,2054,-26.40630598351845,-737,0.019931125577884706,0.9800688744221153,0.022118265252746207,0.9778817347472538
KALABURAGI,14621,-20,AreaUnderCereals_Maize,13217,-9.602626359346147,-1404,0.1055400554409895,0.8944599445590105,0.11135218032241193,0.8886478196775881
YADGIRI,2673,-20,AreaUnderCereals_Maize,2160,-19.19191919191919,-513,0.13121857857210248,0.8687814214278975,0.1387693449786274,0.8612306550213726
RAICHUR,723,-20,AreaUnderCereals_Maize,-662,-191.56293222683266,-1385,0.25992377987141646,0.7400762201285835,0.26894051072328684,0.7310594892767132
KOPPAL,190252,-20,AreaUnderCereals_Maize,164559,-13.504720055505329,-25693,0.11870122518296872,0.8812987748170313,0.12754331320240303,0.8724566867975969
VIJAYANAGARA,104045,-20,AreaUnderCereals_Maize,77467,-25.544716228554954,-26578,0.3053716320946721,0.6946283679053279,0.2990004543989516,0.7009995456010484
BENGALURU,2879,-20,NetAreaIrrigatedUnderDifferentSources_TubeWells_NetIrrigatedArea,2385,-17.15873567210837,-494,0.03982434326688501,0.960175656733115,0.03473211973522173,0.9652678802647783
BENGALURU(R),42583,-20,NetAreaIrrigatedUnderDifferentSources_TubeWells_NetIrrigatedArea,33600,-21.095272761430618,-8983,0.008581672125402659,0.9914183278745974,0.020040577474471397,0.9799594225255286
RAMANAGARA,10450,-20,NetAreaIrrigatedUnderDifferentSources_TubeWells_NetIrrigatedArea,8455,-19.090909090909093,-1995,0.07660864232474762,0.9233913576752524,0.05909034170406763,0.9409096582959324
CHITRADURGA,271975,-20,NetAreaIrrigatedUnderDifferentSources_TubeWells_NetIrrigatedArea,193009,-29.034286239544077,-78966,0.14489911447171566,0.8551008855282843,0.06742642305277491,0.9325735769472251
DAVANAGERE,593544,-20,NetAreaIrrigatedUnderDifferentSources_TubeWells_NetIrrigatedArea,536751,-9.568456592940034,-56793,0.6682534628154498,0.33174653718455016,0.6969988567014003,0.30300114329859973
KOLAR,1759,-20,NetAreaIrrigatedUnderDifferentSources_TubeWells_NetIrrigatedArea,1195,-32.0636725412166,-564,0.12177361745717251,0.8782263825428275,0.08923411414231179,0.9107658858576883
CHIKKABALLAPURA,105491,-20,NetAreaIrrigatedUnderDifferentSources_TubeWells_NetIrrigatedArea,64583,-38.7786635826753,-40908,0.11527536290485627,0.8847246370951437,0.07536455451410431,0.9246354454858957
SHIVAMOGGA,226532,-20,NetAreaIrrigatedUnderDifferentSources_TubeWells_NetIrrigatedArea,209790,-7.3905673370649625,-16742,0.013504980254201882,0.9864950197457981,0.027494313005471838,0.9725056869945281
TUMAKURU,66868,-20,NetAreaIrrigatedUnderDifferentSources_TubeWells_NetIrrigatedArea,37598,-43.772806125500985,-29270,0.09076231681463982,0.9092376831853601,0.11289698841468661,0.8871030115853134
CHIKKAMAGALURU,61353,-20,NetAreaIrrigatedUnderDifferentSources_TubeWells_NetIrrigatedArea,52288,-14.775153619219925,-9065,0.2559670627379171,0.7440329372620829,0.24709302557690366,0.7529069744230963
DAKSHINA KANNADA,0,-20,NetAreaIrrigatedUnderDifferentSources_TubeWells_NetIrrigatedArea,0,,0,0.17408987370776222,0.8259101262922378,0.1804570461908781,0.8195429538091219
UDUPI,109,-20,NetAreaIrrigatedUnderDifferentSources_TubeWells_NetIrrigatedArea,108,-0.9174311926605505,-1,0.13121899977086787,0.8687810002291321,0.1324557383218662,0.8675442616781338
HASSAN,333937,-20,NetAreaIrrigatedUnderDifferentSources_TubeWells_NetIrrigatedArea,317152,-5.026397194680434,-16785,0.47762227119359874,0.5223777288064013,0.5111308595605784,0.48886914043942165
KODAGU,17921,-20,NetAreaIrrigatedUnderDifferentSources_TubeWells_NetIrrigatedArea,17894,-0.15066123542213047,-27,0.23437071781255195,0.7656292821874481,0.24481867135164476,0.7551813286483553
MANDYA,19387,-20,NetAreaIrrigatedUnderDifferentSources_TubeWells_NetIrrigatedArea,18282,-5.699695672357766,-1105,0.2019597536155702,0.7980402463844298,0.19060569984965092,0.8093943001503491
MYSURU,137154,-20,NetAreaIrrigatedUnderDifferentSources_TubeWells_NetIrrigatedArea,130750,-4.669203960511542,-6404,0.012419045597293538,0.9875809544027064,0.028261707942789094,0.9717382920572109
CHAMARAJANAGAR,147886,-20,NetAreaIrrigatedUnderDifferentSources_TubeWells_NetIrrigatedArea,108994,-26.298635435402947,-38892,0.15537573176265507,0.8446242682373449,0.10525985668090666,0.8947401433190934
BELAGAVI,576758,-20,NetAreaIrrigatedUnderDifferentSources_TubeWells_NetIrrigatedArea,487432,-15.487604853335368,-89326,0.7253265132829243,0.2746734867170757,0.6958228303254209,0.3041771696745791
VIJAYAPURA,226327,-20,NetAreaIrrigatedUnderDifferentSources_TubeWells_NetIrrigatedArea,174343,-22.968536674811226,-51984,0.09608756890811804,0.903912431091882,0.07159744462516138,0.9284025553748386
BAGALKOT,251699,-20,NetAreaIrrigatedUnderDifferentSources_TubeWells_NetIrrigatedArea,175957,-30.092292778278818,-75742,0.04244302023101909,0.9575569797689809,0.021263118280170856,0.9787368817198292
DHARAWAD,90634,-20,NetAreaIrrigatedUnderDifferentSources_TubeWells_NetIrrigatedArea,82077,-9.441269280843834,-8557,0.33286201191487064,0.6671379880851294,0.3072965863128341,0.6927034136871659
GADAG,138476,-20,NetAreaIrrigatedUnderDifferentSources_TubeWells_NetIrrigatedArea,114628,-17.221756838730176,-23848,0.18330281447421884,0.8166971855257812,0.16596123182417383,0.8340387681758261
HAVERI,413487,-20,NetAreaIrrigatedUnderDifferentSources_TubeWells_NetIrrigatedArea,363278,-12.142824320958095,-50209,0.38823575000336963,0.6117642499966304,0.377805138163293,0.622194861836707
UTTARA KANNADA,24088,-20,NetAreaIrrigatedUnderDifferentSources_TubeWells_NetIrrigatedArea,22737,-5.6086017934241115,-1351,0.3999973043279016,0.6000026956720984,0.38341800946807736,0.6165819905319226
BALLARI,104045,-20,NetAreaIrrigatedUnderDifferentSources_TubeWells_NetIrrigatedArea,78726,-24.33466288625114,-25319,0.23687905674582324,0.7631209432541768,0.23840716778224108,0.761592832217759
BIDAR,2791,-20,NetAreaIrrigatedUnderDifferentSources_TubeWells_NetIrrigatedArea,2293,-17.843067001074882,-498,0.019931125577884706,0.9800688744221153,0.020013004167668064,0.979986995832332
KALABURAGI,14621,-20,NetAreaIrrigatedUnderDifferentSources_TubeWells_NetIrrigatedArea,13035,-10.847411257779905,-1586,0.1055400554409895,0.8944599445590105,0.0869329229630375,0.9130670770369624
YADGIRI,2673,-20,NetAreaIrrigatedUnderDifferentSources_TubeWells_NetIrrigatedArea,2453,-8.23045267489712,-220,0.13121857857210248,0.8687814214278975,0.11222273766917373,0.8877772623308262
RAICHUR,723,-20,NetAreaIrrigatedUnderDifferentSources_TubeWells_NetIrrigatedArea,688,-4.840940525587829,-35,0.25992377987141646,0.7400762201285835,0.2190207377350019,0.780979262264998
KOPPAL,190252,-20,NetAreaIrrigatedUnderDifferentSources_TubeWells_NetIrrigatedArea,159759,-16.02768959064819,-30493,0.11870122518296872,0.8812987748170313,0.13044037179250714,0.8695596282074929
VIJAYANAGARA,104045,-20,NetAreaIrrigatedUnderDifferentSources_TubeWells_NetIrrigatedArea,78726,-24.33466288625114,-25319,0.3053716320946721,0.6946283679053279,0.3023732916504424,0.6976267083495575
