District,Original Rice Production Value,Perturbation,Factor,New Rice Production Values,Percentage Change,Change,Initial Stress,Initial Stability,Stress,Stability
BENGALURU,3376.0,10,TotalNPK,4536,34.360189573459714,1160.0,0.007851589718378814,0.9921484102816212,0.0059289604264459,0.9940710395735541
BENGALURU(R),2354.0,10,TotalNPK,2733,16.100254885301617,379.0,0.013544957207312441,0.9864550427926876,0.013518885939867255,0.9864811140601327
RAMANAGARA,12128.0,10,TotalNPK,12710,4.7988126649076515,582.0,0.10707049366489452,0.8929295063351055,0.10507223448568523,0.8949277655143147
CHITRADURGA,4566.0,10,TotalNPK,4979,9.045116075339465,413.0,0.41258163926566815,0.5874183607343318,0.4132002427048939,0.586799757295106
DAVANAGERE,489505.0,10,TotalNPK,537373,9.77885823433877,47868.0,0.6430597567259921,0.35694024327400786,0.6486437188941292,0.3513562811058708
KOLAR,864.0,10,TotalNPK,1108,28.240740740740737,244.0,0.0033762851518617312,0.9966237148481383,0.003432115217820197,0.9965678847821798
CHIKKABALLAPURA,2698.0,10,TotalNPK,3171,17.53150481838399,473.0,0.01433262164546839,0.9856673783545316,0.014136071084243168,0.9858639289157568
SHIVAMOGGA,384974.0,10,TotalNPK,424993,10.395247471257798,40019.0,0.36902390418013353,0.6309760958198665,0.38268382476111074,0.6173161752388893
TUMAKURU,26042.0,10,TotalNPK,28457,9.273481299439368,2415.0,0.09873849287204503,0.9012615071279549,0.09565944312946795,0.904340556870532
CHIKKAMAGALURU,110533.0,10,TotalNPK,123100,11.369455275799988,12567.0,0.15839722514284782,0.8416027748571522,0.15020954834235864,0.8497904516576413
DAKSHINA KANNADA,132588.0,10,TotalNPK,140198,5.739584276103418,7610.0,0.026233755944557458,0.9737662440554425,0.0215279613161157,0.9784720386838843
UDUPI,138156.0,10,TotalNPK,140654,1.8081009872897305,2498.0,0.11602272796527019,0.8839772720347299,0.13368451714010254,0.8663154828598975
HASSAN,143705.0,10,TotalNPK,149976,4.363800842002714,6271.0,0.03182822522923329,0.9681717747707668,0.03864014532513893,0.9613598546748611
KODAGU,86303.0,10,TotalNPK,100796,16.793158986362002,14493.0,0.25163752538477535,0.7483624746152246,0.2217064536422485,0.7782935463577515
MANDYA,246543.0,10,TotalNPK,262300,6.391177198298066,15757.0,0.2643972559049439,0.7356027440950561,0.2616894791895443,0.7383105208104557
MYSURU,354227.0,10,TotalNPK,369568,4.330838699478019,15341.0,0.4542855662794028,0.5457144337205972,0.42687910169409504,0.573120898305905
CHAMARAJANAGAR,45856.0,10,TotalNPK,47789,4.215369853454292,1933.0,0.32187116350470046,0.6781288364952995,0.3109569595876498,0.6890430404123502
BELAGAVI,177552.0,10,TotalNPK,197287,11.115053618094981,19735.0,0.28167278474455415,0.7183272152554459,0.29023559498062457,0.7097644050193754
VIJAYAPURA,170.0,10,TotalNPK,180,5.88235294117647,10.0,0.36634359694224766,0.6336564030577523,0.37062563514605107,0.6293743648539489
BAGALKOT,85.0,10,TotalNPK,95,11.76470588235294,10.0,0.3739518178512444,0.6260481821487556,0.3712178797568484,0.6287821202431516
DHARAWAD,33989.0,10,TotalNPK,37199,9.444231957397982,3210.0,0.16620230895650037,0.8337976910434997,0.1637597295999464,0.8362402704000536
GADAG,7258.0,10,TotalNPK,7647,5.359603196472857,389.0,0.27336997892216003,0.72663002107784,0.27093662073318786,0.7290633792668122
HAVERI,125422.0,10,TotalNPK,134172,6.976447513195453,8750.0,0.1749910543244107,0.8250089456755894,0.1796404415272114,0.8203595584727886
UTTARA KANNADA,152981.0,10,TotalNPK,161628,5.652335910995483,8647.0,0.03867410722447828,0.9613258927755217,0.046964513715432255,0.9530354862845678
BALLARI,206115.5,10,TotalNPK,222991,8.187399783131303,16875.5,0.036538695379504216,0.9634613046204958,0.036911457915109636,0.9630885420848904
BIDAR,2036.0,10,TotalNPK,2220,9.037328094302556,184.0,0.011888099102704483,0.9881119008972955,0.011271632190411668,0.9887283678095883
KALABURAGI,7888.0,10,TotalNPK,8276,4.918864097363083,388.0,0.1375981787291327,0.8624018212708673,0.1449491697035799,0.8550508302964202
YADGIRI,224659.0,10,TotalNPK,256062,13.978073435740388,31403.0,0.11753819651117203,0.882461803488828,0.13953359961385603,0.860466400386144
RAICHUR,492342.0,10,TotalNPK,534825,8.628758058422804,42483.0,0.7261148140097551,0.2738851859902449,0.7210512993273501,0.2789487006726499
KOPPAL,243505.0,10,TotalNPK,257772,5.859017268639247,14267.0,0.12416644151327455,0.8758335584867254,0.11178979969401309,0.8882102003059869
VIJAYANAGARA,206115.5,10,TotalNPK,222991,8.187399783131303,16875.5,0.0542810970692138,0.9457189029307862,0.05366929845132934,0.9463307015486706
BENGALURU,3376.0,10,AreaUnderCereals_Paddy,3703,9.68601895734597,327.0,0.007851589718378814,0.9921484102816212,0.008527083210473551,0.9914729167895264
BENGALURU(R),2354.0,10,AreaUnderCereals_Paddy,2662,13.084112149532709,308.0,0.013544957207312441,0.9864550427926876,0.014397077902930943,0.985602922097069
RAMANAGARA,12128.0,10,AreaUnderCereals_Paddy,13998,15.4188654353562,1870.0,0.10707049366489452,0.8929295063351055,0.10618660435218492,0.893813395647815
CHITRADURGA,4566.0,10,AreaUnderCereals_Paddy,5108,11.870346035917652,542.0,0.41258163926566815,0.5874183607343318,0.4100054549743469,0.5899945450256532
DAVANAGERE,489505.0,10,AreaUnderCereals_Paddy,530633,8.401957079090101,41128.0,0.6430597567259921,0.35694024327400786,0.624662135597885,0.37533786440211503
KOLAR,864.0,10,AreaUnderCereals_Paddy,1029,19.09722222222222,165.0,0.0033762851518617312,0.9966237148481383,0.0035558692575337622,0.9964441307424662
CHIKKABALLAPURA,2698.0,10,AreaUnderCereals_Paddy,3255,20.644922164566346,557.0,0.01433262164546839,0.9856673783545316,0.01493483517131568,0.9850651648286843
SHIVAMOGGA,384974.0,10,AreaUnderCereals_Paddy,430856,11.918207463361162,45882.0,0.36902390418013353,0.6309760958198665,0.38127948634782094,0.6187205136521791
TUMAKURU,26042.0,10,AreaUnderCereals_Paddy,30386,16.68074648644497,4344.0,0.09873849287204503,0.9012615071279549,0.09657331780385682,0.9034266821961432
CHIKKAMAGALURU,110533.0,10,AreaUnderCereals_Paddy,123743,11.951181999945717,13210.0,0.15839722514284782,0.8416027748571522,0.1583993441393778,0.8416006558606222
DAKSHINA KANNADA,132588.0,10,AreaUnderCereals_Paddy,152057,14.683832624370229,19469.0,0.026233755944557458,0.9737662440554425,0.031343987733679274,0.9686560122663207
UDUPI,138156.0,10,AreaUnderCereals_Paddy,157993,14.358406439097832,19837.0,0.11602272796527019,0.8839772720347299,0.11285853556053549,0.8871414644394645
HASSAN,143705.0,10,AreaUnderCereals_Paddy,160827,11.914686336592323,17122.0,0.03182822522923329,0.9681717747707668,0.030841184073440664,0.9691588159265594
KODAGU,86303.0,10,AreaUnderCereals_Paddy,97633,13.12816472196795,11330.0,0.25163752538477535,0.7483624746152246,0.25285096125493894,0.747149038745061
MANDYA,246543.0,10,AreaUnderCereals_Paddy,269930,9.48597202110788,23387.0,0.2643972559049439,0.7356027440950561,0.258524871734387,0.741475128265613
MYSURU,354227.0,10,AreaUnderCereals_Paddy,391624,10.55735446479235,37397.0,0.4542855662794028,0.5457144337205972,0.4545965530459398,0.5454034469540602
CHAMARAJANAGAR,45856.0,10,AreaUnderCereals_Paddy,51406,12.103105373342638,5550.0,0.32187116350470046,0.6781288364952995,0.32025490947691215,0.6797450905230878
BELAGAVI,177552.0,10,AreaUnderCereals_Paddy,193560,9.01595025682617,16008.0,0.28167278474455415,0.7183272152554459,0.27617834817479503,0.723821651825205
VIJAYAPURA,170.0,10,AreaUnderCereals_Paddy,183,7.647058823529412,13.0,0.36634359694224766,0.6336564030577523,0.3654136197440585,0.6345863802559415
BAGALKOT,85.0,10,AreaUnderCereals_Paddy,93,9.411764705882353,8.0,0.3739518178512444,0.6260481821487556,0.37203957067877574,0.6279604293212242
DHARAWAD,33989.0,10,AreaUnderCereals_Paddy,40240,18.39124422607314,6251.0,0.16620230895650037,0.8337976910434997,0.160220521023766,0.8397794789762341
GADAG,7258.0,10,AreaUnderCereals_Paddy,7704,6.144943510608983,446.0,0.27336997892216003,0.72663002107784,0.27275003369868317,0.7272499663013168
HAVERI,125422.0,10,AreaUnderCereals_Paddy,137179,9.37395353287302,11757.0,0.1749910543244107,0.8250089456755894,0.17708315781935824,0.8229168421806418
UTTARA KANNADA,152981.0,10,AreaUnderCereals_Paddy,170275,11.304671821990967,17294.0,0.03867410722447828,0.9613258927755217,0.03997353600283071,0.9600264639971693
BALLARI,206115.5,10,AreaUnderCereals_Paddy,226586,9.931567494923963,20470.5,0.036538695379504216,0.9634613046204958,0.034097275461461296,0.9659027245385388
BIDAR,2036.0,10,AreaUnderCereals_Paddy,2712,33.20235756385069,676.0,0.011888099102704483,0.9881119008972955,0.012920549035796428,0.9870794509642036
KALABURAGI,7888.0,10,AreaUnderCereals_Paddy,9723,23.263184584178497,1835.0,0.1375981787291327,0.8624018212708673,0.1351205745906312,0.8648794254093688
YADGIRI,224659.0,10,AreaUnderCereals_Paddy,246233,9.602998321901191,21574.0,0.11753819651117203,0.882461803488828,0.11430628452359892,0.8856937154764011
RAICHUR,492342.0,10,AreaUnderCereals_Paddy,542717,10.231708852789321,50375.0,0.7261148140097551,0.2738851859902449,0.727870864539718,0.27212913546028195
KOPPAL,243505.0,10,AreaUnderCereals_Paddy,265689,9.110285209749286,22184.0,0.12416644151327455,0.8758335584867254,0.11969946039983487,0.8803005396001651
VIJAYANAGARA,206115.5,10,AreaUnderCereals_Paddy,226586,9.931567494923963,20470.5,0.0542810970692138,0.9457189029307862,0.05731931011774877,0.9426806898822513
BENGALURU,3376.0,10,NetAreaIrrigated_Canals_NetAreaIrrigated,3376,0.0,0.0,0.007851589718378814,0.9921484102816212,0.007864772316001446,0.9921352276839985
BENGALURU(R),2354.0,10,NetAreaIrrigated_Canals_NetAreaIrrigated,2354,0.0,0.0,0.013544957207312441,0.9864550427926876,0.012768121456212474,0.9872318785437876
RAMANAGARA,12128.0,10,NetAreaIrrigated_Canals_NetAreaIrrigated,12873,6.1428100263852246,745.0,0.10707049366489452,0.8929295063351055,0.1045247264729628,0.8954752735270372
CHITRADURGA,4566.0,10,NetAreaIrrigated_Canals_NetAreaIrrigated,4591,0.5475251861585633,25.0,0.41258163926566815,0.5874183607343318,0.41026995424976104,0.589730045750239
DAVANAGERE,489505.0,10,NetAreaIrrigated_Canals_NetAreaIrrigated,538880,10.086720258220039,49375.0,0.6430597567259921,0.35694024327400786,0.6550292782969405,0.34497072170305954
KOLAR,864.0,10,NetAreaIrrigated_Canals_NetAreaIrrigated,864,0.0,0.0,0.0033762851518617312,0.9966237148481383,0.00308466114199278,0.9969153388580072
CHIKKABALLAPURA,2698.0,10,NetAreaIrrigated_Canals_NetAreaIrrigated,2698,0.0,0.0,0.01433262164546839,0.9856673783545316,0.013288913223025455,0.9867110867769745
SHIVAMOGGA,384974.0,10,NetAreaIrrigated_Canals_NetAreaIrrigated,421396,9.460898658091196,36422.0,0.36902390418013353,0.6309760958198665,0.3855629692183483,0.6144370307816517
TUMAKURU,26042.0,10,NetAreaIrrigated_Canals_NetAreaIrrigated,26356,1.2057445664695492,314.0,0.09873849287204503,0.9012615071279549,0.0961415221532706,0.9038584778467293
CHIKKAMAGALURU,110533.0,10,NetAreaIrrigated_Canals_NetAreaIrrigated,111508,0.8820895117295287,975.0,0.15839722514284782,0.8416027748571522,0.16648844710352326,0.8335115528964767
DAKSHINA KANNADA,132588.0,10,NetAreaIrrigated_Canals_NetAreaIrrigated,132588,0.0,0.0,0.026233755944557458,0.9737662440554425,0.02204270640967343,0.9779572935903266
UDUPI,138156.0,10,NetAreaIrrigated_Canals_NetAreaIrrigated,138156,0.0,0.0,0.11602272796527019,0.8839772720347299,0.12335350179567367,0.8766464982043263
HASSAN,143705.0,10,NetAreaIrrigated_Canals_NetAreaIrrigated,146511,1.9526112522180856,2806.0,0.03182822522923329,0.9681717747707668,0.03653615939271898,0.9634638406072811
KODAGU,86303.0,10,NetAreaIrrigated_Canals_NetAreaIrrigated,86671,0.42640464410275425,368.0,0.25163752538477535,0.7483624746152246,0.24287592374341507,0.757124076256585
MANDYA,246543.0,10,NetAreaIrrigated_Canals_NetAreaIrrigated,266561,8.119476115728292,20018.0,0.2643972559049439,0.7356027440950561,0.269588619048061,0.730411380951939
MYSURU,354227.0,10,NetAreaIrrigated_Canals_NetAreaIrrigated,373495,5.439449844308875,19268.0,0.4542855662794028,0.5457144337205972,0.4393749014003471,0.5606250985996529
CHAMARAJANAGAR,45856.0,10,NetAreaIrrigated_Canals_NetAreaIrrigated,47305,3.1598918353105376,1449.0,0.32187116350470046,0.6781288364952995,0.3161462151653226,0.6838537848346774
BELAGAVI,177552.0,10,NetAreaIrrigated_Canals_NetAreaIrrigated,190249,7.151144453455889,12697.0,0.28167278474455415,0.7183272152554459,0.27955901595226385,0.7204409840477362
VIJAYAPURA,170.0,10,NetAreaIrrigated_Canals_NetAreaIrrigated,202,18.823529411764707,32.0,0.36634359694224766,0.6336564030577523,0.3640007795172561,0.6359992204827438
BAGALKOT,85.0,10,NetAreaIrrigated_Canals_NetAreaIrrigated,85,0.0,0.0,0.3739518178512444,0.6260481821487556,0.3631087890570625,0.6368912109429374
DHARAWAD,33989.0,10,NetAreaIrrigated_Canals_NetAreaIrrigated,36608,7.705434111035923,2619.0,0.16620230895650037,0.8337976910434997,0.15395465807960357,0.8460453419203964
GADAG,7258.0,10,NetAreaIrrigated_Canals_NetAreaIrrigated,8244,13.585009644530174,986.0,0.27336997892216003,0.72663002107784,0.2645389911084656,0.7354610088915343
HAVERI,125422.0,10,NetAreaIrrigated_Canals_NetAreaIrrigated,126758,1.0652038717290429,1336.0,0.1749910543244107,0.8250089456755894,0.1915043224762135,0.8084956775237865
UTTARA KANNADA,152981.0,10,NetAreaIrrigated_Canals_NetAreaIrrigated,152981,0.0,0.0,0.03867410722447828,0.9613258927755217,0.05503466067799445,0.9449653393220055
BALLARI,206115.5,10,NetAreaIrrigated_Canals_NetAreaIrrigated,225734,9.51820702470217,19618.5,0.036538695379504216,0.9634613046204958,0.027576085789320914,0.9724239142106791
BIDAR,2036.0,10,NetAreaIrrigated_Canals_NetAreaIrrigated,2036,0.0,0.0,0.011888099102704483,0.9881119008972955,0.01111740086674895,0.988882599133251
KALABURAGI,7888.0,10,NetAreaIrrigated_Canals_NetAreaIrrigated,8026,1.7494929006085194,138.0,0.1375981787291327,0.8624018212708673,0.1433748766537675,0.8566251233462325
YADGIRI,224659.0,10,NetAreaIrrigated_Canals_NetAreaIrrigated,253589,12.877294032288935,28930.0,0.11753819651117203,0.882461803488828,0.13788113599173468,0.8621188640082653
RAICHUR,492342.0,10,NetAreaIrrigated_Canals_NetAreaIrrigated,529670,7.581721648772601,37328.0,0.7261148140097551,0.2738851859902449,0.7121350420846518,0.28786495791534816
KOPPAL,243505.0,10,NetAreaIrrigated_Canals_NetAreaIrrigated,250266,2.7765343627440915,6761.0,0.12416644151327455,0.8758335584867254,0.09720320344472383,0.9027967965552761
VIJAYANAGARA,206115.5,10,NetAreaIrrigated_Canals_NetAreaIrrigated,225734,9.51820702470217,19618.5,0.0542810970692138,0.9457189029307862,0.06184510497189716,0.9381548950281029
BENGALURU,3376.0,-10,TotalNPK,2215,-34.389810426540286,-1161.0,0.007851589718378814,0.9921484102816212,0.010103738683456948,0.9898962613165431
BENGALURU(R),2354.0,-10,TotalNPK,1974,-16.142735768903993,-380.0,0.013544957207312441,0.9864550427926876,0.013499368585810079,0.98650063141419
RAMANAGARA,12128.0,-10,TotalNPK,11545,-4.8070580474934035,-583.0,0.10707049366489452,0.8929295063351055,0.1088509151059175,0.8911490848940825
CHITRADURGA,4566.0,-10,TotalNPK,4152,-9.067017082785808,-414.0,0.41258163926566815,0.5874183607343318,0.40950545150561163,0.5904945484943884
DAVANAGERE,489505.0,-10,TotalNPK,441636,-9.779062522344,-47869.0,0.6430597567259921,0.35694024327400786,0.6327466813700207,0.36725331862997934
KOLAR,864.0,-10,TotalNPK,619,-28.35648148148148,-245.0,0.0033762851518617312,0.9966237148481383,0.0032904683136794548,0.9967095316863206
CHIKKABALLAPURA,2698.0,-10,TotalNPK,2224,-17.568569310600445,-474.0,0.01433262164546839,0.9856673783545316,0.014486212641327097,0.9855137873586729
SHIVAMOGGA,384974.0,-10,TotalNPK,344954,-10.395507229059625,-40020.0,0.36902390418013353,0.6309760958198665,0.35061629582199455,0.6493837041780055
TUMAKURU,26042.0,-10,TotalNPK,23626,-9.277321250287997,-2416.0,0.09873849287204503,0.9012615071279549,0.10185714539804502,0.898142854601955
CHIKKAMAGALURU,110533.0,-10,TotalNPK,97965,-11.370359982991504,-12568.0,0.15839722514284782,0.8416027748571522,0.16728029454137988,0.8327197054586202
DAKSHINA KANNADA,132588.0,-10,TotalNPK,124977,-5.7403384921712375,-7611.0,0.026233755944557458,0.9737662440554425,0.03170633014958296,0.968293669850417
UDUPI,138156.0,-10,TotalNPK,135657,-1.8088248067402068,-2499.0,0.11602272796527019,0.8839772720347299,0.09426802643046445,0.9057319735695355
HASSAN,143705.0,-10,TotalNPK,137433,-4.364496712014196,-6272.0,0.03182822522923329,0.9681717747707668,0.023510914868766664,0.9764890851312333
KODAGU,86303.0,-10,TotalNPK,71809,-16.794317694634024,-14494.0,0.25163752538477535,0.7483624746152246,0.2859654115456901,0.7140345884543099
MANDYA,246543.0,-10,TotalNPK,230785,-6.39158280705597,-15758.0,0.2643972559049439,0.7356027440950561,0.26613396652615473,0.7338660334738453
MYSURU,354227.0,-10,TotalNPK,338885,-4.331121004327733,-15342.0,0.4542855662794028,0.5457144337205972,0.4844497581061132,0.5155502418938869
CHAMARAJANAGAR,45856.0,-10,TotalNPK,43922,-4.2175505931612,-1934.0,0.32187116350470046,0.6781288364952995,0.3330850660168733,0.6669149339831266
BELAGAVI,177552.0,-10,TotalNPK,157816,-11.11561683337839,-19736.0,0.28167278474455415,0.7183272152554459,0.2698486384575708,0.7301513615424292
VIJAYAPURA,170.0,-10,TotalNPK,159,-6.470588235294119,-11.0,0.36634359694224766,0.6336564030577523,0.3591532824644718,0.6408467175355281
BAGALKOT,85.0,-10,TotalNPK,74,-12.941176470588237,-11.0,0.3739518178512444,0.6260481821487556,0.37509915870729066,0.6249008412927093
DHARAWAD,33989.0,-10,TotalNPK,30778,-9.44717408573362,-3211.0,0.16620230895650037,0.8337976910434997,0.16817850345943833,0.8318214965405617
GADAG,7258.0,-10,TotalNPK,6868,-5.37338109672086,-390.0,0.27336997892216003,0.72663002107784,0.2747280599449641,0.7252719400550359
HAVERI,125422.0,-10,TotalNPK,116671,-6.977244821482674,-8751.0,0.1749910543244107,0.8250089456755894,0.16844593341311764,0.8315540665868824
UTTARA KANNADA,152981.0,-10,TotalNPK,144333,-5.652989586942169,-8648.0,0.03867410722447828,0.9613258927755217,0.02855192714725291,0.971448072852747
BALLARI,206115.5,-10,TotalNPK,189239,-8.187884948002456,-16876.5,0.036538695379504216,0.9634613046204958,0.035886431836487875,0.9641135681635121
BIDAR,2036.0,-10,TotalNPK,1851,-9.086444007858546,-185.0,0.011888099102704483,0.9881119008972955,0.012557138537609161,0.9874428614623908
KALABURAGI,7888.0,-10,TotalNPK,7499,-4.931541582150102,-389.0,0.1375981787291327,0.8624018212708673,0.12803775441841714,0.8719622455815829
YADGIRI,224659.0,-10,TotalNPK,193255,-13.978518554787478,-31404.0,0.11753819651117203,0.882461803488828,0.0905983019997747,0.9094016980002253
RAICHUR,492342.0,-10,TotalNPK,449858,-8.628961169268516,-42484.0,0.7261148140097551,0.2738851859902449,0.7280499084004767,0.2719500915995233
KOPPAL,243505.0,-10,TotalNPK,229237,-5.859427937824686,-14268.0,0.12416644151327455,0.8758335584867254,0.13824724756772144,0.8617527524322786
VIJAYANAGARA,206115.5,-10,TotalNPK,189239,-8.187884948002456,-16876.5,0.0542810970692138,0.9457189029307862,0.05470440626315448,0.9452955937368455
BENGALURU,3376.0,-10,AreaUnderCereals_Paddy,3048,-9.715639810426541,-328.0,0.007851589718378814,0.9921484102816212,0.006921704215926835,0.9930782957840731
BENGALURU(R),2354.0,-10,AreaUnderCereals_Paddy,2045,-13.126593033135089,-309.0,0.013544957207312441,0.9864550427926876,0.01231987508364934,0.9876801249163507
RAMANAGARA,12128.0,-10,AreaUnderCereals_Paddy,10257,-15.427110817941953,-1871.0,0.10707049366489452,0.8929295063351055,0.10660941333928174,0.8933905866607182
CHITRADURGA,4566.0,-10,AreaUnderCereals_Paddy,4023,-11.892247043363994,-543.0,0.41258163926566815,0.5874183607343318,0.40980057996877095,0.590199420031229
DAVANAGERE,489505.0,-10,AreaUnderCereals_Paddy,448376,-8.402161367095331,-41129.0,0.6430597567259921,0.35694024327400786,0.6561335415272511,0.3438664584727489
KOLAR,864.0,-10,AreaUnderCereals_Paddy,698,-19.212962962962962,-166.0,0.0033762851518617312,0.9966237148481383,0.003110640196297123,0.9968893598037029
CHIKKABALLAPURA,2698.0,-10,AreaUnderCereals_Paddy,2140,-20.681986656782804,-558.0,0.01433262164546839,0.9856673783545316,0.013398765707487548,0.9866012342925125
SHIVAMOGGA,384974.0,-10,AreaUnderCereals_Paddy,339091,-11.918467221162988,-45883.0,0.36902390418013353,0.6309760958198665,0.348913227749275,0.651086772250725
TUMAKURU,26042.0,-10,AreaUnderCereals_Paddy,21697,-16.684586437293603,-4345.0,0.09873849287204503,0.9012615071279549,0.09994742041362609,0.9000525795863739
CHIKKAMAGALURU,110533.0,-10,AreaUnderCereals_Paddy,97322,-11.952086707137235,-13211.0,0.15839722514284782,0.8416027748571522,0.1561298237787196,0.8438701762212804
DAKSHINA KANNADA,132588.0,-10,AreaUnderCereals_Paddy,113118,-14.68458684043805,-19470.0,0.026233755944557458,0.9737662440554425,0.019673209904082084,0.9803267900959179
UDUPI,138156.0,-10,AreaUnderCereals_Paddy,118318,-14.359130258548308,-19838.0,0.11602272796527019,0.8839772720347299,0.11819373187597587,0.8818062681240242
HASSAN,143705.0,-10,AreaUnderCereals_Paddy,126582,-11.915382206603807,-17123.0,0.03182822522923329,0.9681717747707668,0.03256784891069969,0.9674321510893003
KODAGU,86303.0,-10,AreaUnderCereals_Paddy,74972,-13.12932343023997,-11331.0,0.25163752538477535,0.7483624746152246,0.24657074875455423,0.7534292512454458
MANDYA,246543.0,-10,AreaUnderCereals_Paddy,223155,-9.486377629865785,-23388.0,0.2643972559049439,0.7356027440950561,0.2677247378987285,0.7322752621012715
MYSURU,354227.0,-10,AreaUnderCereals_Paddy,316829,-10.557636769642066,-37398.0,0.4542855662794028,0.5457144337205972,0.4474135623466428,0.5525864376533571
CHAMARAJANAGAR,45856.0,-10,AreaUnderCereals_Paddy,40305,-12.105286113049546,-5551.0,0.32187116350470046,0.6781288364952995,0.31922522120603763,0.6807747787939624
BELAGAVI,177552.0,-10,AreaUnderCereals_Paddy,161543,-9.01651347210958,-16009.0,0.28167278474455415,0.7183272152554459,0.2842957840731653,0.7157042159268348
VIJAYAPURA,170.0,-10,AreaUnderCereals_Paddy,156,-8.235294117647058,-14.0,0.36634359694224766,0.6336564030577523,0.3622310952487174,0.6377689047512827
BAGALKOT,85.0,-10,AreaUnderCereals_Paddy,76,-10.588235294117647,-9.0,0.3739518178512444,0.6260481821487556,0.37091947356680793,0.629080526433192
DHARAWAD,33989.0,-10,AreaUnderCereals_Paddy,27737,-18.394186354408777,-6252.0,0.16620230895650037,0.8337976910434997,0.17106625027883116,0.8289337497211688
GADAG,7258.0,-10,AreaUnderCereals_Paddy,6811,-6.158721410856986,-447.0,0.27336997892216003,0.72663002107784,0.27021159300213504,0.729788406997865
HAVERI,125422.0,-10,AreaUnderCereals_Paddy,113664,-9.374750841160242,-11758.0,0.1749910543244107,0.8250089456755894,0.16995666167426154,0.8300433383257384
UTTARA KANNADA,152981.0,-10,AreaUnderCereals_Paddy,135686,-11.305325497937654,-17295.0,0.03867410722447828,0.9613258927755217,0.036548293553424094,0.963451706446576
BALLARI,206115.5,-10,AreaUnderCereals_Paddy,185644,-9.932052659795115,-20471.5,0.036538695379504216,0.9634613046204958,0.03897135209203029,0.9610286479079697
BIDAR,2036.0,-10,AreaUnderCereals_Paddy,1359,-33.25147347740668,-677.0,0.011888099102704483,0.9881119008972955,0.010468436314967657,0.9895315636850324
KALABURAGI,7888.0,-10,AreaUnderCereals_Paddy,6052,-23.275862068965516,-1836.0,0.1375981787291327,0.8624018212708673,0.13862963789129304,0.861370362108707
YADGIRI,224659.0,-10,AreaUnderCereals_Paddy,203084,-9.603443440948281,-21575.0,0.11753819651117203,0.882461803488828,0.11976949959104771,0.8802305004089523
RAICHUR,492342.0,-10,AreaUnderCereals_Paddy,441966,-10.231911963635035,-50376.0,0.7261148140097551,0.2738851859902449,0.713606959625251,0.286393040374749
KOPPAL,243505.0,-10,AreaUnderCereals_Paddy,221320,-9.110695878934724,-22185.0,0.12416644151327455,0.8758335584867254,0.1277979031898283,0.8722020968101717
VIJAYANAGARA,206115.5,-10,AreaUnderCereals_Paddy,185644,-9.932052659795115,-20471.5,0.0542810970692138,0.9457189029307862,0.04982749646813894,0.9501725035318611
BENGALURU,3376.0,-10,NetAreaIrrigated_Canals_NetAreaIrrigated,3376,0.0,0.0,0.007851589718378814,0.9921484102816212,0.007675923056125242,0.9923240769438748
BENGALURU(R),2354.0,-10,NetAreaIrrigated_Canals_NetAreaIrrigated,2354,0.0,0.0,0.013544957207312441,0.9864550427926876,0.01418990655684733,0.9858100934431526
RAMANAGARA,12128.0,-10,NetAreaIrrigated_Canals_NetAreaIrrigated,11382,-6.151055408970977,-746.0,0.10707049366489452,0.8929295063351055,0.10791881810128612,0.8920811818987139
CHITRADURGA,4566.0,-10,NetAreaIrrigated_Canals_NetAreaIrrigated,4540,-0.5694261936049059,-26.0,0.41258163926566815,0.5874183607343318,0.40696680141296776,0.5930331985870323
DAVANAGERE,489505.0,-10,NetAreaIrrigated_Canals_NetAreaIrrigated,440129,-10.08692454622527,-49376.0,0.6430597567259921,0.35694024327400786,0.6158649664746221,0.3841350335253779
KOLAR,864.0,-10,NetAreaIrrigated_Canals_NetAreaIrrigated,864,0.0,0.0,0.0033762851518617312,0.9966237148481383,0.00365331733083624,0.9963466826691637
CHIKKABALLAPURA,2698.0,-10,NetAreaIrrigated_Canals_NetAreaIrrigated,2698,0.0,0.0,0.01433262164546839,0.9856673783545316,0.015277841890346255,0.9847221581096537
SHIVAMOGGA,384974.0,-10,NetAreaIrrigated_Canals_NetAreaIrrigated,348551,-9.46115841589302,-36423.0,0.36902390418013353,0.6309760958198665,0.3419641306665435,0.6580358693334565
TUMAKURU,26042.0,-10,NetAreaIrrigated_Canals_NetAreaIrrigated,25727,-1.2095845173181785,-315.0,0.09873849287204503,0.9012615071279549,0.09981588963803772,0.9001841103619623
CHIKKAMAGALURU,110533.0,-10,NetAreaIrrigated_Canals_NetAreaIrrigated,109557,-0.8829942189210462,-976.0,0.15839722514284782,0.8416027748571522,0.14560827859166728,0.8543917214083327
DAKSHINA KANNADA,132588.0,-10,NetAreaIrrigated_Canals_NetAreaIrrigated,132588,0.0,0.0,0.026233755944557458,0.9737662440554425,0.030667972364918472,0.9693320276350815
UDUPI,138156.0,-10,NetAreaIrrigated_Canals_NetAreaIrrigated,138156,0.0,0.0,0.11602272796527019,0.8839772720347299,0.10499055896634418,0.8950094410336558
HASSAN,143705.0,-10,NetAreaIrrigated_Canals_NetAreaIrrigated,140898,-1.9533071222295675,-2807.0,0.03182822522923329,0.9681717747707668,0.02560839163913492,0.974391608360865
KODAGU,86303.0,-10,NetAreaIrrigated_Canals_NetAreaIrrigated,85934,-0.42756335237477255,-369.0,0.25163752538477535,0.7483624746152246,0.25692067699941457,0.7430793230005854
MANDYA,246543.0,-10,NetAreaIrrigated_Canals_NetAreaIrrigated,226524,-8.119881724486195,-20019.0,0.2643972559049439,0.7356027440950561,0.2528961662149478,0.7471038337850522
MYSURU,354227.0,-10,NetAreaIrrigated_Canals_NetAreaIrrigated,334958,-5.439732149158591,-19269.0,0.4542855662794028,0.5457144337205972,0.46274803320957775,0.5372519667904223
CHAMARAJANAGAR,45856.0,-10,NetAreaIrrigated_Canals_NetAreaIrrigated,44406,-3.162072575017446,-1450.0,0.32187116350470046,0.6781288364952995,0.32213524894360807,0.677864751056392
BELAGAVI,177552.0,-10,NetAreaIrrigated_Canals_NetAreaIrrigated,164854,-7.151707668739299,-12698.0,0.28167278474455415,0.7183272152554459,0.2784733441921706,0.7215266558078294
VIJAYAPURA,170.0,-10,NetAreaIrrigated_Canals_NetAreaIrrigated,137,-19.411764705882355,-33.0,0.36634359694224766,0.6336564030577523,0.3617017160919616,0.6382982839080384
BAGALKOT,85.0,-10,NetAreaIrrigated_Canals_NetAreaIrrigated,84,-1.1764705882352942,-1.0,0.3739518178512444,0.6260481821487556,0.379223131521622,0.620776868478378
DHARAWAD,33989.0,-10,NetAreaIrrigated_Canals_NetAreaIrrigated,31369,-7.708376239371562,-2620.0,0.16620230895650037,0.8337976910434997,0.1773436074640219,0.8226563925359781
GADAG,7258.0,-10,NetAreaIrrigated_Canals_NetAreaIrrigated,6271,-13.598787544778176,-987.0,0.27336997892216003,0.72663002107784,0.27829460358492353,0.7217053964150765
HAVERI,125422.0,-10,NetAreaIrrigated_Canals_NetAreaIrrigated,124085,-1.066001180016265,-1337.0,0.1749910543244107,0.8250089456755894,0.15189120562926145,0.8481087943707386
UTTARA KANNADA,152981.0,-10,NetAreaIrrigated_Canals_NetAreaIrrigated,152981,0.0,0.0,0.03867410722447828,0.9613258927755217,0.01851277891714964,0.9814872210828504
BALLARI,206115.5,-10,NetAreaIrrigated_Canals_NetAreaIrrigated,186496,-9.518692189573322,-19619.5,0.036538695379504216,0.9634613046204958,0.04641383600517879,0.9535861639948212
BIDAR,2036.0,-10,NetAreaIrrigated_Canals_NetAreaIrrigated,2036,0.0,0.0,0.011888099102704483,0.9881119008972955,0.012558003556598942,0.987441996443401
KALABURAGI,7888.0,-10,NetAreaIrrigated_Canals_NetAreaIrrigated,7749,-1.7621703853955375,-139.0,0.1375981787291327,0.8624018212708673,0.12797161754911207,0.8720283824508879
YADGIRI,224659.0,-10,NetAreaIrrigated_Canals_NetAreaIrrigated,195728,-12.877739151336026,-28931.0,0.11753819651117203,0.882461803488828,0.09106549227095512,0.9089345077290449
RAICHUR,492342.0,-10,NetAreaIrrigated_Canals_NetAreaIrrigated,455013,-7.581924759618314,-37329.0,0.7261148140097551,0.2738851859902449,0.7279716175491121,0.2720283824508879
KOPPAL,243505.0,-10,NetAreaIrrigated_Canals_NetAreaIrrigated,236743,-2.7769450319295292,-6762.0,0.12416644151327455,0.8758335584867254,0.15358660362386223,0.8464133963761378
VIJAYANAGARA,206115.5,-10,NetAreaIrrigated_Canals_NetAreaIrrigated,186496,-9.518692189573322,-19619.5,0.0542810970692138,0.9457189029307862,0.04422375066585482,0.9557762493341452
BENGALURU,3376.0,20,TotalNPK,5696,68.72037914691943,2320.0,0.007851589718378814,0.9921484102816212,0.004282765032402724,0.9957172349675972
BENGALURU(R),2354.0,20,TotalNPK,3112,32.20050977060323,758.0,0.013544957207312441,0.9864550427926876,0.013431749200185939,0.986568250799814
RAMANAGARA,12128.0,20,TotalNPK,13292,9.597625329815303,1164.0,0.10707049366489452,0.8929295063351055,0.10288206502419953,0.8971179349758005
CHITRADURGA,4566.0,20,TotalNPK,5392,18.09023215067893,826.0,0.41258163926566815,0.5874183607343318,0.41171693418282246,0.5882830658171776
DAVANAGERE,489505.0,20,TotalNPK,585241,19.55771646867754,95736.0,0.6430597567259921,0.35694024327400786,0.6501961367385816,0.34980386326141844
KOLAR,864.0,20,TotalNPK,1353,56.59722222222222,489.0,0.0033762851518617312,0.9966237148481383,0.003460733914850565,0.9965392660851494
CHIKKABALLAPURA,2698.0,20,TotalNPK,3644,35.06300963676798,946.0,0.01433262164546839,0.9856673783545316,0.013902750813486095,0.9860972491865139
SHIVAMOGGA,384974.0,20,TotalNPK,465013,20.790754700317425,80039.0,0.36902390418013353,0.6309760958198665,0.39232110141915727,0.6076788985808428
TUMAKURU,26042.0,20,TotalNPK,30872,18.546962598878736,4830.0,0.09873849287204503,0.9012615071279549,0.09260557740911028,0.9073944225908898
CHIKKAMAGALURU,110533.0,20,TotalNPK,135667,22.738910551599975,25134.0,0.15839722514284782,0.8416027748571522,0.1425937120356879,0.8574062879643121
DAKSHINA KANNADA,132588.0,20,TotalNPK,147808,11.479168552206836,15220.0,0.026233755944557458,0.9737662440554425,0.01746388873697738,0.9825361112630226
UDUPI,138156.0,20,TotalNPK,143153,3.616925794029937,4997.0,0.11602272796527019,0.8839772720347299,0.14789339572338736,0.8521066042766127
HASSAN,143705.0,20,TotalNPK,156247,8.727601684005428,12542.0,0.03182822522923329,0.9681717747707668,0.04418403015139499,0.9558159698486051
KODAGU,86303.0,20,TotalNPK,115290,33.587476680996026,28987.0,0.25163752538477535,0.7483624746152246,0.19544971881180898,0.804550281188191
MANDYA,246543.0,20,TotalNPK,278058,12.782760005354035,31515.0,0.2643972559049439,0.7356027440950561,0.2581444313800553,0.7418555686199447
MYSURU,354227.0,20,TotalNPK,384909,8.661677398956037,30682.0,0.4542855662794028,0.5457144337205972,0.40175232766399605,0.598247672336004
CHAMARAJANAGAR,45856.0,20,TotalNPK,49722,8.430739706908584,3866.0,0.32187116350470046,0.6781288364952995,0.30026808582392245,0.6997319141760776
BELAGAVI,177552.0,20,TotalNPK,217022,22.230107236189962,39470.0,0.28167278474455415,0.7183272152554459,0.2960320335785185,0.7039679664214815
VIJAYAPURA,170.0,20,TotalNPK,190,11.76470588235294,20.0,0.36634359694224766,0.6336564030577523,0.3724313663831998,0.6275686336168003
BAGALKOT,85.0,20,TotalNPK,105,23.52941176470588,20.0,0.3739518178512444,0.6260481821487556,0.36711841349703317,0.6328815865029669
DHARAWAD,33989.0,20,TotalNPK,40409,18.888463914795963,6420.0,0.16620230895650037,0.8337976910434997,0.1609113095075333,0.8390886904924667
GADAG,7258.0,20,TotalNPK,8036,10.719206392945715,778.0,0.27336997892216003,0.72663002107784,0.26757613370469185,0.7324238662953082
HAVERI,125422.0,20,TotalNPK,142923,13.953692334678127,17501.0,0.1749910543244107,0.8250089456755894,0.1826791427243288,0.8173208572756712
UTTARA KANNADA,152981.0,20,TotalNPK,170275,11.304671821990967,17294.0,0.03867410722447828,0.9613258927755217,0.05371229936288319,0.9462877006371169
BALLARI,206115.5,20,TotalNPK,239866,16.37455698382703,33750.5,0.036538695379504216,0.9634613046204958,0.03704730914815413,0.9629526908518459
BIDAR,2036.0,20,TotalNPK,2404,18.07465618860511,368.0,0.011888099102704483,0.9881119008972955,0.010698367558994832,0.9893016324410052
KALABURAGI,7888.0,20,TotalNPK,8664,9.837728194726166,776.0,0.1375981787291327,0.8624018212708673,0.15043112484391094,0.849568875156089
YADGIRI,224659.0,20,TotalNPK,287466,27.95659199052787,62807.0,0.11753819651117203,0.882461803488828,0.15736284670002648,0.8426371532999735
RAICHUR,492342.0,20,TotalNPK,577308,17.257516116845608,84966.0,0.7261148140097551,0.2738851859902449,0.7132950288479942,0.28670497115200577
KOPPAL,243505.0,20,TotalNPK,272040,11.718445206463933,28535.0,0.12416644151327455,0.8758335584867254,0.10083775395805417,0.8991622460419458
VIJAYANAGARA,206115.5,20,TotalNPK,239866,16.37455698382703,33750.5,0.0542810970692138,0.9457189029307862,0.052893116586001654,0.9471068834139984
BENGALURU,3376.0,20,AreaUnderCereals_Paddy,4030,19.37203791469194,654.0,0.007851589718378814,0.9921484102816212,0.009087827639879862,0.9909121723601202
BENGALURU(R),2354.0,20,AreaUnderCereals_Paddy,2970,26.168224299065418,616.0,0.013544957207312441,0.9864550427926876,0.015104782366005556,0.9848952176339945
RAMANAGARA,12128.0,20,AreaUnderCereals_Paddy,15868,30.8377308707124,3740.0,0.10707049366489452,0.8929295063351055,0.10545353976704536,0.8945464602329547
CHITRADURGA,4566.0,20,AreaUnderCereals_Paddy,5651,23.762593079281647,1085.0,0.41258163926566815,0.5874183607343318,0.40786588666607076,0.5921341133339293
DAVANAGERE,489505.0,20,AreaUnderCereals_Paddy,571762,16.80411844618543,82257.0,0.6430597567259921,0.35694024327400786,0.6093906428034601,0.3906093571965399
KOLAR,864.0,20,AreaUnderCereals_Paddy,1194,38.19444444444444,330.0,0.0033762851518617312,0.9966237148481383,0.0037057898011942847,0.9962942101988057
CHIKKABALLAPURA,2698.0,20,AreaUnderCereals_Paddy,3813,41.32690882134914,1115.0,0.01433262164546839,0.9856673783545316,0.015433061659732891,0.9845669383402671
SHIVAMOGGA,384974.0,20,AreaUnderCereals_Paddy,476739,23.83667468452415,91765.0,0.36902390418013353,0.6309760958198665,0.3914545077412643,0.6085454922587357
TUMAKURU,26042.0,20,AreaUnderCereals_Paddy,34730,33.36149297288994,8688.0,0.09873849287204503,0.9012615071279549,0.09477667331496477,0.9052233266850352
CHIKKAMAGALURU,110533.0,20,AreaUnderCereals_Paddy,136953,23.902363999891435,26420.0,0.15839722514284782,0.8416027748571522,0.1584020668104575,0.8415979331895425
DAKSHINA KANNADA,132588.0,20,AreaUnderCereals_Paddy,171527,29.368419464808277,38939.0,0.026233755944557458,0.9737662440554425,0.035587386655109465,0.9644126133448905
UDUPI,138156.0,20,AreaUnderCereals_Paddy,177830,28.716812878195665,39674.0,0.11602272796527019,0.8839772720347299,0.11023270167675403,0.889767298323246
HASSAN,143705.0,20,AreaUnderCereals_Paddy,177949,23.829372673184647,34244.0,0.03182822522923329,0.9681717747707668,0.030022659140976293,0.9699773408590238
KODAGU,86303.0,20,AreaUnderCereals_Paddy,108964,26.25748815220792,22661.0,0.25163752538477535,0.7483624746152246,0.2538571411707766,0.7461428588292234
MANDYA,246543.0,20,AreaUnderCereals_Paddy,293318,18.972349650973662,46775.0,0.2643972559049439,0.7356027440950561,0.2536514044901187,0.7463485955098813
MYSURU,354227.0,20,AreaUnderCereals_Paddy,429021,21.1147089295847,74794.0,0.4542855662794028,0.5457144337205972,0.45485344634235597,0.5451465536576441
CHAMARAJANAGAR,45856.0,20,AreaUnderCereals_Paddy,56957,24.208391486392184,11101.0,0.32187116350470046,0.6781288364952995,0.3189120914145408,0.6810879085854592
BELAGAVI,177552.0,20,AreaUnderCereals_Paddy,209569,18.03246372893575,32017.0,0.28167278474455415,0.7183272152554459,0.27161896217649173,0.7283810378235083
VIJAYAPURA,170.0,20,AreaUnderCereals_Paddy,196,15.294117647058824,26.0,0.36634359694224766,0.6336564030577523,0.3646422964260841,0.635357703573916
BAGALKOT,85.0,20,AreaUnderCereals_Paddy,101,18.823529411764707,16.0,0.3739518178512444,0.6260481821487556,0.37045283992505784,0.6295471600749422
DHARAWAD,33989.0,20,AreaUnderCereals_Paddy,46491,36.78248845214628,12502.0,0.16620230895650037,0.8337976910434997,0.1552553074161328,0.8447446925838672
GADAG,7258.0,20,AreaUnderCereals_Paddy,8150,12.289887021217966,892.0,0.27336997892216003,0.72663002107784,0.272236124036573,0.7277638759634271
HAVERI,125422.0,20,AreaUnderCereals_Paddy,148936,18.74790706574604,23514.0,0.1749910543244107,0.8250089456755894,0.17882058918263516,0.8211794108173649
UTTARA KANNADA,152981.0,20,AreaUnderCereals_Paddy,187569,22.609343643981934,34588.0,0.03867410722447828,0.9613258927755217,0.04105289962242259,0.9589471003775774
BALLARI,206115.5,20,AreaUnderCereals_Paddy,247057,19.8633775722835,40941.5,0.036538695379504216,0.9634613046204958,0.032070590326955084,0.9679294096730449
BIDAR,2036.0,20,AreaUnderCereals_Paddy,3389,66.45383104125737,1353.0,0.011888099102704483,0.9881119008972955,0.013775925772903805,0.9862240742270962
KALABURAGI,7888.0,20,AreaUnderCereals_Paddy,11558,46.52636916835699,3670.0,0.1375981787291327,0.8624018212708673,0.1330649762531528,0.8669350237468472
YADGIRI,224659.0,20,AreaUnderCereals_Paddy,267808,19.206441762849476,43149.0,0.11753819651117203,0.882461803488828,0.11162507806470362,0.8883749219352963
RAICHUR,492342.0,20,AreaUnderCereals_Paddy,593092,20.463417705578642,100750.0,0.7261148140097551,0.2738851859902449,0.7293277638277815,0.27067223617221847
KOPPAL,243505.0,20,AreaUnderCereals_Paddy,287874,18.22098108868401,44369.0,0.12416644151327455,0.8758335584867254,0.11599265418868077,0.8840073458113192
VIJAYANAGARA,206115.5,20,AreaUnderCereals_Paddy,247057,19.8633775722835,40941.5,0.0542810970692138,0.9457189029307862,0.05984126796752959,0.9401587320324705
BENGALURU,3376.0,20,NetAreaIrrigated_Canals_NetAreaIrrigated,3376,0.0,0.0,0.007851589718378814,0.9921484102816212,0.007838720097930872,0.9921612799020691
BENGALURU(R),2354.0,20,NetAreaIrrigated_Canals_NetAreaIrrigated,2354,0.0,0.0,0.013544957207312441,0.9864550427926876,0.012057058333475017,0.987942941666525
RAMANAGARA,12128.0,20,NetAreaIrrigated_Canals_NetAreaIrrigated,13619,12.293865435356201,1491.0,0.10707049366489452,0.8929295063351055,0.10188924970671745,0.8981107502932826
CHITRADURGA,4566.0,20,NetAreaIrrigated_Canals_NetAreaIrrigated,4616,1.0950503723171265,50.0,0.41258163926566815,0.5874183607343318,0.4063580257408572,0.5936419742591428
DAVANAGERE,489505.0,20,NetAreaIrrigated_Canals_NetAreaIrrigated,588255,20.173440516440078,98750.0,0.6430597567259921,0.35694024327400786,0.6618860193481477,0.3381139806518523
KOLAR,864.0,20,NetAreaIrrigated_Canals_NetAreaIrrigated,864,0.0,0.0,0.0033762851518617312,0.9966237148481383,0.0028257136542156175,0.9971742863457844
CHIKKABALLAPURA,2698.0,20,NetAreaIrrigated_Canals_NetAreaIrrigated,2698,0.0,0.0,0.01433262164546839,0.9856673783545316,0.012351871057687404,0.9876481289423126
SHIVAMOGGA,384974.0,20,NetAreaIrrigated_Canals_NetAreaIrrigated,457819,18.922057073984217,72845.0,0.36902390418013353,0.6309760958198665,0.39754662767567195,0.602453372324328
TUMAKURU,26042.0,20,NetAreaIrrigated_Canals_NetAreaIrrigated,26671,2.4153290837877277,629.0,0.09873849287204503,0.9012615071279549,0.0935035788972576,0.9064964211027424
CHIKKAMAGALURU,110533.0,20,NetAreaIrrigated_Canals_NetAreaIrrigated,112484,1.7650837306505751,1951.0,0.15839722514284782,0.8416027748571522,0.172456214068333,0.827543785931667
DAKSHINA KANNADA,132588.0,20,NetAreaIrrigated_Canals_NetAreaIrrigated,132588,0.0,0.0,0.026233755944557458,0.9737662440554425,0.018427920499175382,0.9815720795008246
UDUPI,138156.0,20,NetAreaIrrigated_Canals_NetAreaIrrigated,138156,0.0,0.0,0.11602272796527019,0.8839772720347299,0.12889470731251174,0.8711052926874883
HASSAN,143705.0,20,NetAreaIrrigated_Canals_NetAreaIrrigated,149318,3.905918374447653,5613.0,0.03182822522923329,0.9681717747707668,0.0402992898878442,0.9597007101121557
KODAGU,86303.0,20,NetAreaIrrigated_Canals_NetAreaIrrigated,87039,0.8528092882055085,736.0,0.25163752538477535,0.7483624746152246,0.2343721486418326,0.7656278513581674
MANDYA,246543.0,20,NetAreaIrrigated_Canals_NetAreaIrrigated,286580,16.239357840214485,40037.0,0.2643972559049439,0.7356027440950561,0.2726334223098764,0.7273665776901236
MYSURU,354227.0,20,NetAreaIrrigated_Canals_NetAreaIrrigated,392763,10.87889968861775,38536.0,0.4542855662794028,0.5457144337205972,0.42477515004165467,0.5752248499583453
CHAMARAJANAGAR,45856.0,20,NetAreaIrrigated_Canals_NetAreaIrrigated,48755,6.3219644103279835,2899.0,0.32187116350470046,0.6781288364952995,0.30982935772537423,0.6901706422746258
BELAGAVI,177552.0,20,NetAreaIrrigated_Canals_NetAreaIrrigated,202947,14.302852122195187,25395.0,0.28167278474455415,0.7183272152554459,0.2764428651580325,0.7235571348419675
VIJAYAPURA,170.0,20,NetAreaIrrigated_Canals_NetAreaIrrigated,234,37.64705882352941,64.0,0.36634359694224766,0.6336564030577523,0.36028495162963087,0.6397150483703691
BAGALKOT,85.0,20,NetAreaIrrigated_Canals_NetAreaIrrigated,85,0.0,0.0,0.3739518178512444,0.6260481821487556,0.3522835234711053,0.6477164765288947
DHARAWAD,33989.0,20,NetAreaIrrigated_Canals_NetAreaIrrigated,39227,15.410868222071846,5238.0,0.16620230895650037,0.8337976910434997,0.1429624938368159,0.8570375061631841
GADAG,7258.0,20,NetAreaIrrigated_Canals_NetAreaIrrigated,9231,27.18379718930835,1973.0,0.27336997892216003,0.72663002107784,0.25587160174779405,0.744128398252206
HAVERI,125422.0,20,NetAreaIrrigated_Canals_NetAreaIrrigated,128094,2.1304077434580857,2672.0,0.1749910543244107,0.8250089456755894,0.20440227436674052,0.7955977256332595
UTTARA KANNADA,152981.0,20,NetAreaIrrigated_Canals_NetAreaIrrigated,152981,0.0,0.0,0.03867410722447828,0.9613258927755217,0.0684625193396467,0.9315374806603534
BALLARI,206115.5,20,NetAreaIrrigated_Canals_NetAreaIrrigated,245354,19.03714179671107,39238.5,0.036538695379504216,0.9634613046204958,0.01994029908748446,0.9800597009125156
BIDAR,2036.0,20,NetAreaIrrigated_Canals_NetAreaIrrigated,2036,0.0,0.0,0.011888099102704483,0.9881119008972955,0.010420456670690446,0.9895795433293095
KALABURAGI,7888.0,20,NetAreaIrrigated_Canals_NetAreaIrrigated,8165,3.511663286004057,277.0,0.1375981787291327,0.8624018212708673,0.14751630764348178,0.8524836923565182
YADGIRI,224659.0,20,NetAreaIrrigated_Canals_NetAreaIrrigated,282519,25.75458806457787,57860.0,0.11753819651117203,0.882461803488828,0.15424112076440488,0.8457588792355951
RAICHUR,492342.0,20,NetAreaIrrigated_Canals_NetAreaIrrigated,566998,15.163443297545202,74656.0,0.7261148140097551,0.2738851859902449,0.6969991669075267,0.3030008330924733
KOPPAL,243505.0,20,NetAreaIrrigated_Canals_NetAreaIrrigated,257028,5.553479394673621,13523.0,0.12416644151327455,0.8758335584867254,0.07416835268714828,0.9258316473128517
VIJAYANAGARA,206115.5,20,NetAreaIrrigated_Canals_NetAreaIrrigated,245354,19.03714179671107,39238.5,0.0542810970692138,0.9457189029307862,0.06787890122470269,0.9321210987752973
BENGALURU,3376.0,-20,TotalNPK,1055,-68.75,-2321.0,0.007851589718378814,0.9921484102816212,0.012825580453265442,0.9871744195467346
BENGALURU(R),2354.0,-20,TotalNPK,1595,-32.242990654205606,-759.0,0.013544957207312441,0.9864550427926876,0.013443781287517402,0.9865562187124826
RAMANAGARA,12128.0,-20,TotalNPK,10963,-9.605870712401057,-1165.0,0.10707049366489452,0.8929295063351055,0.1110021580561291,0.8889978419438709
CHITRADURGA,4566.0,-20,TotalNPK,3739,-18.112133158125275,-827.0,0.41258163926566815,0.5874183607343318,0.4057882060636713,0.5942117939363287
DAVANAGERE,489505.0,-20,TotalNPK,393768,-19.55792075668277,-95737.0,0.6430597567259921,0.35694024327400786,0.6202831906495692,0.37971680935043084
KOLAR,864.0,-20,TotalNPK,374,-56.71296296296296,-490.0,0.0033762851518617312,0.9966237148481383,0.0031892092283292133,0.9968107907716708
CHIKKABALLAPURA,2698.0,-20,TotalNPK,1751,-35.10007412898443,-947.0,0.01433262164546839,0.9856673783545316,0.01467101715069484,0.9853289828493051
SHIVAMOGGA,384974.0,-20,TotalNPK,304934,-20.79101445811925,-80040.0,0.36902390418013353,0.6309760958198665,0.3283682493229989,0.6716317506770011
TUMAKURU,26042.0,-20,TotalNPK,21211,-18.550802549727365,-4831.0,0.09873849287204503,0.9012615071279549,0.10562585206039471,0.8943741479396052
CHIKKAMAGALURU,110533.0,-20,TotalNPK,85398,-22.73981525879149,-25135.0,0.15839722514284782,0.8416027748571522,0.17801525475268626,0.8219847452473137
DAKSHINA KANNADA,132588.0,-20,TotalNPK,117367,-11.479922768274657,-15221.0,0.026233755944557458,0.9737662440554425,0.0383214546133053,0.9616785453866947
UDUPI,138156.0,-20,TotalNPK,133158,-3.6176496134804137,-4998.0,0.11602272796527019,0.8839772720347299,0.06797815428505494,0.9320218457149451
HASSAN,143705.0,-20,TotalNPK,131162,-8.72829755401691,-12543.0,0.03182822522923329,0.9681717747707668,0.01345818469588761,0.9865418153041123
KODAGU,86303.0,-20,TotalNPK,57315,-33.58863538926805,-28988.0,0.25163752538477535,0.7483624746152246,0.32745494229225336,0.6725450577077466
MANDYA,246543.0,-20,TotalNPK,215027,-12.78316561411194,-31516.0,0.2643972559049439,0.7356027440950561,0.26823041852540197,0.731769581474598
MYSURU,354227.0,-20,TotalNPK,323544,-8.661959703805753,-30683.0,0.4542855662794028,0.5457144337205972,0.520906015305258,0.47909398469474196
CHAMARAJANAGAR,45856.0,-20,TotalNPK,41989,-8.432920446615492,-3867.0,0.32187116350470046,0.6781288364952995,0.3466368450643366,0.6533631549356633
BELAGAVI,177552.0,-20,TotalNPK,138081,-22.230670451473372,-39471.0,0.28167278474455415,0.7183272152554459,0.25555852898645015,0.7444414710135498
VIJAYAPURA,170.0,-20,TotalNPK,149,-12.352941176470589,-21.0,0.36634359694224766,0.6336564030577523,0.3504629140877609,0.6495370859122391
BAGALKOT,85.0,-20,TotalNPK,64,-24.705882352941178,-21.0,0.3739518178512444,0.6260481821487556,0.37648529011001425,0.6235147098899858
DHARAWAD,33989.0,-20,TotalNPK,27568,-18.8914060431316,-6421.0,0.16620230895650037,0.8337976910434997,0.17056622580779796,0.829433774192202
GADAG,7258.0,-20,TotalNPK,6479,-10.732984293193718,-779.0,0.27336997892216003,0.72663002107784,0.276369022337091,0.7236309776629091
HAVERI,125422.0,-20,TotalNPK,107920,-13.954489642965347,-17502.0,0.1749910543244107,0.8250089456755894,0.16053826191779746,0.8394617380822025
UTTARA KANNADA,152981.0,-20,TotalNPK,135686,-11.305325497937654,-17295.0,0.03867410722447828,0.9613258927755217,0.01631726125736843,0.9836827387426316
BALLARI,206115.5,-20,TotalNPK,172364,-16.37504214869818,-33751.5,0.036538695379504216,0.9634613046204958,0.035096383002528486,0.9649036169974715
BIDAR,2036.0,-20,TotalNPK,1667,-18.1237721021611,-369.0,0.011888099102704483,0.9881119008972955,0.013365708267147218,0.9866342917328528
KALABURAGI,7888.0,-20,TotalNPK,7111,-9.850405679513184,-777.0,0.1375981787291327,0.8624018212708673,0.11648265494098287,0.8835173450590171
YADGIRI,224659.0,-20,TotalNPK,161851,-27.957037109574955,-62808.0,0.11753819651117203,0.882461803488828,0.05803755197707239,0.9419624480229276
RAICHUR,492342.0,-20,TotalNPK,407375,-17.25771922769132,-84967.0,0.7261148140097551,0.2738851859902449,0.7303893093974875,0.2696106906025125
KOPPAL,243505.0,-20,TotalNPK,214969,-11.718855875649371,-28536.0,0.12416644151327455,0.8758335584867254,0.1552617042014578,0.8447382957985422
VIJAYANAGARA,206115.5,-20,TotalNPK,172364,-16.37504214869818,-33751.5,0.0542810970692138,0.9457189029307862,0.055217839275966796,0.9447821607240332
BENGALURU,3376.0,-20,AreaUnderCereals_Paddy,2721,-19.40165876777251,-655.0,0.007851589718378814,0.9921484102816212,0.005749314183688255,0.9942506858163117
BENGALURU(R),2354.0,-20,AreaUnderCereals_Paddy,1737,-26.210705182667798,-617.0,0.013544957207312441,0.9864550427926876,0.01075251916233401,0.989247480837666
RAMANAGARA,12128.0,-20,AreaUnderCereals_Paddy,8387,-30.84597625329815,-3741.0,0.10707049366489452,0.8929295063351055,0.10530847612475103,0.894691523875249
CHITRADURGA,4566.0,-20,AreaUnderCereals_Paddy,3480,-23.78449408672799,-1086.0,0.41258163926566815,0.5874183607343318,0.40358564660751167,0.5964143533924884
DAVANAGERE,489505.0,-20,AreaUnderCereals_Paddy,407247,-16.804322734190663,-82258.0,0.6430597567259921,0.35694024327400786,0.6673678324929986,0.3326321675070014
KOLAR,864.0,-20,AreaUnderCereals_Paddy,533,-38.31018518518518,-331.0,0.0033762851518617312,0.9966237148481383,0.0027665965091519945,0.997233403490848
CHIKKABALLAPURA,2698.0,-20,AreaUnderCereals_Paddy,1582,-41.36397331356561,-1116.0,0.01433262164546839,0.9856673783545316,0.012178918853870166,0.9878210811461299
SHIVAMOGGA,384974.0,-20,AreaUnderCereals_Paddy,293208,-23.836934442325976,-91766.0,0.36902390418013353,0.6309760958198665,0.32216838294705763,0.6778316170529424
TUMAKURU,26042.0,-20,AreaUnderCereals_Paddy,17353,-33.36533292373858,-8689.0,0.09873849287204503,0.9012615071279549,0.10071176137697249,0.8992882386230275
CHIKKAMAGALURU,110533.0,-20,AreaUnderCereals_Paddy,84112,-23.903268707082955,-26421.0,0.15839722514284782,0.8416027748571522,0.15229981338498727,0.8477001866150127
DAKSHINA KANNADA,132588.0,-20,AreaUnderCereals_Paddy,93648,-29.3691736808761,-38940.0,0.026233755944557458,0.9737662440554425,0.011603005066567779,0.9883969949334322
UDUPI,138156.0,-20,AreaUnderCereals_Paddy,98481,-28.71753669764614,-39675.0,0.11602272796527019,0.8839772720347299,0.11999390931261189,0.8800060906873881
HASSAN,143705.0,-20,AreaUnderCereals_Paddy,109460,-23.83006854319613,-34245.0,0.03182822522923329,0.9681717747707668,0.033233950342887675,0.9667660496571123
KODAGU,86303.0,-20,AreaUnderCereals_Paddy,63641,-26.25864686047994,-22662.0,0.25163752538477535,0.7483624746152246,0.2387295677494828,0.7612704322505172
MANDYA,246543.0,-20,AreaUnderCereals_Paddy,199767,-18.97275525973157,-46776.0,0.2643972559049439,0.7356027440950561,0.2698808140891353,0.7301191859108647
MYSURU,354227.0,-20,AreaUnderCereals_Paddy,279432,-21.114991234434417,-74795.0,0.4542855662794028,0.5457144337205972,0.43599129621124855,0.5640087037887515
CHAMARAJANAGAR,45856.0,-20,AreaUnderCereals_Paddy,34754,-24.210572226099092,-11102.0,0.32187116350470046,0.6781288364952995,0.3138046575748421,0.6861953424251579
BELAGAVI,177552.0,-20,AreaUnderCereals_Paddy,145534,-18.03302694421916,-32018.0,0.28167278474455415,0.7183272152554459,0.28548427104541246,0.7145157289545876
VIJAYAPURA,170.0,-20,AreaUnderCereals_Paddy,143,-15.88235294117647,-27.0,0.36634359694224766,0.6336564030577523,0.3547353866481327,0.6452646133518674
BAGALKOT,85.0,-20,AreaUnderCereals_Paddy,68,-20.0,-17.0,0.3739518178512444,0.6260481821487556,0.3646691013043403,0.6353308986956596
DHARAWAD,33989.0,-20,AreaUnderCereals_Paddy,21486,-36.78543058048192,-12503.0,0.16620230895650037,0.8337976910434997,0.17575439794291947,0.8242456020570805
GADAG,7258.0,-20,AreaUnderCereals_Paddy,6365,-12.30366492146597,-893.0,0.27336997892216003,0.72663002107784,0.2645102031293362,0.7354897968706637
HAVERI,125422.0,-20,AreaUnderCereals_Paddy,101907,-18.748704374033267,-23515.0,0.1749910543244107,0.8250089456755894,0.16268555808905383,0.8373144419109462
UTTARA KANNADA,152981.0,-20,AreaUnderCereals_Paddy,118392,-22.609997319928617,-34589.0,0.03867410722447828,0.9613258927755217,0.033722760751414005,0.966277239248586
BALLARI,206115.5,-20,AreaUnderCereals_Paddy,165173,-19.86386273715465,-40942.5,0.036538695379504216,0.9634613046204958,0.041640864863575267,0.9583591351364247
BIDAR,2036.0,-20,AreaUnderCereals_Paddy,682,-66.50294695481335,-1354.0,0.011888099102704483,0.9881119008972955,0.008681685450379317,0.9913183145496207
KALABURAGI,7888.0,-20,AreaUnderCereals_Paddy,4217,-46.53904665314402,-3671.0,0.1375981787291327,0.8624018212708673,0.138909423128403,0.8610905768715971
YADGIRI,224659.0,-20,AreaUnderCereals_Paddy,181509,-19.206886881896562,-43150.0,0.11753819651117203,0.882461803488828,0.12163037222777529,0.8783696277722247
RAICHUR,492342.0,-20,AreaUnderCereals_Paddy,391591,-20.463620816424356,-100751.0,0.7261148140097551,0.2738851859902449,0.6935166106307054,0.30648338936929465
KOPPAL,243505.0,-20,AreaUnderCereals_Paddy,199135,-18.221391757869448,-44370.0,0.12416644151327455,0.8758335584867254,0.13129606389327542,0.8687039361067246
VIJAYANAGARA,206115.5,-20,AreaUnderCereals_Paddy,165173,-19.86386273715465,-40942.5,0.0542810970692138,0.9457189029307862,0.044096494825780985,0.9559035051742191
BENGALURU,3376.0,-20,NetAreaIrrigated_Canals_NetAreaIrrigated,3376,0.0,0.0,0.007851589718378814,0.9921484102816212,0.007468851846619143,0.9925311481533808
BENGALURU(R),2354.0,-20,NetAreaIrrigated_Canals_NetAreaIrrigated,2354,0.0,0.0,0.013544957207312441,0.9864550427926876,0.014950155770699778,0.9850498442293002
RAMANAGARA,12128.0,-20,NetAreaIrrigated_Canals_NetAreaIrrigated,10636,-12.302110817941953,-1492.0,0.10707049366489452,0.8929295063351055,0.10891880048179961,0.8910811995182004
CHITRADURGA,4566.0,-20,NetAreaIrrigated_Canals_NetAreaIrrigated,4515,-1.1169513797634691,-51.0,0.41258163926566815,0.5874183607343318,0.40034578461258474,0.5996542153874153
DAVANAGERE,489505.0,-20,NetAreaIrrigated_Canals_NetAreaIrrigated,390754,-20.173644804445306,-98751.0,0.6430597567259921,0.35694024327400786,0.5838104634168342,0.4161895365831658
KOLAR,864.0,-20,NetAreaIrrigated_Canals_NetAreaIrrigated,864,0.0,0.0,0.0033762851518617312,0.9966237148481383,0.003979875527117991,0.996020124472882
CHIKKABALLAPURA,2698.0,-20,NetAreaIrrigated_Canals_NetAreaIrrigated,2698,0.0,0.0,0.01433262164546839,0.9856673783545316,0.016392042483934027,0.983607957516066
SHIVAMOGGA,384974.0,-20,NetAreaIrrigated_Canals_NetAreaIrrigated,312128,-18.92231683178604,-72846.0,0.36902390418013353,0.6309760958198665,0.31006582838642627,0.6899341716135737
TUMAKURU,26042.0,-20,NetAreaIrrigated_Canals_NetAreaIrrigated,25412,-2.419169034636357,-630.0,0.09873849287204503,0.9012615071279549,0.10108623850449183,0.8989137614955082
CHIKKAMAGALURU,110533.0,-20,NetAreaIrrigated_Canals_NetAreaIrrigated,108581,-1.7659884378420925,-1952.0,0.15839722514284782,0.8416027748571522,0.13053369125073938,0.8694663087492607
DAKSHINA KANNADA,132588.0,-20,NetAreaIrrigated_Canals_NetAreaIrrigated,132588,0.0,0.0,0.026233755944557458,0.9737662440554425,0.0358943105979152,0.9641056894020847
UDUPI,138156.0,-20,NetAreaIrrigated_Canals_NetAreaIrrigated,138156,0.0,0.0,0.11602272796527019,0.8839772720347299,0.09198613030141206,0.908013869698588
HASSAN,143705.0,-20,NetAreaIrrigated_Canals_NetAreaIrrigated,138091,-3.906614244459135,-5614.0,0.03182822522923329,0.9681717747707668,0.018277414725220098,0.98172258527478
KODAGU,86303.0,-20,NetAreaIrrigated_Canals_NetAreaIrrigated,85566,-0.8539679964775269,-737.0,0.25163752538477535,0.7483624746152246,0.26314671979553056,0.7368532802044694
MANDYA,246543.0,-20,NetAreaIrrigated_Canals_NetAreaIrrigated,206505,-16.23976344897239,-40038.0,0.2643972559049439,0.7356027440950561,0.23933850733116058,0.7606614926688394
MYSURU,354227.0,-20,NetAreaIrrigated_Canals_NetAreaIrrigated,315690,-10.879181993467466,-38537.0,0.4542855662794028,0.5457144337205972,0.4727251610987521,0.5272748389012478
CHAMARAJANAGAR,45856.0,-20,NetAreaIrrigated_Canals_NetAreaIrrigated,42956,-6.324145150034892,-2900.0,0.32187116350470046,0.6781288364952995,0.32244734407564474,0.6775526559243552
BELAGAVI,177552.0,-20,NetAreaIrrigated_Canals_NetAreaIrrigated,152156,-14.303415337478597,-25396.0,0.28167278474455415,0.7183272152554459,0.2747004916175967,0.7252995083824033
VIJAYAPURA,170.0,-20,NetAreaIrrigated_Canals_NetAreaIrrigated,105,-38.23529411764706,-65.0,0.36634359694224766,0.6336564030577523,0.35622903201860145,0.6437709679813985
BAGALKOT,85.0,-20,NetAreaIrrigated_Canals_NetAreaIrrigated,84,-1.1764705882352942,-1.0,0.3739518178512444,0.6260481821487556,0.38543537970455055,0.6145646202954494
DHARAWAD,33989.0,-20,NetAreaIrrigated_Canals_NetAreaIrrigated,28750,-15.413810350407484,-5239.0,0.16620230895650037,0.8337976910434997,0.19047487913103656,0.8095251208689634
GADAG,7258.0,-20,NetAreaIrrigated_Canals_NetAreaIrrigated,5284,-27.197575089556352,-1974.0,0.27336997892216003,0.72663002107784,0.2841003049048528,0.7158996950951473
HAVERI,125422.0,-20,NetAreaIrrigated_Canals_NetAreaIrrigated,122749,-2.131205051745308,-2673.0,0.1749910543244107,0.8250089456755894,0.12465966317130472,0.8753403368286953
UTTARA KANNADA,152981.0,-20,NetAreaIrrigated_Canals_NetAreaIrrigated,152981,0.0,0.0,0.03867410722447828,0.9613258927755217,0.005251903132415858,0.9947480968675841
BALLARI,206115.5,-20,NetAreaIrrigated_Canals_NetAreaIrrigated,166876,-19.03762696158222,-39239.5,0.036538695379504216,0.9634613046204958,0.05805678489412491,0.9419432151058751
BIDAR,2036.0,-20,NetAreaIrrigated_Canals_NetAreaIrrigated,2036,0.0,0.0,0.011888099102704483,0.9881119008972955,0.01334766918661593,0.9866523308133841
KALABURAGI,7888.0,-20,NetAreaIrrigated_Canals_NetAreaIrrigated,7610,-3.524340770791075,-278.0,0.1375981787291327,0.8624018212708673,0.1166256785783559,0.8833743214216441
YADGIRI,224659.0,-20,NetAreaIrrigated_Canals_NetAreaIrrigated,166798,-25.75503318362496,-57861.0,0.11753819651117203,0.882461803488828,0.05986096776588179,0.9401390322341182
RAICHUR,492342.0,-20,NetAreaIrrigated_Canals_NetAreaIrrigated,417685,-15.163646408390916,-74657.0,0.7261148140097551,0.2738851859902449,0.730161565705063,0.26983843429493704
KOPPAL,243505.0,-20,NetAreaIrrigated_Canals_NetAreaIrrigated,229981,-5.5538900638590585,-13524.0,0.12416644151327455,0.8758335584867254,0.18826583269676073,0.8117341673032392
VIJAYANAGARA,206115.5,-20,NetAreaIrrigated_Canals_NetAreaIrrigated,166876,-19.03762696158222,-39239.5,0.0542810970692138,0.9457189029307862,0.03236622198382344,0.9676337780161766
