District,KDG_District,Crop,Original Production,New Production,Impact,Stability,Stress,SI Score,Perturbation,Factor
BENGALURU,Bengaluru Urban,Groundnut,71.0,75,5.633802816901409,0.9612717958098203,0.03872820419017972,0.08066050830310816,10,TotalNPK
BENGALURU(R),Bengaluru Rural,Groundnut,206.0,212,2.912621359223301,0.9874328289466991,0.012567171053300808,0.03993812742519393,10,TotalNPK
RAMANAGARA,Ramanagara,Groundnut,4830.0,4873,0.8902691511387164,0.909928679261284,0.09007132073871608,0.011132611921175782,10,TotalNPK
CHITRADURGA,Chitradurga,Groundnut,68575.0,69745,1.7061611374407581,0.7952343933173296,0.20476560668267044,0.018313368451411335,10,TotalNPK
DAVANAGERE,Davanagere,Groundnut,16592.0,16897,1.8382352941176472,0.10884636256938673,0.8911536374306133,0.002704152103249385,10,TotalNPK
KOLAR,Kolar,Groundnut,5810.0,6120,5.335628227194492,0.8470354169877414,0.15296458301225854,0.05880469445583545,10,TotalNPK
CHIKKABALLAPURA,Chikkaballapura,Groundnut,7132.0,7367,3.295008412787437,0.8536690555194582,0.14633094448054187,0.037485087998652696,10,TotalNPK
SHIVAMOGGA,Shivamogga,Groundnut,248.0,252,1.6129032258064515,0.9894614887559126,0.010538511244087476,0.02619275566365932,10,TotalNPK
TUMAKURU,Tumakuru,Groundnut,39626.0,40318,1.7463281683742997,0.8753522319987774,0.12464776800122256,0.020643737865424686,10,TotalNPK
CHIKKAMAGALURU,Chikkamagaluru,Groundnut,3909.0,4130,5.653619851624456,0.6724132660988792,0.3275867339011208,0.049291367101099756,10,TotalNPK
DAKSHINA KANNADA,Dakshina Kannada,Groundnut,0.0,0,,0.7751940543547373,0.2248059456452627,,10,TotalNPK
UDUPI,Udupi,Groundnut,3623.0,3655,0.883245928788297,0.8351724718962075,0.1648275281037925,0.007594457293943336,10,TotalNPK
HASSAN,Hassan,Groundnut,521.0,532,2.111324376199616,0.36362634511660374,0.6363736548833963,0.010614398152866166,10,TotalNPK
KODAGU,Kodagu,Groundnut,45.0,48,6.666666666666667,0.698641517994661,0.301358482005339,0.07480868795996623,10,TotalNPK
MANDYA,Mandya,Groundnut,1021.0,1053,3.1341821743388834,0.7395485002612215,0.26045149973877846,0.03126057506236888,10,TotalNPK
MYSURU,Mysuru,Groundnut,2170.0,2216,2.1198156682027647,1.0,0.0,0.028967122227770606,10,TotalNPK
CHAMARAJANAGAR,Chamarajanagara,Groundnut,8867.0,9053,2.0976655012969436,0.8032548790719456,0.19674512092805443,0.022653168567525524,10,TotalNPK
BELAGAVI,Belagavi,Groundnut,39530.0,40938,3.561851758158361,0.0,1.0,0.0,10,TotalNPK
VIJAYAPURA,Vijayapura,Groundnut,27528.0,28067,1.9580063934902643,0.8935662538816236,0.10643374611837646,0.023573269350357445,10,TotalNPK
BAGALKOT,Bagalkote,Groundnut,25444.0,26431,3.879107058638579,0.9482098725860189,0.05179012741398118,0.048551737969991064,10,TotalNPK
DHARAWAD,Dharwad,Groundnut,21178.0,21819,3.026725847577675,0.5569254258676777,0.4430745741323224,0.02245271436715752,10,TotalNPK
GADAG,Gadag,Groundnut,31332.0,31870,1.7170943444401887,0.755649689834546,0.24435031016545403,0.017521574129785653,10,TotalNPK
HAVERI,Haveri,Groundnut,18309.0,18718,2.233874051013163,0.48386973642542763,0.5161302635745724,0.014530913666375033,10,TotalNPK
UTTARA KANNADA,Uttara Kannada,Groundnut,3825.0,3894,1.803921568627451,0.46215254568565356,0.5378474543143464,0.011285104203927577,10,TotalNPK
BALLARI,Ballari,Groundnut,22938.5,23727,3.4374523181550667,0.6961204419287996,0.3038795580712004,0.03172793611328794,10,TotalNPK
BIDAR,Bidar,Groundnut,261.0,270,3.4482758620689653,0.9881757755572628,0.01182422444273725,0.04956811486134604,10,TotalNPK
KALABURAGI,Kalaburagi,Groundnut,3114.0,3178,2.0552344251766215,0.8667197163897301,0.13328028361026986,0.024095221713946277,10,TotalNPK
YADGIRI,Yadgir,Groundnut,31435.0,33280,5.869254016223954,0.8346639530068318,0.16533604699316815,0.06319499145751815,10,TotalNPK
RAICHUR,Raichur,Groundnut,26958.0,27934,3.620446620669189,0.6567089047989718,0.34329109520102813,0.03063991539510931,10,TotalNPK
KOPPAL,Koppal,Groundnut,29982.0,30719,2.4581415515976253,0.8555038566645574,0.14449614333544264,0.028189804666597602,10,TotalNPK
VIJAYANAGARA,Vijayanagara,Groundnut,22938.5,23727,3.4374523181550667,0.6025393384745097,0.3974606615254903,0.027462675257591954,10,TotalNPK
BENGALURU,Bengaluru Urban,Maize,2879.0,3135,8.891976380687739,0.9612717958098203,0.03872820419017972,0.08066050830310816,10,TotalNPK
BENGALURU(R),Bengaluru Rural,Maize,42583.0,44357,4.165981729798276,0.9874328289466991,0.012567171053300808,0.03993812742519393,10,TotalNPK
RAMANAGARA,Ramanagara,Maize,10450.0,10579,1.2344497607655502,0.909928679261284,0.09007132073871608,0.011132611921175782,10,TotalNPK
CHITRADURGA,Chitradurga,Maize,271975.0,278347,2.3428623954407573,0.7952343933173296,0.20476560668267044,0.018313368451411335,10,TotalNPK
DAVANAGERE,Davanagere,Maize,593544.0,608566,2.5308991414284367,0.10884636256938673,0.8911536374306133,0.002704152103249385,10,TotalNPK
KOLAR,Kolar,Maize,1759.0,1888,7.333712336554861,0.8470354169877414,0.15296458301225854,0.05880469445583545,10,TotalNPK
CHIKKABALLAPURA,Chikkaballapura,Maize,105491.0,110281,4.540671716070565,0.8536690555194582,0.14633094448054187,0.037485087998652696,10,TotalNPK
SHIVAMOGGA,Shivamogga,Maize,226532.0,232627,2.6905691028199104,0.9894614887559126,0.010538511244087476,0.02619275566365932,10,TotalNPK
TUMAKURU,Tumakuru,Maize,66868.0,68473,2.4002512412514205,0.8753522319987774,0.12464776800122256,0.020643737865424686,10,TotalNPK
CHIKKAMAGALURU,Chikkamagaluru,Maize,61353.0,66120,7.769791208253875,0.6724132660988792,0.3275867339011208,0.049291367101099756,10,TotalNPK
DAKSHINA KANNADA,Dakshina Kannada,Maize,0.0,0,,0.7751940543547373,0.2248059456452627,,10,TotalNPK
UDUPI,Udupi,Maize,109.0,110,0.9174311926605505,0.8351724718962075,0.1648275281037925,0.007594457293943336,10,TotalNPK
HASSAN,Hassan,Maize,333937.0,343895,2.9819995987267056,0.36362634511660374,0.6363736548833963,0.010614398152866166,10,TotalNPK
KODAGU,Kodagu,Maize,17921.0,19977,11.472574075107415,0.698641517994661,0.301358482005339,0.07480868795996623,10,TotalNPK
MANDYA,Mandya,Maize,19387.0,20233,4.363748903904678,0.7395485002612215,0.26045149973877846,0.03126057506236888,10,TotalNPK
MYSURU,Mysuru,Maize,137154.0,141213,2.9594470449276,1.0,0.0,0.028967122227770606,10,TotalNPK
CHAMARAJANAGAR,Chamarajanagara,Maize,147886.0,152146,2.8805972167750835,0.8032548790719456,0.19674512092805443,0.022653168567525524,10,TotalNPK
BELAGAVI,Belagavi,Maize,576758.0,604981,4.89338682775098,0.0,1.0,0.0,10,TotalNPK
VIJAYAPURA,Vijayapura,Maize,226327.0,232417,2.69079694424439,0.8935662538816236,0.10643374611837646,0.023573269350357445,10,TotalNPK
BAGALKOT,Bagalkote,Maize,251699.0,265107,5.3269977234712895,0.9482098725860189,0.05179012741398118,0.048551737969991064,10,TotalNPK
DHARAWAD,Dharwad,Maize,90634.0,94402,4.157380232583799,0.5569254258676777,0.4430745741323224,0.02245271436715752,10,TotalNPK
GADAG,Gadag,Maize,138476.0,141743,2.3592535890695863,0.755649689834546,0.24435031016545403,0.017521574129785653,10,TotalNPK
HAVERI,Haveri,Maize,413487.0,426188,3.0716806090638884,0.48386973642542763,0.5161302635745724,0.014530913666375033,10,TotalNPK
UTTARA KANNADA,Uttara Kannada,Maize,24088.0,24687,2.486715376951179,0.46215254568565356,0.5378474543143464,0.011285104203927577,10,TotalNPK
BALLARI,Ballari,Maize,104045.0,108956,4.72007304531693,0.6961204419287996,0.3038795580712004,0.03172793611328794,10,TotalNPK
BIDAR,Bidar,Maize,2791.0,2936,5.19527051236116,0.9881757755572628,0.01182422444273725,0.04956811486134604,10,TotalNPK
KALABURAGI,Kalaburagi,Maize,14621.0,15036,2.838383147527529,0.8667197163897301,0.13328028361026986,0.024095221713946277,10,TotalNPK
YADGIRI,Yadgir,Maize,2673.0,2888,8.043396932285821,0.8346639530068318,0.16533604699316815,0.06319499145751815,10,TotalNPK
RAICHUR,Raichur,Maize,723.0,758,4.840940525587829,0.6567089047989718,0.34329109520102813,0.03063991539510931,10,TotalNPK
KOPPAL,Koppal,Maize,190252.0,196679,3.378151083825663,0.8555038566645574,0.14449614333544264,0.028189804666597602,10,TotalNPK
VIJAYANAGARA,Vijayanagara,Maize,104045.0,108956,4.72007304531693,0.6025393384745097,0.3974606615254903,0.027462675257591954,10,TotalNPK
BENGALURU,Bengaluru Urban,Groundnut,71.0,66,-7.042253521126761,0.9613806313427506,0.038619368657249346,-0.09186330587883411,-10,TotalNPK
BENGALURU(R),Bengaluru Rural,Groundnut,206.0,199,-3.3980582524271843,0.9890323202404167,0.010967679759583352,-0.04262701972491592,-10,TotalNPK
RAMANAGARA,Ramanagara,Groundnut,4830.0,4786,-0.9109730848861284,0.9087806507928674,0.09121934920713258,-0.011408394423913075,-10,TotalNPK
CHITRADURGA,Chitradurga,Groundnut,68575.0,67404,-1.7076193948231864,0.7748141424454142,0.22518585755458576,-0.01846570790030961,-10,TotalNPK
DAVANAGERE,Davanagere,Groundnut,16592.0,16286,-1.8442622950819672,0.04938168416638833,0.9506183158336117,-0.0012729349546065493,-10,TotalNPK
KOLAR,Kolar,Groundnut,5810.0,5499,-5.352839931153184,0.8463061534201782,0.1536938465798218,-0.06589481735544844,-10,TotalNPK
CHIKKABALLAPURA,Chikkaballapura,Groundnut,7132.0,6896,-3.3090297251822767,0.8559515326955477,0.1440484673044523,-0.04016041742943714,-10,TotalNPK
SHIVAMOGGA,Shivamogga,Groundnut,248.0,243,-2.0161290322580645,0.9883694397790113,0.01163056022098877,-0.027133358189263365,-10,TotalNPK
TUMAKURU,Tumakuru,Groundnut,39626.0,38933,-1.7488517639933376,0.8741930553692638,0.1258069446307361,-0.021363090297875025,-10,TotalNPK
CHIKKAMAGALURU,Chikkamagaluru,Groundnut,3909.0,3687,-5.6792018419033,0.6399111056039604,0.36008889439603964,-0.05255446449815052,-10,TotalNPK
DAKSHINA KANNADA,Dakshina Kannada,Groundnut,0.0,0,,0.7713913923477482,0.22860860765225174,,-10,TotalNPK
UDUPI,Udupi,Groundnut,3623.0,3590,-0.9108473640629312,0.831607344149775,0.16839265585022503,-0.015397835187583798,-10,TotalNPK
HASSAN,Hassan,Groundnut,521.0,509,-2.3032629558541267,0.3301650794687302,0.6698349205312698,-0.010073301068004052,-10,TotalNPK
KODAGU,Kodagu,Groundnut,45.0,41,-8.88888888888889,0.6781406152664398,0.3218593847335603,-0.08475696052991866,-10,TotalNPK
MANDYA,Mandya,Groundnut,1021.0,988,-3.232125367286973,0.7264625330471743,0.2735374669528256,-0.032764299674720096,-10,TotalNPK
MYSURU,Mysuru,Groundnut,2170.0,2123,-2.165898617511521,1.0,0.0,-0.030242905667140354,-10,TotalNPK
CHAMARAJANAGAR,Chamarajanagara,Groundnut,8867.0,8680,-2.108943272809293,0.7946364916062802,0.20536350839371978,-0.02337850623477443,-10,TotalNPK
BELAGAVI,Belagavi,Groundnut,39530.0,38121,-3.5643814824184163,0.0,1.0,-0.0,-10,TotalNPK
VIJAYAPURA,Vijayapura,Groundnut,27528.0,26988,-1.9616390584132521,0.8704973492010007,0.12950265079899928,-0.023886718630415135,-10,TotalNPK
BAGALKOT,Bagalkote,Groundnut,25444.0,24456,-3.8830372582927217,0.9655878409737612,0.0344121590262388,-0.053438139302236586,-10,TotalNPK
DHARAWAD,Dharwad,Groundnut,21178.0,20536,-3.0314477287751442,0.5441579694466552,0.4558420305533449,-0.023314697572540944,-10,TotalNPK
GADAG,Gadag,Groundnut,31332.0,30793,-1.7202859696157282,0.7652481528063287,0.23475184719367123,-0.018370348707052203,-10,TotalNPK
HAVERI,Haveri,Groundnut,18309.0,17899,-2.2393358457589163,0.4615076527569738,0.5384923472430262,-0.014494631378327115,-10,TotalNPK
UTTARA KANNADA,Uttara Kannada,Groundnut,3825.0,3755,-1.8300653594771243,0.4491670028475415,0.5508329971524585,-0.011392902339078111,-10,TotalNPK
BALLARI,Ballari,Groundnut,22938.5,22149,-3.441811801120387,0.6724686108530333,0.3275313891469666,-0.03284016115520515,-10,TotalNPK
BIDAR,Bidar,Groundnut,261.0,251,-3.8314176245210727,0.9892890460992136,0.0107109539007864,-0.05373348433588737,-10,TotalNPK
KALABURAGI,Kalaburagi,Groundnut,3114.0,3049,-2.0873474630700066,0.8618016871484282,0.13819831285157186,-0.02503199786919877,-10,TotalNPK
YADGIRI,Yadgir,Groundnut,31435.0,29589,-5.8724351837124225,0.8274595938520637,0.17254040614793625,-0.0707920502765605,-10,TotalNPK
RAICHUR,Raichur,Groundnut,26958.0,25981,-3.6241560946657767,0.6491589437904751,0.3508410562095249,-0.03349471255846932,-10,TotalNPK
KOPPAL,Koppal,Groundnut,29982.0,29244,-2.461476886131679,0.8455453874424586,0.15445461255754145,-0.029271445762205583,-10,TotalNPK
VIJAYANAGARA,Vijayanagara,Groundnut,22938.5,22149,-3.441811801120387,0.5738807403111175,0.4261192596888826,-0.02802559954698668,-10,TotalNPK
BENGALURU,Bengaluru Urban,Maize,2879.0,2622,-8.9267106634248,0.9613806313427506,0.038619368657249346,-0.09186330587883411,-10,TotalNPK
BENGALURU(R),Bengaluru Rural,Maize,42583.0,40808,-4.168330084775615,0.9890323202404167,0.010967679759583352,-0.04262701972491592,-10,TotalNPK
RAMANAGARA,Ramanagara,Maize,10450.0,10320,-1.244019138755981,0.9087806507928674,0.09121934920713258,-0.011408394423913075,-10,TotalNPK
CHITRADURGA,Chitradurga,Maize,271975.0,265602,-2.343230076293777,0.7748141424454142,0.22518585755458576,-0.01846570790030961,-10,TotalNPK
DAVANAGERE,Davanagere,Maize,593544.0,578521,-2.5310676209345897,0.04938168416638833,0.9506183158336117,-0.0012729349546065493,-10,TotalNPK
KOLAR,Kolar,Maize,1759.0,1629,-7.390562819783968,0.8463061534201782,0.1536938465798218,-0.06589481735544844,-10,TotalNPK
CHIKKABALLAPURA,Chikkaballapura,Maize,105491.0,100700,-4.54161966423676,0.8559515326955477,0.1440484673044523,-0.04016041742943714,-10,TotalNPK
SHIVAMOGGA,Shivamogga,Maize,226532.0,220436,-2.6910105415570427,0.9883694397790113,0.01163056022098877,-0.027133358189263365,-10,TotalNPK
TUMAKURU,Tumakuru,Maize,66868.0,65262,-2.4017467248908297,0.8741930553692638,0.1258069446307361,-0.021363090297875025,-10,TotalNPK
CHIKKAMAGALURU,Chikkamagaluru,Maize,61353.0,56585,-7.77142112040161,0.6399111056039604,0.36008889439603964,-0.05255446449815052,-10,TotalNPK
DAKSHINA KANNADA,Dakshina Kannada,Maize,0.0,0,,0.7713913923477482,0.22860860765225174,,-10,TotalNPK
UDUPI,Udupi,Maize,109.0,107,-1.834862385321101,0.831607344149775,0.16839265585022503,-0.015397835187583798,-10,TotalNPK
HASSAN,Hassan,Maize,333937.0,323978,-2.9822990564088436,0.3301650794687302,0.6698349205312698,-0.010073301068004052,-10,TotalNPK
KODAGU,Kodagu,Maize,17921.0,15864,-11.478154120863792,0.6781406152664398,0.3218593847335603,-0.08475696052991866,-10,TotalNPK
MANDYA,Mandya,Maize,19387.0,18540,-4.368906999535771,0.7264625330471743,0.2735374669528256,-0.032764299674720096,-10,TotalNPK
MYSURU,Mysuru,Maize,137154.0,133094,-2.960176152354288,1.0,0.0,-0.030242905667140354,-10,TotalNPK
CHAMARAJANAGAR,Chamarajanagara,Maize,147886.0,143625,-2.881273413304843,0.7946364916062802,0.20536350839371978,-0.02337850623477443,-10,TotalNPK
BELAGAVI,Belagavi,Maize,576758.0,548534,-4.893560210694954,0.0,1.0,-0.0,-10,TotalNPK
VIJAYAPURA,Vijayapura,Maize,226327.0,220236,-2.6912387828230835,0.8704973492010007,0.12950265079899928,-0.023886718630415135,-10,TotalNPK
BAGALKOT,Bagalkote,Maize,251699.0,238290,-5.327395023420832,0.9655878409737612,0.0344121590262388,-0.053438139302236586,-10,TotalNPK
DHARAWAD,Dharwad,Maize,90634.0,86865,-4.158483571286713,0.5441579694466552,0.4558420305533449,-0.023314697572540944,-10,TotalNPK
GADAG,Gadag,Maize,138476.0,135208,-2.3599757358675872,0.7652481528063287,0.23475184719367123,-0.018370348707052203,-10,TotalNPK
HAVERI,Haveri,Maize,413487.0,400785,-3.071922454635817,0.4615076527569738,0.5384923472430262,-0.014494631378327115,-10,TotalNPK
UTTARA KANNADA,Uttara Kannada,Maize,24088.0,23488,-2.4908668216539356,0.4491670028475415,0.5508329971524585,-0.011392902339078111,-10,TotalNPK
BALLARI,Ballari,Maize,104045.0,99133,-4.721034167908117,0.6724686108530333,0.3275313891469666,-0.03284016115520515,-10,TotalNPK
BIDAR,Bidar,Maize,2791.0,2645,-5.231099964170548,0.9892890460992136,0.0107109539007864,-0.05373348433588737,-10,TotalNPK
KALABURAGI,Kalaburagi,Maize,14621.0,14205,-2.8452226249914507,0.8618016871484282,0.13819831285157186,-0.02503199786919877,-10,TotalNPK
YADGIRI,Yadgir,Maize,2673.0,2457,-8.080808080808081,0.8274595938520637,0.17254040614793625,-0.0707920502765605,-10,TotalNPK
RAICHUR,Raichur,Maize,723.0,687,-4.979253112033195,0.6491589437904751,0.3508410562095249,-0.03349471255846932,-10,TotalNPK
KOPPAL,Koppal,Maize,190252.0,183824,-3.3786767024788174,0.8455453874424586,0.15445461255754145,-0.029271445762205583,-10,TotalNPK
VIJAYANAGARA,Vijayanagara,Maize,104045.0,99133,-4.721034167908117,0.5738807403111175,0.4261192596888826,-0.02802559954698668,-10,TotalNPK
BENGALURU,Bengaluru Urban,Groundnut,71.0,80,12.676056338028168,0.9612211455606586,0.038778854439341336,0.1492742689640747,20,TotalNPK
BENGALURU(R),Bengaluru Rural,Groundnut,206.0,218,5.825242718446602,0.9867310453006398,0.01326895469936021,0.07744672313006105,20,TotalNPK
RAMANAGARA,Ramanagara,Groundnut,4830.0,4917,1.8012422360248446,0.9104172686751727,0.08958273132482733,0.022157969197292106,20,TotalNPK
CHITRADURGA,Chitradurga,Groundnut,68575.0,70915,3.4123222748815163,0.8039348744851456,0.1960651255148544,0.036384747919338586,20,TotalNPK
DAVANAGERE,Davanagere,Groundnut,16592.0,17203,3.682497589199614,0.13420103715538778,0.8657989628446122,0.006543052031269253,20,TotalNPK
KOLAR,Kolar,Groundnut,5810.0,6430,10.671256454388985,0.8473421639149912,0.15265783608500882,0.1110206867582848,20,TotalNPK
CHIKKABALLAPURA,Chikkaballapura,Groundnut,7132.0,7603,6.604038137969715,0.8526883039378912,0.14731169606210875,0.07232922905081304,20,TotalNPK
SHIVAMOGGA,Shivamogga,Groundnut,248.0,257,3.6290322580645165,0.989850637935138,0.010149362064862022,0.05133221844657513,20,TotalNPK
TUMAKURU,Tumakuru,Groundnut,39626.0,41011,3.4951799323676376,0.8758168785597346,0.12418312144026548,0.04057411114301375,20,TotalNPK
CHIKKAMAGALURU,Chikkamagaluru,Groundnut,3909.0,4351,11.307239703248912,0.6862704775538471,0.31372952244615293,0.09458512277195616,20,TotalNPK
DAKSHINA KANNADA,Dakshina Kannada,Groundnut,0.0,0,,0.7768139167052976,0.22318608329470238,,20,TotalNPK
UDUPI,Udupi,Groundnut,3623.0,3688,1.7940932928512283,0.836690297090559,0.163309702909441,0.015076684267679271,20,TotalNPK
HASSAN,Hassan,Groundnut,521.0,543,4.222648752399232,0.3778925067997333,0.6221074932002667,0.021586910197229064,20,TotalNPK
KODAGU,Kodagu,Groundnut,45.0,52,15.555555555555555,0.7073830562027654,0.2926169437972346,0.13709518613935856,20,TotalNPK
MANDYA,Mandya,Groundnut,1021.0,1085,6.268364348677767,0.7451274917288429,0.2548725082711571,0.060990631576050953,20,TotalNPK
MYSURU,Mysuru,Groundnut,2170.0,2263,4.285714285714286,1.0,0.0,0.05665227200289977,20,TotalNPK
CHAMARAJANAGAR,Chamarajanagara,Groundnut,8867.0,9239,4.195331002593887,0.8069276097090049,0.19307239029099507,0.044543542511424214,20,TotalNPK
BELAGAVI,Belagavi,Groundnut,39530.0,42347,7.126233240576778,0.0,1.0,0.0,20,TotalNPK
VIJAYAPURA,Vijayapura,Groundnut,27528.0,28607,3.919645451903517,0.9033909530619694,0.09660904693803062,0.04671122486228661,20,TotalNPK
BAGALKOT,Bagalkote,Groundnut,25444.0,27418,7.758214117277158,0.9406742835152748,0.05932571648472515,0.09244416005904825,20,TotalNPK
DHARAWAD,Dharwad,Groundnut,21178.0,22460,6.05345169515535,0.5623697346011661,0.4376302653988339,0.04393494996445576,20,TotalNPK
GADAG,Gadag,Groundnut,31332.0,32409,3.437380314055917,0.7515445882034973,0.24845541179650266,0.03424797305012239,20,TotalNPK
HAVERI,Haveri,Groundnut,18309.0,19128,4.4732098967720795,0.49340554187939134,0.5065944581206087,0.028955779427679077,20,TotalNPK
UTTARA KANNADA,Uttara Kannada,Groundnut,3825.0,3963,3.607843137254902,0.467687970951546,0.532312029048454,0.022420948109439936,20,TotalNPK
BALLARI,Ballari,Groundnut,22938.5,24516,6.877084377792794,0.7062042535172999,0.29379574648270007,0.06208830781685522,20,TotalNPK
BIDAR,Bidar,Groundnut,261.0,280,7.2796934865900385,0.987701669932987,0.01229833006701298,0.09548470247143707,20,TotalNPK
KALABURAGI,Kalaburagi,Groundnut,3114.0,3242,4.110468850353243,0.8688105965981596,0.13118940340184038,0.04729304961048027,20,TotalNPK
YADGIRI,Yadgir,Groundnut,31435.0,35126,11.741689199936376,0.8376952107424877,0.16230478925751232,0.11893540080111173,20,TotalNPK
RAICHUR,Raichur,Groundnut,26958.0,28911,7.244602715334965,0.6599281211893526,0.3400718788106474,0.060111266241730424,20,TotalNPK
KOPPAL,Koppal,Groundnut,29982.0,31457,4.919618437729304,0.8597472379025456,0.14025276209745444,0.055233753217446994,20,TotalNPK
VIJAYANAGARA,Vijayanagara,Groundnut,22938.5,24516,6.877084377792794,0.6147579169337662,0.38524208306623375,0.05404849742737687,20,TotalNPK
BENGALURU,Bengaluru Urban,Maize,2879.0,3391,17.783952761375478,0.9612211455606586,0.038778854439341336,0.1492742689640747,20,TotalNPK
BENGALURU(R),Bengaluru Rural,Maize,42583.0,46132,8.33431181457389,0.9867310453006398,0.01326895469936021,0.07744672313006105,20,TotalNPK
RAMANAGARA,Ramanagara,Maize,10450.0,10709,2.4784688995215314,0.9104172686751727,0.08958273132482733,0.022157969197292106,20,TotalNPK
CHITRADURGA,Chitradurga,Maize,271975.0,284719,4.6857247908815145,0.8039348744851456,0.1960651255148544,0.036384747919338586,20,TotalNPK
DAVANAGERE,Davanagere,Maize,593544.0,623589,5.061966762363026,0.13420103715538778,0.8657989628446122,0.006543052031269253,20,TotalNPK
KOLAR,Kolar,Maize,1759.0,2017,14.667424673109721,0.8473421639149912,0.15265783608500882,0.1110206867582848,20,TotalNPK
CHIKKABALLAPURA,Chikkaballapura,Maize,105491.0,115072,9.082291380307325,0.8526883039378912,0.14731169606210875,0.07232922905081304,20,TotalNPK
SHIVAMOGGA,Shivamogga,Maize,226532.0,238722,5.381138205639821,0.989850637935138,0.010149362064862022,0.05133221844657513,20,TotalNPK
TUMAKURU,Tumakuru,Maize,66868.0,70078,4.800502482502841,0.8758168785597346,0.12418312144026548,0.04057411114301375,20,TotalNPK
CHIKKAMAGALURU,Chikkamagaluru,Maize,61353.0,70887,15.53958241650775,0.6862704775538471,0.31372952244615293,0.09458512277195616,20,TotalNPK
DAKSHINA KANNADA,Dakshina Kannada,Maize,0.0,0,,0.7768139167052976,0.22318608329470238,,20,TotalNPK
UDUPI,Udupi,Maize,109.0,111,1.834862385321101,0.836690297090559,0.163309702909441,0.015076684267679271,20,TotalNPK
HASSAN,Hassan,Maize,333937.0,353854,5.96429865513555,0.3778925067997333,0.6221074932002667,0.021586910197229064,20,TotalNPK
KODAGU,Kodagu,Maize,17921.0,22034,22.950728195971205,0.7073830562027654,0.2926169437972346,0.13709518613935856,20,TotalNPK
MANDYA,Mandya,Maize,19387.0,21080,8.732655903440449,0.7451274917288429,0.2548725082711571,0.060990631576050953,20,TotalNPK
MYSURU,Mysuru,Maize,137154.0,145272,5.9188940898552,1.0,0.0,0.05665227200289977,20,TotalNPK
CHAMARAJANAGAR,Chamarajanagara,Maize,147886.0,156407,5.761870630079927,0.8069276097090049,0.19307239029099507,0.044543542511424214,20,TotalNPK
BELAGAVI,Belagavi,Maize,576758.0,633204,9.78677365550196,0.0,1.0,0.0,20,TotalNPK
VIJAYAPURA,Vijayapura,Maize,226327.0,238507,5.38159388848878,0.9033909530619694,0.09660904693803062,0.04671122486228661,20,TotalNPK
BAGALKOT,Bagalkote,Maize,251699.0,278515,10.653995446942579,0.9406742835152748,0.05932571648472515,0.09244416005904825,20,TotalNPK
DHARAWAD,Dharwad,Maize,90634.0,98171,8.315863803870512,0.5623697346011661,0.4376302653988339,0.04393494996445576,20,TotalNPK
GADAG,Gadag,Maize,138476.0,145011,4.7192293249371735,0.7515445882034973,0.24845541179650266,0.03424797305012239,20,TotalNPK
HAVERI,Haveri,Maize,413487.0,438889,6.143361218127777,0.49340554187939134,0.5065944581206087,0.028955779427679077,20,TotalNPK
UTTARA KANNADA,Uttara Kannada,Maize,24088.0,25286,4.973430753902358,0.467687970951546,0.532312029048454,0.022420948109439936,20,TotalNPK
BALLARI,Ballari,Maize,104045.0,113868,9.441107213225047,0.7062042535172999,0.29379574648270007,0.06208830781685522,20,TotalNPK
BIDAR,Bidar,Maize,2791.0,3082,10.426370476531709,0.987701669932987,0.01229833006701298,0.09548470247143707,20,TotalNPK
KALABURAGI,Kalaburagi,Maize,14621.0,15451,5.676766295055058,0.8688105965981596,0.13118940340184038,0.04729304961048027,20,TotalNPK
YADGIRI,Yadgir,Maize,2673.0,3103,16.086793864571643,0.8376952107424877,0.16230478925751232,0.11893540080111173,20,TotalNPK
RAICHUR,Raichur,Maize,723.0,794,9.820193637621024,0.6599281211893526,0.3400718788106474,0.060111266241730424,20,TotalNPK
KOPPAL,Koppal,Maize,190252.0,203107,6.75682778630448,0.8597472379025456,0.14025276209745444,0.055233753217446994,20,TotalNPK
VIJAYANAGARA,Vijayanagara,Maize,104045.0,113868,9.441107213225047,0.6147579169337662,0.38524208306623375,0.05404849742737687,20,TotalNPK
BENGALURU,Bengaluru Urban,Groundnut,71.0,61,-14.084507042253522,0.9614500356737082,0.038549964326291764,-0.1954470367368834,-20,TotalNPK
BENGALURU(R),Bengaluru Rural,Groundnut,206.0,193,-6.310679611650485,0.9899619300163628,0.010038069983637264,-0.08773795077200702,-20,TotalNPK
RAMANAGARA,Ramanagara,Groundnut,4830.0,4742,-1.8219461697722568,0.908103046866292,0.09189695313370803,-0.02300560103751454,-20,TotalNPK
CHITRADURGA,Chitradurga,Groundnut,68575.0,66234,-3.4137805322639445,0.7627261237703259,0.23727387622967414,-0.036962206660730364,-20,TotalNPK
DAVANAGERE,Davanagere,Groundnut,16592.0,15980,-3.6885245901639343,0.01420880398819191,0.9857911960118081,-0.0007457992834262178,-20,TotalNPK
KOLAR,Kolar,Groundnut,5810.0,5189,-10.688468158347677,0.8458795897622465,0.1541204102377535,-0.137862086717643,-20,TotalNPK
CHIKKABALLAPURA,Chikkaballapura,Groundnut,7132.0,6660,-6.618059450364553,0.857299217578486,0.14270078242151393,-0.08302405830503921,-20,TotalNPK
SHIVAMOGGA,Shivamogga,Groundnut,248.0,238,-4.032258064516129,0.9876373068947462,0.012362693105253826,-0.05529365311764139,-20,TotalNPK
TUMAKURU,Tumakuru,Groundnut,39626.0,38240,-3.4977035279866753,0.8734750132133416,0.12652498678665833,-0.043411337964172854,-20,TotalNPK
CHIKKAMAGALURU,Chikkamagaluru,Groundnut,3909.0,3466,-11.332821693527755,0.6206882877810675,0.37931171221893245,-0.1073944060957066,-20,TotalNPK
DAKSHINA KANNADA,Dakshina Kannada,Groundnut,0.0,0,,0.7691445798729107,0.2308554201270893,,-20,TotalNPK
UDUPI,Udupi,Groundnut,3623.0,3557,-1.8216947281258624,0.8295009784768528,0.17049902152314717,-0.023246200570775727,-20,TotalNPK
HASSAN,Hassan,Groundnut,521.0,498,-4.414587332053743,0.31037475145516047,0.6896252485448395,-0.01932986175233907,-20,TotalNPK
KODAGU,Kodagu,Groundnut,45.0,37,-17.77777777777778,0.6660146464565276,0.33398535354347236,-0.1800732418734994,-20,TotalNPK
MANDYA,Mandya,Groundnut,1021.0,956,-6.366307541625857,0.7187229144483605,0.28127708555163955,-0.06679875531484757,-20,TotalNPK
MYSURU,Mysuru,Groundnut,2170.0,2076,-4.331797235023042,1.0,0.0,-0.06176049271265527,-20,TotalNPK
CHAMARAJANAGAR,Chamarajanagara,Groundnut,8867.0,8494,-4.206608774106237,0.7895417771213026,0.2104582228786974,-0.047411625477579204,-20,TotalNPK
BELAGAVI,Belagavi,Groundnut,39530.0,36712,-7.128762964836833,0.0,1.0,-0.0,-20,TotalNPK
VIJAYAPURA,Vijayapura,Groundnut,27528.0,26448,-3.9232781168265043,0.8568419871724169,0.1431580128275831,-0.047924782836938254,-20,TotalNPK
BAGALKOT,Bagalkote,Groundnut,25444.0,23469,-7.762144316931301,0.9755535833323687,0.024446416667631237,-0.11200722948626725,-20,TotalNPK
DHARAWAD,Dharwad,Groundnut,21178.0,19895,-6.058173576352819,0.5366054504124798,0.46339454958752024,-0.04733301939515513,-20,TotalNPK
GADAG,Gadag,Groundnut,31332.0,30254,-3.4405719392314564,0.7709090817096594,0.22909091829034056,-0.03763843944520884,-20,TotalNPK
HAVERI,Haveri,Groundnut,18309.0,17489,-4.478671691517833,0.44827962016759637,0.5517203798324036,-0.028773969972927693,-20,TotalNPK
UTTARA KANNADA,Uttara Kannada,Groundnut,3825.0,3686,-3.633986928104575,0.44148804481269466,0.5585119551873053,-0.022774014593064953,-20,TotalNPK
BALLARI,Ballari,Groundnut,22938.5,21360,-6.8814438607581145,0.65847822185814,0.34152177814185997,-0.06645243009125736,-20,TotalNPK
BIDAR,Bidar,Groundnut,261.0,241,-7.662835249042145,0.9899474096232258,0.010052590376774228,-0.1115066968875119,-20,TotalNPK
KALABURAGI,Kalaburagi,Groundnut,3114.0,2985,-4.142581888246628,0.8588922584722256,0.14110774152777433,-0.050838294827368,-20,TotalNPK
YADGIRI,Yadgir,Groundnut,31435.0,27743,-11.744870367424845,0.8231485603824544,0.17685143961754557,-0.14831467704299686,-20,TotalNPK
RAICHUR,Raichur,Groundnut,26958.0,25004,-7.248312189331553,0.644693623924115,0.35530637607588494,-0.06885540552207634,-20,TotalNPK
KOPPAL,Koppal,Groundnut,29982.0,28506,-4.922953772263358,0.8396567452193527,0.1603432547806473,-0.059531787415509255,-20,TotalNPK
VIJAYANAGARA,Vijayanagara,Groundnut,22938.5,21360,-6.8814438607581145,0.5569277028356584,0.4430722971643416,-0.05620413555080985,-20,TotalNPK
BENGALURU,Bengaluru Urban,Maize,2879.0,2366,-17.81868704411254,0.9614500356737082,0.038549964326291764,-0.1954470367368834,-20,TotalNPK
BENGALURU(R),Bengaluru Rural,Maize,42583.0,39033,-8.33666016955123,0.9899619300163628,0.010038069983637264,-0.08773795077200702,-20,TotalNPK
RAMANAGARA,Ramanagara,Maize,10450.0,10190,-2.488038277511962,0.908103046866292,0.09189695313370803,-0.02300560103751454,-20,TotalNPK
CHITRADURGA,Chitradurga,Maize,271975.0,259230,-4.6860924717345345,0.7627261237703259,0.23727387622967414,-0.036962206660730364,-20,TotalNPK
DAVANAGERE,Davanagere,Maize,593544.0,563498,-5.062135241869179,0.01420880398819191,0.9857911960118081,-0.0007457992834262178,-20,TotalNPK
KOLAR,Kolar,Maize,1759.0,1500,-14.724275156338829,0.8458795897622465,0.1541204102377535,-0.137862086717643,-20,TotalNPK
CHIKKABALLAPURA,Chikkaballapura,Maize,105491.0,95909,-9.08323932847352,0.857299217578486,0.14270078242151393,-0.08302405830503921,-20,TotalNPK
SHIVAMOGGA,Shivamogga,Maize,226532.0,214341,-5.381579644376953,0.9876373068947462,0.012362693105253826,-0.05529365311764139,-20,TotalNPK
TUMAKURU,Tumakuru,Maize,66868.0,63657,-4.801997966142251,0.8734750132133416,0.12652498678665833,-0.043411337964172854,-20,TotalNPK
CHIKKAMAGALURU,Chikkamagaluru,Maize,61353.0,51818,-15.541212328655485,0.6206882877810675,0.37931171221893245,-0.1073944060957066,-20,TotalNPK
DAKSHINA KANNADA,Dakshina Kannada,Maize,0.0,0,,0.7691445798729107,0.2308554201270893,,-20,TotalNPK
UDUPI,Udupi,Maize,109.0,106,-2.7522935779816518,0.8295009784768528,0.17049902152314717,-0.023246200570775727,-20,TotalNPK
HASSAN,Hassan,Maize,333937.0,314019,-5.964598112817687,0.31037475145516047,0.6896252485448395,-0.01932986175233907,-20,TotalNPK
KODAGU,Kodagu,Maize,17921.0,13807,-22.956308241727584,0.6660146464565276,0.33398535354347236,-0.1800732418734994,-20,TotalNPK
MANDYA,Mandya,Maize,19387.0,17693,-8.737813999071543,0.7187229144483605,0.28127708555163955,-0.06679875531484757,-20,TotalNPK
MYSURU,Mysuru,Maize,137154.0,129035,-5.919623197281887,1.0,0.0,-0.06176049271265527,-20,TotalNPK
CHAMARAJANAGAR,Chamarajanagara,Maize,147886.0,139364,-5.762546826609686,0.7895417771213026,0.2104582228786974,-0.047411625477579204,-20,TotalNPK
BELAGAVI,Belagavi,Maize,576758.0,520311,-9.786947038445934,0.0,1.0,-0.0,-20,TotalNPK
VIJAYAPURA,Vijayapura,Maize,226327.0,214146,-5.382035727067473,0.8568419871724169,0.1431580128275831,-0.047924782836938254,-20,TotalNPK
BAGALKOT,Bagalkote,Maize,251699.0,224882,-10.654392746892121,0.9755535833323687,0.024446416667631237,-0.11200722948626725,-20,TotalNPK
DHARAWAD,Dharwad,Maize,90634.0,83096,-8.316967142573427,0.5366054504124798,0.46339454958752024,-0.04733301939515513,-20,TotalNPK
GADAG,Gadag,Maize,138476.0,131940,-4.7199514717351745,0.7709090817096594,0.22909091829034056,-0.03763843944520884,-20,TotalNPK
HAVERI,Haveri,Maize,413487.0,388084,-6.143603063699706,0.44827962016759637,0.5517203798324036,-0.028773969972927693,-20,TotalNPK
UTTARA KANNADA,Uttara Kannada,Maize,24088.0,22889,-4.9775821986051145,0.44148804481269466,0.5585119551873053,-0.022774014593064953,-20,TotalNPK
BALLARI,Ballari,Maize,104045.0,94221,-9.442068335816234,0.65847822185814,0.34152177814185997,-0.06645243009125736,-20,TotalNPK
BIDAR,Bidar,Maize,2791.0,2499,-10.462199928341096,0.9899474096232258,0.010052590376774228,-0.1115066968875119,-20,TotalNPK
KALABURAGI,Kalaburagi,Maize,14621.0,13790,-5.6836057725189795,0.8588922584722256,0.14110774152777433,-0.050838294827368,-20,TotalNPK
YADGIRI,Yadgir,Maize,2673.0,2242,-16.1242050130939,0.8231485603824544,0.17685143961754557,-0.14831467704299686,-20,TotalNPK
RAICHUR,Raichur,Maize,723.0,651,-9.95850622406639,0.644693623924115,0.35530637607588494,-0.06885540552207634,-20,TotalNPK
KOPPAL,Koppal,Maize,190252.0,177396,-6.757353404957635,0.8396567452193527,0.1603432547806473,-0.059531787415509255,-20,TotalNPK
VIJAYANAGARA,Vijayanagara,Maize,104045.0,94221,-9.442068335816234,0.5569277028356584,0.4430722971643416,-0.05620413555080985,-20,TotalNPK
